CuisineType,RestaurantID,RestaurantName,Segment,Subregion,GrowthFactor,AOV,MonthlyOrders,InStoreOrders,InStoreRevenue,UberEatsOrders,DoorDashOrders,SelfDeliveryOrders,UberEatsRevenue,DoorDashRevenue,SelfDeliveryRevenue,COGSRate,OPEXRate,CommissionRate,DeliveryRadiusKM,DeliveryCostPerOrder,SD_DeliveryTotalCost,InStoreNetProfit,UberEatsNetProfit,DoorDashNetProfit,SelfDeliveryNetProfit,InStoreShare,UE_share,DD_share,SD_share,TotalNetProfit,NetProfitPerOrder,InStoreRevShare,UERevShare,DDRevShare,SDRevShare,COGS_Rev_Ratio,OPEX_Rev_Ratio,TotalCostRate,Commission_UE,Commission_DD,DeliveryCost_SD,GrowthAdjOrders,GrowthAdjRevenue,InStorePPO,UE_PPO,DD_PPO,SD_PPO,CuisineType_enc,Segment_enc,Subregion_enc
Burgers,25731,Urban Burgers House,Cafe,North Shore,1.03,43.97,668,197,8662.09,212,118,141,9321.64,5188.46,6199.77,0.2087414306961,0.366171811125241,0.28,11,3.25,458.25,3682.14,1352.45,752.78,2177.19,0.42,0.45,0.25,0.3,7964.5599999999995,11.922994011976048,0.2949101796407186,0.31736526946107785,0.17664670658682635,0.21107784431137727,0.2087414306961,0.366171811125241,0.574913241821341,0.12600000000000003,0.07,0.975,688.04,30253.1188,18.596666666666668,6.349530516431925,6.325882352941176,15.332323943661972,0,0,1
Burgers,25123,Urban Burgers Diner,QSR,South Auckland,1.05,40.45,1388,259,10476.55,508,282,339,20548.6,11406.9,13712.55,0.248216602616012,0.407612904394045,0.28,16,4.72,1600.08,3605.72,1318.61,731.99,3119.38,0.23,0.45,0.25,0.3,8775.7,6.322550432276658,0.18659942363112395,0.36599423631123923,0.20317002881844384,0.24423631123919312,0.248216602616012,0.407612904394045,0.655829507010057,0.12600000000000003,0.07,1.416,1457.4,58951.829999999994,13.868153846153845,2.5905893909626716,2.5865371024734984,9.17464705882353,0,3,2
Burgers,25177,King Burgers Eatery,Cafe,West Auckland,1.04,40.03,1717,524,20975.72,537,298,358,21496.11,11928.94,14330.74,0.219687956366688,0.407931713876314,0.3,11,3.25,1163.5,7810.95,1555.9,863.42,4172.99,0.44,0.45,0.25,0.3,14403.26,8.38861968549796,0.3051834595224228,0.3127548048922539,0.1735585323238206,0.2085032032615026,0.219687956366688,0.407931713876314,0.627619670243002,0.135,0.075,0.975,1785.68,71480.77040000001,14.878,2.892007434944238,2.8876923076923076,11.623927576601671,0,0,3
Burgers,25540,Classic Burgers Tavern,QSR,North Shore,1.03,36.28,1083,216,7836.48,390,217,260,14149.2,7872.76,9432.8,0.237290996648371,0.437815106310882,0.33,3,0.89,231.4,2546.02,-72.25,-40.2,2833.26,0.25,0.45,0.25,0.3,5266.83,4.863185595567867,0.19944598337950134,0.36011080332409967,0.20036934441366572,0.2400738688827331,0.237290996648371,0.437815106310882,0.675106102959253,0.14850000000000002,0.0825,0.267,1115.49,40469.97720000001,11.732811059907833,-0.18478260869565216,-0.18440366972477065,10.855402298850576,0,3,1
Burgers,25258,Lucky Burgers Bistro,Cafe,South Auckland,1.05,34.34,1230,261,8962.74,436,242,291,14972.24,8310.28,9992.94,0.221437567938119,0.433456663764082,0.33,9,2.66,774.06,3093.09,226.17,125.53,2674.56,0.27,0.45,0.25,0.3,6119.35,4.975081300813009,0.21219512195121948,0.3544715447154471,0.1967479674796748,0.23658536585365852,0.221437567938119,0.433456663764082,0.654894231702201,0.14850000000000002,0.0825,0.798,1291.5,44350.11000000001,11.805687022900765,0.5175514874141877,0.5165843621399177,9.15945205479452,0,0,2
Burgers,26138,King Burgers Kitchen,QSR,North Shore,1.03,36.88,827,160,5900.8,300,167,200,11064.0,6158.96,7376.0,0.265131494924426,0.395680021704175,0.29,13,3.84,768.0,2001.48,544.22,302.95,1733.85,0.24,0.45,0.25,0.3,4582.5,5.541112454655381,0.1934703748488513,0.36275695284159615,0.20193470374848851,0.2418379685610641,0.265131494924426,0.395680021704175,0.660811516628601,0.1305,0.0725,1.152,851.8100000000001,31414.7528,12.431552795031056,1.8080398671096347,1.8032738095238094,8.626119402985074,0,3,1
Burgers,25396,Urban Burgers Eatery,QSR,South Auckland,1.05,46.32,881,176,8152.32,317,176,212,14683.44,8152.32,9819.84,0.224100138861686,0.372992298309691,0.28,7,2.07,438.84,3284.63,1804.71,1001.98,3517.65,0.25,0.45,0.25,0.3,9608.97,10.906889897843358,0.19977298524404086,0.3598183881952327,0.19977298524404086,0.2406356413166856,0.224100138861686,0.372992298309691,0.597092437171377,0.12600000000000003,0.07,0.6209999999999999,925.0500000000001,42848.316,18.55723163841808,5.6751886792452835,5.66090395480226,16.514788732394365,0,3,2
Burgers,25087,Urban Burgers Tavern,Ghost Kitchen,CBD,0.99,34.74,800,72,2501.28,328,182,218,11394.72,6322.68,7573.32,0.285647804650944,0.293128232413437,0.31,18,5.31,1157.58,1053.6,1267.37,703.23,2032.48,0.1,0.45,0.25,0.3,5056.68,6.32085,0.09000000000000001,0.41,0.2275,0.27249999999999996,0.285647804650944,0.293128232413437,0.5787760370643811,0.1395,0.0775,1.5929999999999997,792.0,27514.079999999998,14.432876712328765,3.852188449848024,3.8427868852459017,9.280730593607306,0,2,0
Burgers,25125,Classic Burgers Tavern,Cafe,CBD,0.99,32.79,612,152,4984.08,207,115,138,6787.53,3770.85,4525.02,0.279599561002105,0.3755833853269,0.3,8,2.36,325.68,1718.6,304.2,169.0,1234.62,0.33,0.45,0.25,0.3,3426.42,5.598725490196078,0.24836601307189538,0.33823529411764697,0.18790849673202611,0.22549019607843135,0.279599561002105,0.3755833853269,0.655182946329005,0.135,0.075,0.708,605.88,19866.805200000003,11.23267973856209,1.4625,1.456896551724138,8.882158273381295,0,0,0
Burgers,25762,Lucky Burgers Cafe,QSR,South Auckland,1.05,36.07,572,128,4616.96,200,111,133,7214.0,4003.77,4797.31,0.22032218426466,0.43025645299349,0.27,11,3.25,432.25,1613.26,572.95,317.98,1244.03,0.29,0.45,0.25,0.3,3748.2200000000003,6.552832167832168,0.22377622377622378,0.34965034965034963,0.19405594405594404,0.23251748251748253,0.22032218426466,0.43025645299349,0.65057863725815,0.12150000000000001,0.0675,0.975,600.6,21663.642000000003,12.505891472868218,2.850497512437811,2.839107142857143,9.283805970149254,0,3,2
Burgers,25009,Lucky Burgers Eatery,Cafe,South Auckland,1.05,45.34,1036,274,12423.16,343,190,229,15551.62,8614.6,10382.86,0.267623493429273,0.392365170945413,0.31,13,3.84,879.36,4224.02,466.72,258.54,2650.93,0.36,0.45,0.25,0.3,7600.210000000001,7.336110038610039,0.2644787644787645,0.3310810810810811,0.18339768339768342,0.22104247104247107,0.267623493429273,0.392365170945413,0.659988664374686,0.1395,0.0775,1.152,1087.8,49320.852,15.360072727272728,1.3567441860465117,1.3536125654450264,11.525782608695652,0,0,2
Burgers,25107,King Burgers Eatery,Ghost Kitchen,CBD,0.99,42.53,953,62,2636.86,401,223,267,17054.53,9484.19,11355.51,0.260719021281693,0.292267443262972,0.29,10,2.95,787.65,1178.71,2677.79,1489.15,4288.42,0.07,0.45,0.25,0.3,9634.07,10.109202518363064,0.06505771248688352,0.4207764952780692,0.2339979013641133,0.28016789087093386,0.260719021281693,0.292267443262972,0.5529864645446649,0.1305,0.0725,0.885,943.47,40125.77910000001,18.70968253968254,6.661169154228856,6.647991071428572,16.001567164179104,0,2,0
Burgers,25352,King Burgers Bistro,Ghost Kitchen,North Shore,1.03,31.83,1354,100,3183.0,564,314,376,17952.12,9994.62,11968.08,0.259987647132948,0.224010411184281,0.33,15,4.43,1665.68,1642.43,3339.13,1859.02,4509.87,0.08,0.45,0.25,0.3,11350.45,8.382902511078287,0.07385524372230429,0.41654357459379615,0.23190546528803546,0.2776957163958641,0.259987647132948,0.224010411184281,0.483998058317229,0.14850000000000002,0.0825,1.329,1394.6200000000001,44390.7546,16.261683168316832,5.909964601769912,5.901650793650794,11.962519893899204,0,2,1
Burgers,25255,Urban Burgers Diner,Cafe,North Shore,1.03,37.65,1511,302,11370.3,544,302,363,20481.6,11370.3,13666.95,0.210879622809589,0.369592107273638,0.28,16,4.72,1713.36,4770.16,2857.76,1586.48,4020.31,0.25,0.45,0.25,0.3,13234.71,8.75890800794176,0.199867637326274,0.36002647253474523,0.199867637326274,0.24023825281270686,0.210879622809589,0.369592107273638,0.5804717300832269,0.12600000000000003,0.07,1.416,1556.33,58595.824499999995,15.743102310231023,5.2435963302752295,5.2359075907590755,11.044807692307693,0,0,1
Burgers,26270,Top Burgers Diner,Ghost Kitchen,CBD,0.99,42.95,1382,53,2276.35,598,332,399,25684.1,14259.4,17137.05,0.259372560633346,0.309947346220724,0.29,18,5.31,2118.69,980.38,3613.24,2006.01,5261.9,0.04,0.45,0.25,0.3,11861.529999999999,8.582872648335744,0.03835021707670044,0.43270622286541244,0.2402315484804631,0.28871201157742404,0.259372560633346,0.309947346220724,0.56931990685407,0.1305,0.0725,1.5929999999999997,1368.18,58763.33099999999,18.155185185185186,6.03212020033389,6.024054054054054,13.15475,0,2,0
Burgers,25612,Classic Burgers Bistro,QSR,South Auckland,1.05,45.49,998,193,8779.57,362,201,242,16467.38,9143.49,11008.58,0.253722506202757,0.430719664134085,0.28,4,1.18,285.56,2770.46,585.54,325.12,3188.28,0.24,0.45,0.25,0.3,6869.4,6.88316633266533,0.19338677354709416,0.3627254509018036,0.20140280561122242,0.24248496993987972,0.253722506202757,0.430719664134085,0.684442170336842,0.12600000000000003,0.07,0.354,1047.9,47668.971000000005,14.280721649484537,1.6130578512396694,1.6095049504950496,13.120493827160495,0,3,2
Burgers,25436,Classic Burgers Tavern,Full-service,North Shore,1.03,42.97,718,242,10398.74,214,119,143,9195.58,5113.43,6144.71,0.368939419602975,0.501108688791282,0.32,8,2.36,337.48,1351.34,-1747.6,-971.8,461.04,0.51,0.45,0.25,0.3,-907.02,-1.2632590529247911,0.3370473537604457,0.298050139275766,0.1657381615598886,0.19916434540389974,0.368939419602975,0.501108688791282,0.8700481083942571,0.14400000000000002,0.08,0.708,739.54,31778.0338,5.561069958847736,-8.128372093023255,-8.098333333333333,3.2016666666666667,0,1,1
Burgers,25260,Classic Burgers Cafe,Full-service,West Auckland,1.04,32.34,2051,646,20891.64,632,351,422,20438.88,11351.34,13647.48,0.373705843370408,0.465107345278375,0.28,13,3.84,1620.48,3367.46,-2428.41,-1348.69,579.31,0.46,0.45,0.25,0.3,169.67000000000007,0.08272549975621651,0.3149683081423696,0.3081423695758167,0.1711360312042906,0.20575329107752316,0.373705843370408,0.465107345278375,0.8388131886487831,0.12600000000000003,0.07,1.152,2133.04,68982.5136,5.204729520865533,-3.8363507109004735,-3.831505681818182,1.369527186761229,0,1,3
Burgers,25452,Lucky Burgers Kitchen,Cafe,CBD,0.99,30.92,1308,324,10018.08,443,246,295,13697.56,7606.32,9121.4,0.23099601617083,0.373214836767875,0.31,11,3.25,958.75,3965.05,1175.1,652.54,2651.4,0.33,0.45,0.25,0.3,8444.09,6.45572629969419,0.2477064220183486,0.33868501529051986,0.18807339449541283,0.22553516819571864,0.23099601617083,0.373214836767875,0.6042108529387049,0.1395,0.0775,0.975,1294.92,40038.9264,12.200153846153846,2.6466216216216214,2.6418623481781376,8.957432432432432,0,0,0
Burgers,25319,King Burgers Diner,Cafe,West Auckland,1.04,45.6,799,184,8390.4,277,154,184,12631.2,7022.4,8390.4,0.279372675232589,0.399700684985146,0.29,15,4.43,815.12,2692.7,390.64,217.18,1877.58,0.3,0.45,0.25,0.3,5178.099999999999,6.48072590738423,0.23028785982478095,0.34668335419274093,0.1927409261576971,0.23028785982478095,0.279372675232589,0.399700684985146,0.679073360217735,0.1305,0.0725,1.329,830.96,37891.776000000005,14.555135135135135,1.4051798561151079,1.4011612903225807,10.14908108108108,0,0,3
Burgers,25132,Lucky Burgers Tavern,Ghost Kitchen,CBD,0.99,36.56,897,42,1535.52,385,214,256,14075.6,7823.84,9359.36,0.294071698107291,0.265251147735398,0.3,18,5.31,1359.36,676.67,1980.12,1100.64,2765.1,0.05,0.45,0.25,0.3,6522.530000000001,7.271493868450391,0.046822742474916385,0.42920847268673357,0.23857302118171683,0.2853957636566332,0.294071698107291,0.265251147735398,0.559322845842689,0.135,0.075,1.5929999999999997,888.03,32466.3768,15.736511627906976,5.129844559585492,5.1192558139534885,10.759143968871594,0,2,0
Burgers,26489,Classic Burgers Cafe,Cafe,West Auckland,1.04,36.49,1640,468,17077.32,527,293,352,19230.23,10691.57,12844.48,0.226056149750948,0.371622992213815,0.3,16,4.72,1661.44,6870.56,1967.65,1093.97,3506.16,0.4,0.45,0.25,0.3,13438.34,8.19410975609756,0.28536585365853656,0.3213414634146341,0.17865853658536582,0.21463414634146338,0.226056149750948,0.371622992213815,0.597679141964763,0.135,0.075,1.416,1705.6000000000001,62237.344000000005,14.649381663113008,3.7266098484848484,3.720986394557823,9.932464589235128,0,0,3
Burgers,25040,Lucky Burgers Grill,QSR,North Shore,1.03,41.72,1452,299,12474.28,519,288,346,21652.68,12015.36,14435.12,0.24809970267117,0.389124022936448,0.32,18,5.31,1837.26,4525.37,926.22,513.97,3399.46,0.26,0.45,0.25,0.3,9365.02,6.44973829201102,0.2059228650137741,0.3574380165289256,0.19834710743801653,0.23829201101928374,0.24809970267117,0.389124022936448,0.637223725607618,0.14400000000000002,0.08,1.5929999999999997,1495.56,62394.7632,15.084566666666666,1.7811923076923077,1.7784429065743945,9.79671469740634,0,3,1
Burgers,25502,Top Burgers Grill,Cafe,West Auckland,1.04,34.21,899,207,7081.47,311,173,208,10639.31,5918.33,7115.68,0.247309528961778,0.350396152329631,0.31,3,0.89,185.12,2848.84,981.95,546.23,2677.48,0.3,0.45,0.25,0.3,7054.5,7.847052280311457,0.23025583982202447,0.3459399332591768,0.19243604004449388,0.2313681868743048,0.247309528961778,0.350396152329631,0.597705681291409,0.1395,0.0775,0.267,934.96,31984.981600000003,13.696346153846154,3.147275641025641,3.1392528735632186,12.81090909090909,0,0,3
Burgers,25889,Top Burgers Bistro,QSR,North Shore,1.03,40.18,1334,231,9281.58,496,276,331,19929.28,11089.68,13299.58,0.238772939294577,0.433020327752456,0.31,17,5.02,1661.62,3046.28,362.85,201.91,2703.39,0.21,0.45,0.25,0.3,6314.43,4.733455772113944,0.17316341829085458,0.3718140929535232,0.20689655172413793,0.24812593703148425,0.238772939294577,0.433020327752456,0.671793267047033,0.1395,0.0775,1.5059999999999998,1374.02,55208.123600000006,13.13051724137931,0.7300804828973844,0.7289169675090252,8.142740963855422,0,3,1
Burgers,25283,Urban Burgers Grill,Cafe,South Auckland,1.05,42.16,571,151,6366.16,189,105,126,7968.24,4426.8,5312.16,0.27608444660902,0.441550263715908,0.29,4,1.18,148.68,1797.58,-60.84,-33.8,1351.29,0.36,0.45,0.25,0.3,3054.23,5.348914185639229,0.2644483362521891,0.3309982486865149,0.18388791593695272,0.22066549912434325,0.27608444660902,0.441550263715908,0.717634710324928,0.1305,0.0725,0.354,599.5500000000001,25277.028000000002,11.826184210526316,-0.3202105263157895,-0.31886792452830187,10.64007874015748,0,0,2
Burgers,25366,Classic Burgers Tavern,Full-service,West Auckland,1.04,45.99,701,214,9841.86,219,122,146,10071.81,5610.78,6714.54,0.392565074376762,0.450436520925723,0.27,4,1.18,172.28,1545.16,-1138.13,-634.03,881.89,0.44,0.45,0.25,0.3,654.89,0.9342225392296719,0.3052781740370899,0.3124108416547789,0.17403708987161198,0.20827389443651928,0.392565074376762,0.450436520925723,0.843001595302485,0.12150000000000001,0.0675,0.354,729.0400000000001,33528.5496,7.186790697674419,-5.173318181818182,-5.154715447154471,5.999251700680272,0,1,3
Burgers,25247,Lucky Burgers Kitchen,Cafe,South Auckland,1.05,34.73,1151,304,10557.92,381,212,254,13232.13,7362.76,8821.42,0.20139017611742,0.416730785742402,0.31,5,1.48,375.92,4031.85,951.11,529.23,2992.8,0.36,0.45,0.25,0.3,8504.990000000002,7.389218071242399,0.264118158123371,0.3310165073848827,0.18418766290182453,0.22067767158992183,0.20139017611742,0.416730785742402,0.618120961859822,0.1395,0.0775,0.444,1208.55,41972.9415,13.219180327868852,2.4898167539267018,2.484647887323944,11.736470588235294,0,0,2
Burgers,25004,King Burgers Cafe,Ghost Kitchen,South Auckland,1.05,34.64,1629,106,3671.84,685,381,457,23728.4,13197.84,15830.48,0.259387835033704,0.336022477445658,0.32,18,5.31,2426.67,1485.59,2007.18,1116.4,3978.18,0.07,0.45,0.25,0.3,8587.35,5.271546961325967,0.06507059545733579,0.4205033763044813,0.23388581952117865,0.2805402087170043,0.259387835033704,0.336022477445658,0.5954103124793619,0.14400000000000002,0.08,1.5929999999999997,1710.45,59249.988,13.884018691588784,2.925918367346939,2.922513089005236,8.685982532751092,0,2,2
Burgers,25853,Classic Burgers Tavern,Ghost Kitchen,CBD,0.99,31.34,1519,72,2256.48,651,362,434,20402.34,11345.08,13601.56,0.272829318465665,0.319570669706445,0.32,5,1.48,642.32,919.74,1787.25,993.83,4901.68,0.05,0.45,0.25,0.3,8602.5,5.663265306122449,0.04739960500329164,0.4285714285714286,0.23831468071099407,0.2857142857142857,0.272829318465665,0.319570669706445,0.59239998817211,0.14400000000000002,0.08,0.444,1503.81,47129.405399999996,12.59917808219178,2.741180981595092,2.737823691460055,11.268229885057472,0,2,0
Burgers,25005,Classic Burgers Bistro,Ghost Kitchen,South Auckland,1.05,39.35,1305,85,3344.75,549,305,366,21603.15,12001.75,14402.1,0.285651653038803,0.280214194732253,0.3,9,2.66,973.56,1452.07,2897.72,1609.84,5278.88,0.07,0.45,0.25,0.3,11238.51,8.611885057471264,0.06513409961685823,0.4206896551724138,0.23371647509578544,0.28045977011494255,0.285651653038803,0.280214194732253,0.5658658477710561,0.135,0.075,0.798,1370.25,53919.3375,16.884534883720928,5.268581818181818,5.260915032679739,14.383869209809264,0,2,2
Burgers,25077,Lucky Burgers House,Cafe,CBD,0.99,39.76,1641,378,15029.28,568,316,379,22583.68,12564.16,15069.04,0.211968362163752,0.366120141441934,0.31,14,4.13,1565.27,6341.03,2527.37,1406.07,4792.53,0.3,0.45,0.25,0.3,15067.0,9.181596587446679,0.2303473491773309,0.34613040828762953,0.19256550883607557,0.23095673369896408,0.211968362163752,0.366120141441934,0.578088503605686,0.1395,0.0775,1.2389999999999999,1624.59,64593.698399999994,16.73094986807388,4.4417750439367305,4.435552050473186,12.611921052631578,0,0,0
Burgers,25856,Top Burgers Cafe,Cafe,West Auckland,1.04,34.59,1501,328,11345.52,528,293,352,18263.52,10134.87,12175.68,0.212431895472109,0.353694221447222,0.3,8,2.36,830.72,4922.52,2445.01,1356.79,4451.99,0.28,0.45,0.25,0.3,13176.31,8.778354430379746,0.2185209860093271,0.3517654896735509,0.19520319786808793,0.23451032644903397,0.212431895472109,0.353694221447222,0.566126116919331,0.135,0.075,0.708,1561.04,53996.373600000006,14.962066869300914,4.62194706994329,4.614931972789115,12.61186968838527,0,0,3
Burgers,25886,Urban Burgers Bistro,Ghost Kitchen,South Auckland,1.05,35.87,1180,77,2761.99,496,276,331,17791.52,9900.12,11872.97,0.254884610173758,0.256033067405224,0.32,17,5.02,1661.62,1350.84,3008.23,1673.94,4145.24,0.07,0.45,0.25,0.3,10178.25,8.62563559322034,0.06525423728813558,0.42033898305084744,0.23389830508474574,0.28050847457627115,0.254884610173758,0.256033067405224,0.5109176775789821,0.14400000000000002,0.08,1.5059999999999998,1239.0,44442.93000000001,17.318461538461538,6.0527766599597586,6.043104693140794,12.485662650602409,0,2,2
Burgers,25133,Top Burgers Corner,Full-service,South Auckland,1.05,44.46,2051,636,28276.56,637,354,424,28321.02,15738.84,18851.04,0.386117483489215,0.498271016147919,0.27,12,3.54,1500.96,3269.1,-4372.44,-2429.9,678.44,0.45,0.45,0.25,0.3,-2854.7999999999997,-1.39190638712823,0.31009263773768897,0.310580204778157,0.1725987323256948,0.20672842515845932,0.386117483489215,0.498271016147919,0.8843884996371341,0.12150000000000001,0.0675,1.062,2153.55,95746.833,5.132025117739404,-6.853354231974921,-6.844788732394367,1.596329411764706,0,1,2
Burgers,25377,Lucky Burgers Bistro,Full-service,South Auckland,1.05,39.78,1449,442,17582.76,453,252,302,18020.34,10024.56,12013.56,0.380261697387323,0.519352306029759,0.28,4,1.18,356.36,1765.06,-3236.71,-1800.55,849.63,0.44,0.45,0.25,0.3,-2422.5699999999997,-1.6718909592822635,0.30503795721187027,0.31262939958592134,0.1739130434782609,0.20841959972394755,0.380261697387323,0.519352306029759,0.8996140034170821,0.12600000000000003,0.07,0.354,1521.45,60523.280999999995,3.984334085778781,-7.129317180616741,-7.116798418972332,2.804059405940594,0,1,2
Burgers,25245,Lucky Burgers Cafe,QSR,North Shore,1.03,43.22,1634,294,12706.68,603,335,402,26061.66,14478.7,17374.44,0.241746065188199,0.40828570977319,0.32,3,0.89,357.78,4446.93,781.02,433.9,5722.72,0.22,0.45,0.25,0.3,11384.57,6.967301101591187,0.17992656058751533,0.3690330477356181,0.2050183598531212,0.2460220318237454,0.241746065188199,0.40828570977319,0.650031774961389,0.14400000000000002,0.08,0.267,1683.02,72740.1244,15.074338983050849,1.2930794701986754,1.2913690476190476,14.20029776674938,0,3,1
Burgers,25861,Classic Burgers Diner,Cafe,West Auckland,1.04,38.26,1934,490,18747.4,650,361,433,24869.0,13811.86,16566.58,0.236518038548529,0.38063013474457,0.28,13,3.84,1662.72,7177.48,2557.82,1420.58,4679.83,0.34,0.45,0.25,0.3,15835.71,8.18806101344364,0.2533609100310238,0.3360910031023785,0.18665977249224408,0.2238883143743537,0.236518038548529,0.38063013474457,0.617148173293099,0.12600000000000003,0.07,1.152,2011.3600000000001,76954.6336,14.618085539714867,3.9290629800307224,3.9242541436464085,10.783018433179723,0,0,3
Burgers,25257,King Burgers Bistro,QSR,South Auckland,1.05,44.28,1873,350,15498.0,685,381,457,30331.8,16870.68,20235.96,0.216959698665887,0.412135697645135,0.3,9,2.66,1215.62,5748.28,2150.66,1196.21,6289.99,0.23,0.45,0.25,0.3,15385.14,8.214169781099839,0.18686599038974905,0.36572343833422316,0.203416978109984,0.24399359316604377,0.216959698665887,0.412135697645135,0.629095396311022,0.135,0.075,0.798,1966.65,87083.262,16.376866096866095,3.135072886297376,3.131439790575916,13.733602620087336,0,3,2
Burgers,25378,King Burgers Cafe,QSR,North Shore,1.03,37.56,1595,298,11192.88,584,324,389,21935.04,12169.44,14610.84,0.232022813316435,0.378713312605396,0.32,10,2.95,1147.55,4356.98,1519.31,842.9,4539.92,0.23,0.45,0.25,0.3,11259.109999999999,7.059003134796238,0.18683385579937303,0.3661442006269593,0.20313479623824454,0.24388714733542322,0.232022813316435,0.378713312605396,0.610736125921831,0.14400000000000002,0.08,0.885,1642.8500000000001,61705.445999999996,14.571839464882942,2.597111111111111,2.5935384615384613,11.640820512820513,0,3,1
Burgers,26108,King Burgers House,Ghost Kitchen,North Shore,1.03,44.4,668,60,2664.0,274,152,182,12165.6,6748.8,8080.8,0.253680308535695,0.260938313254155,0.33,11,3.25,591.5,1293.06,1890.31,1048.64,3330.77,0.1,0.45,0.25,0.3,7562.780000000001,11.321526946107785,0.08982035928143713,0.4101796407185629,0.2275449101796407,0.27245508982035926,0.253680308535695,0.260938313254155,0.5146186217898501,0.14850000000000002,0.0825,0.975,688.04,30548.976000000002,21.197704918032787,6.873854545454545,6.853856209150328,18.200928961748634,0,2,1
Burgers,25501,Classic Burgers Eatery,Cafe,South Auckland,1.05,39.67,1315,395,15669.65,414,230,276,16423.38,9124.1,10948.92,0.254867386501282,0.375745487166569,0.3,7,2.07,571.32,5788.17,1139.57,633.1,3473.07,0.43,0.45,0.25,0.3,11033.91,8.39080608365019,0.30038022813688214,0.3148288973384031,0.1749049429657795,0.20988593155893537,0.254867386501282,0.375745487166569,0.630612873667851,0.135,0.075,0.6209999999999999,1380.75,54774.3525,14.61659090909091,2.7459518072289155,2.740692640692641,12.538158844765343,0,0,2
Burgers,26230,Top Burgers Kitchen,Cafe,CBD,0.99,42.19,1387,374,15779.06,456,253,304,19238.64,10674.07,12825.76,0.207379126213491,0.384480268880725,0.3,15,4.43,1346.72,6440.08,2080.48,1154.3,3887.99,0.37,0.45,0.25,0.3,13562.849999999999,9.778550829127612,0.26964671953857244,0.3287671232876712,0.18240807498197548,0.21917808219178084,0.207379126213491,0.384480268880725,0.591859395094216,0.135,0.075,1.329,1373.1299999999999,57932.354699999996,17.173546666666667,4.552472647702407,4.544488188976378,12.747508196721311,0,0,0
Burgers,26313,Classic Burgers Diner,Full-service,South Auckland,1.05,36.32,604,166,6029.12,197,110,131,7155.04,3995.2,4757.92,0.393435937189497,0.505011981772259,0.3,12,3.54,463.74,612.27,-1419.9,-792.84,19.44,0.38,0.45,0.25,0.3,-1581.0300000000002,-2.6175993377483446,0.27483443708609273,0.326158940397351,0.18211920529801326,0.21688741721854307,0.393435937189497,0.505011981772259,0.898447918961756,0.135,0.075,1.062,634.2,23034.144,3.6662874251497004,-7.171212121212122,-7.142702702702703,0.14727272727272728,0,1,2
Burgers,25775,Lucky Burgers Tavern,QSR,South Auckland,1.05,36.5,1366,273,9964.5,492,273,328,17958.0,9964.5,11972.0,0.202122342158109,0.395233107497916,0.29,3,0.89,291.92,4012.15,2022.87,1122.45,4528.54,0.25,0.45,0.25,0.3,11686.01,8.5549121522694,0.19985358711566617,0.3601756954612006,0.19985358711566617,0.24011713030746706,0.202122342158109,0.395233107497916,0.597355449656025,0.1305,0.0725,0.267,1434.3,52351.950000000004,14.642883211678832,4.103184584178499,4.096532846715329,13.764559270516717,0,3,2
Burgers,26274,Urban Burgers Bistro,Cafe,West Auckland,1.04,43.42,1527,352,15283.84,529,294,352,22969.18,12765.48,15283.84,0.220944037288427,0.393518741847947,0.31,7,2.07,728.64,5892.49,1735.03,964.27,5163.85,0.3,0.45,0.25,0.3,13755.64,9.008277668631303,0.23051735428945647,0.34643091028159795,0.1925343811394892,0.23051735428945647,0.220944037288427,0.393518741847947,0.6144627791363739,0.1395,0.0775,0.6209999999999999,1588.0800000000002,68954.4336,16.69260623229462,3.273641509433962,3.2687118644067796,14.628470254957508,0,0,3
Burgers,26100,Urban Burgers House,QSR,South Auckland,1.05,42.81,1119,216,9246.96,406,226,271,17380.86,9675.06,11601.51,0.232086842898279,0.351238823961467,0.32,6,1.77,479.67,3852.97,1680.28,935.33,4354.38,0.24,0.45,0.25,0.3,10822.96,9.671992850759606,0.19302949061662197,0.36282394995531725,0.20196604110813227,0.2421805183199285,0.232086842898279,0.351238823961467,0.583325666859746,0.14400000000000002,0.08,0.531,1174.95,50299.6095,17.755622119815666,4.1284520884520886,4.120396475770925,16.00875,0,3,2
Burgers,25779,Classic Burgers Grill,Full-service,CBD,0.99,34.31,1833,642,22027.02,536,298,357,18390.16,10224.38,12248.67,0.366821483511012,0.451014979300089,0.28,5,1.48,528.36,4012.52,-1799.23,-1000.32,1702.9,0.54,0.45,0.25,0.3,2915.87,1.5907637752318602,0.3502454991816694,0.2924168030551009,0.1625750136388434,0.19476268412438627,0.366821483511012,0.451014979300089,0.817836462811101,0.12600000000000003,0.07,0.444,1814.67,62261.327699999994,6.240311041990669,-3.3505214152700185,-3.3455518394648833,4.756703910614525,0,1,0
Burgers,26101,King Burgers Tavern,Full-service,CBD,0.99,32.18,597,164,5277.52,195,108,130,6275.1,3475.44,4183.4,0.378334257286042,0.516466749412939,0.33,18,5.31,690.3,555.19,-1410.65,-781.28,-250.21,0.38,0.45,0.25,0.3,-1886.95,-3.1607202680067004,0.27470686767169183,0.32663316582914576,0.18090452261306533,0.21775544388609713,0.378334257286042,0.516466749412939,0.894801006698981,0.14850000000000002,0.0825,1.5929999999999997,591.03,19019.3454,3.364787878787879,-7.197193877551021,-7.167706422018348,-1.9100000000000001,0,1,0
Burgers,25053,King Burgers Tavern,Full-service,West Auckland,1.04,33.51,1661,499,16721.49,523,290,349,17525.73,9717.9,11694.99,0.396553314290941,0.485376674565487,0.28,12,3.54,1235.46,1974.31,-2837.94,-1573.62,145.37,0.43,0.45,0.25,0.3,-2291.88,-1.3798193859121013,0.30042143287176404,0.31487055990367246,0.17459361830222755,0.21011438892233594,0.396553314290941,0.485376674565487,0.881929988856428,0.12600000000000003,0.07,1.062,1727.44,57886.5144,3.94862,-5.415916030534351,-5.407628865979381,0.4153428571428572,0,1,3
Burgers,25631,Classic Burgers Grill,Full-service,South Auckland,1.05,36.33,1499,525,19073.25,438,244,292,15912.54,8864.52,10608.36,0.372706734831445,0.524310493981466,0.28,12,3.54,1033.68,1964.22,-2816.79,-1569.17,58.8,0.54,0.45,0.25,0.3,-2362.9399999999996,-1.576344229486324,0.35023348899266177,0.2921947965310207,0.1627751834556371,0.19479653102068048,0.372706734831445,0.524310493981466,0.897017228812911,0.12600000000000003,0.07,1.062,1573.95,57181.6035,3.73425855513308,-6.416378132118451,-6.4047755102040815,0.20068259385665527,0,1,2
Burgers,26360,Urban Burgers Bistro,Cafe,North Shore,1.03,44.7,1528,361,16136.7,525,292,350,23467.5,13052.4,15645.0,0.267324640452862,0.437447387818247,0.33,12,3.54,1239.0,4764.01,-816.01,-453.86,3379.84,0.31,0.45,0.25,0.3,6873.98,4.498678010471204,0.2362565445026178,0.34358638743455494,0.19109947643979056,0.22905759162303663,0.267324640452862,0.437447387818247,0.704772028271109,0.14850000000000002,0.0825,1.062,1573.8400000000001,70350.648,13.16024861878453,-1.5513498098859315,-1.54901023890785,9.62917378917379,0,0,1
Burgers,26079,Top Burgers Eatery,Cafe,CBD,0.99,43.28,562,166,7184.48,178,99,119,7703.84,4284.72,5150.32,0.243581773433834,0.436767387227155,0.31,14,4.13,491.47,2296.53,74.35,41.35,1154.83,0.42,0.45,0.25,0.3,3567.06,6.347081850533808,0.29537366548042704,0.3167259786476868,0.17615658362989325,0.21174377224199287,0.243581773433834,0.436767387227155,0.680349160660989,0.1395,0.0775,1.2389999999999999,556.38,24080.1264,13.751676646706589,0.4153631284916201,0.41350000000000003,9.623583333333332,0,0,0
Burgers,25111,Classic Burgers Kitchen,Ghost Kitchen,South Auckland,1.05,46.57,1487,122,5681.54,614,341,410,28593.98,15880.37,19093.7,0.29746993877925,0.321676251804456,0.29,13,3.84,1574.4,2163.84,2597.87,1442.79,5697.51,0.09,0.45,0.25,0.3,11902.01,8.00404169468729,0.082044384667115,0.4129119031607263,0.22932078009414933,0.27572293207800946,0.29746993877925,0.321676251804456,0.619146190583706,0.1305,0.0725,1.152,1561.3500000000001,72712.0695,17.59219512195122,4.224178861788618,4.218684210526316,13.862554744525548,0,2,2
Burgers,25595,Top Burgers Kitchen,QSR,West Auckland,1.04,37.61,1276,271,10192.31,452,251,302,16999.72,9440.11,11358.22,0.218210295401514,0.37306306483224,0.3,14,4.13,1247.26,4165.87,1848.32,1026.39,3395.15,0.27,0.45,0.25,0.3,10435.73,8.178471786833855,0.21238244514106583,0.3542319749216301,0.19670846394984326,0.2366771159874608,0.218210295401514,0.37306306483224,0.591273360233754,0.135,0.075,1.2389999999999999,1327.04,49909.9744,15.315698529411764,4.080176600441501,4.072976190476191,11.205115511551156,0,3,3
Burgers,25881,Lucky Burgers Diner,QSR,CBD,0.99,36.87,1197,199,7337.13,449,250,299,16554.63,9217.5,11024.13,0.201856870297343,0.401524102664553,0.28,15,4.43,1324.57,2910.05,1930.58,1074.94,3047.81,0.2,0.45,0.25,0.3,8963.38,7.488203842940685,0.16624895572263995,0.3751044277360067,0.20885547201336677,0.24979114452798662,0.201856870297343,0.401524102664553,0.603380972961896,0.12600000000000003,0.07,1.329,1185.03,43692.0561,14.55025,4.290177777777777,4.282629482071713,10.159366666666667,0,3,0
Burgers,26244,Urban Burgers House,Cafe,West Auckland,1.04,34.3,1728,356,12210.8,617,343,412,21163.1,11764.9,14131.6,0.24282123086974,0.435210464918055,0.33,17,5.02,2068.24,3931.49,-169.98,-94.49,2481.69,0.26,0.45,0.25,0.3,6148.71,3.55828125,0.20601851851851852,0.3570601851851852,0.19849537037037038,0.23842592592592596,0.24282123086974,0.435210464918055,0.678031695787795,0.14850000000000002,0.0825,1.5059999999999998,1797.1200000000001,61641.21599999999,11.012577030812324,-0.27504854368932036,-0.2746802325581395,6.0089346246973365,0,0,3
Burgers,26245,Classic Burgers Corner,Full-service,North Shore,1.03,35.96,697,226,8126.96,212,118,141,7623.52,4243.28,5070.36,0.369292362453416,0.529286201111972,0.29,6,1.77,249.57,824.25,-1437.63,-800.19,264.67,0.48,0.45,0.25,0.3,-1148.9,-1.6483500717360116,0.32424677187948353,0.3041606886657102,0.16929698708751792,0.20229555236728838,0.369292362453416,0.529286201111972,0.898578563565388,0.1305,0.0725,0.531,717.91,25816.0436,3.631057268722467,-6.749436619718311,-6.724285714285715,1.8638732394366198,0,1,1
Burgers,26490,Classic Burgers Eatery,Full-service,West Auckland,1.04,41.27,1437,485,20015.95,428,238,286,17663.56,9822.26,11803.22,0.381961005600169,0.502269128710031,0.32,14,4.13,1181.18,2317.24,-3607.43,-2006.0,185.28,0.51,0.45,0.25,0.3,-3110.91,-2.164864300626305,0.337508698677801,0.2978427279053584,0.16562282533054976,0.19902574808629087,0.381961005600169,0.502269128710031,0.8842301343102,0.14400000000000002,0.08,1.2389999999999999,1494.48,61677.189600000005,4.76798353909465,-8.408927738927739,-8.393305439330543,0.6455749128919861,0,1,3
Burgers,25400,Top Burgers Corner,Ghost Kitchen,West Auckland,1.04,44.01,1458,95,4180.95,613,341,409,26978.13,15007.41,18000.09,0.287121943430975,0.263713604072109,0.29,14,4.13,1689.17,1877.93,4293.96,2388.65,6395.83,0.07,0.45,0.25,0.3,14956.37,10.258141289437587,0.06515775034293553,0.4204389574759945,0.23388203017832646,0.28052126200274347,0.287121943430975,0.263713604072109,0.5508355475030839,0.1305,0.0725,1.2389999999999999,1516.3200000000002,66733.2432,19.561770833333334,6.9934201954397395,6.984356725146199,15.599585365853658,0,2,3
Burgers,26532,King Burgers House,Full-service,North Shore,1.03,34.87,2227,722,25176.14,677,376,452,23606.99,13111.12,15761.24,0.383675677911378,0.470021476503462,0.31,8,2.36,1066.72,3683.34,-3864.4,-2146.25,1239.19,0.48,0.45,0.25,0.3,-1088.12,-0.48860350246969014,0.32420296362819934,0.3039964077233947,0.16883700044903457,0.20296362819937133,0.383675677911378,0.470021476503462,0.85369715441484,0.1395,0.0775,0.708,2293.81,79985.15470000001,5.0945228215767635,-5.699705014749263,-5.6929708222811675,2.7355187637969096,0,1,1
Burgers,25267,King Burgers Kitchen,Cafe,West Auckland,1.04,35.82,818,238,8525.16,261,145,174,9349.02,5193.9,6232.68,0.210430280975997,0.436889241216704,0.28,4,1.18,205.32,3006.66,679.49,377.5,1992.82,0.41,0.45,0.25,0.3,6056.469999999999,7.403997555012224,0.2909535452322738,0.31907090464547677,0.17726161369193152,0.21271393643031786,0.210430280975997,0.436889241216704,0.6473195221927011,0.12600000000000003,0.07,0.354,850.72,30472.7904,12.580167364016736,2.593473282442748,2.585616438356164,11.387542857142856,0,0,3
Burgers,25119,Classic Burgers Eatery,Cafe,CBD,0.99,33.49,1265,253,8472.97,455,253,304,15237.95,8472.97,10180.96,0.238450531568378,0.443626348115504,0.3,5,1.48,449.92,2693.75,273.11,151.86,2786.84,0.25,0.45,0.25,0.3,5905.56,4.668426877470356,0.19999999999999998,0.3596837944664032,0.19999999999999998,0.24031620553359684,0.238450531568378,0.443626348115504,0.682076879683882,0.135,0.075,0.444,1252.35,41941.201499999996,10.60531496062992,0.5989254385964913,0.5978740157480316,9.137180327868853,0,0,0
Burgers,26494,Top Burgers House,Full-service,CBD,0.99,41.87,1466,475,19888.25,446,248,297,18674.02,10383.76,12435.39,0.387959811929613,0.479524135775864,0.31,11,3.25,965.25,2635.51,-3314.34,-1842.95,682.64,0.48,0.45,0.25,0.3,-1839.1399999999999,-1.2545293315143247,0.32401091405184174,0.30422919508867663,0.16916780354706684,0.2025920873124147,0.387959811929613,0.479524135775864,0.867483947705477,0.1395,0.0775,0.975,1451.34,60767.605800000005,5.536785714285715,-7.4146308724832215,-7.40140562248996,2.290738255033557,0,1,0
Burgers,25161,Top Burgers Corner,Cafe,West Auckland,1.04,40.42,1119,319,12893.98,360,200,240,14551.2,8084.0,9700.8,0.279486142154783,0.420557478116825,0.3,13,3.84,921.6,3867.63,-0.63,-0.35,1988.22,0.4,0.45,0.25,0.3,5854.87,5.232234137622878,0.28507596067917784,0.32171581769437,0.17873100983020557,0.21447721179624665,0.279486142154783,0.420557478116825,0.700043620271608,0.135,0.075,1.152,1163.76,47039.1792,12.086343750000001,-0.0017451523545706372,-0.0017412935323383083,8.2498755186722,0,0,3
Burgers,26214,Urban Burgers Corner,Cafe,CBD,0.99,37.88,1694,370,14015.6,596,331,397,22576.48,12538.28,15038.36,0.258535533044487,0.356650849501602,0.33,18,5.31,2108.07,5393.39,1237.5,687.27,3678.9,0.28,0.45,0.25,0.3,10997.06,6.491770956316411,0.21841794569067297,0.35182998819362454,0.19539551357733176,0.23435655253837073,0.258535533044487,0.356650849501602,0.615186382546089,0.14850000000000002,0.0825,1.5929999999999997,1677.06,63527.0328,14.537439353099732,2.0728643216080402,2.070090361445783,9.243467336683418,0,0,0
Burgers,25528,Lucky Burgers Bistro,QSR,North Shore,1.03,36.79,1652,361,13281.19,581,323,387,21374.99,11883.17,14237.73,0.204108449220657,0.449127485696226,0.28,10,2.95,1141.65,4605.44,1427.08,793.37,3795.48,0.28,0.45,0.25,0.3,10621.369999999999,6.4294007263922515,0.2185230024213075,0.3516949152542373,0.19552058111380144,0.23426150121065373,0.204108449220657,0.449127485696226,0.653235934916883,0.12600000000000003,0.07,0.885,1701.56,62600.392400000004,12.72220994475138,2.4520274914089346,2.4486728395061728,9.782164948453609,0,3,1
Burgers,25973,King Burgers Kitchen,Full-service,West Auckland,1.04,37.44,591,153,5728.32,197,110,131,7375.68,4118.4,4904.64,0.372759494010825,0.487910197372548,0.27,13,3.84,503.04,798.13,-963.78,-538.15,180.33,0.35,0.45,0.25,0.3,-523.4699999999999,-0.8857360406091369,0.25888324873096447,0.3333333333333333,0.18612521150592215,0.22165820642978004,0.372759494010825,0.487910197372548,0.8606696913833729,0.12150000000000001,0.0675,1.152,614.64,23012.121600000002,5.182662337662338,-4.867575757575757,-4.848198198198198,1.3661363636363637,0,1,3
Burgers,25730,Top Burgers Eatery,QSR,CBD,0.99,39.64,1809,395,15657.8,636,354,424,25211.04,14032.56,16807.36,0.239658871367574,0.433120136964135,0.32,5,1.48,627.52,5123.56,182.05,101.33,4872.2,0.28,0.45,0.25,0.3,10279.14,5.682222222222222,0.2183526810392482,0.35157545605306806,0.1956882255389718,0.234383637368712,0.239658871367574,0.433120136964135,0.672779008331709,0.14400000000000002,0.08,0.444,1790.91,70991.6724,12.93828282828283,0.28579277864992153,0.28543661971830986,11.464,0,3,0
Burgers,26135,King Burgers Tavern,Full-service,CBD,0.99,34.74,1202,395,13722.3,363,202,242,12610.62,7017.48,8407.08,0.380201764998492,0.464409941108897,0.31,18,5.31,1285.02,2132.28,-1949.75,-1084.98,21.34,0.49,0.45,0.25,0.3,-881.1099999999998,-0.7330366056572377,0.32861896838602334,0.30199667221297843,0.1680532445923461,0.20133111480865226,0.380201764998492,0.464409941108897,0.844611706107389,0.1395,0.0775,1.5929999999999997,1189.98,41339.905199999994,5.384545454545455,-5.356456043956044,-5.344729064039409,0.08781893004115227,0,1,0
Burgers,26380,Classic Burgers Tavern,Full-service,CBD,0.99,39.01,1834,505,19700.05,598,332,399,23327.98,12951.32,15564.99,0.393061458598822,0.511228195345029,0.28,11,3.25,1296.75,1885.5,-4299.11,-2386.79,192.98,0.38,0.45,0.25,0.3,-4607.42,-2.5122246455834243,0.27535441657579063,0.3260632497273719,0.18102508178844057,0.21755725190839695,0.393061458598822,0.511228195345029,0.904289653943851,0.12600000000000003,0.07,0.975,1815.66,70828.8966,3.7262845849802373,-7.177145242070116,-7.167537537537537,0.48245,0,1,0
Burgers,25895,Top Burgers Corner,Full-service,West Auckland,1.04,46.39,1073,376,17442.64,314,174,209,14566.46,8071.86,9695.51,0.377299415611196,0.472256360342726,0.31,6,1.77,369.93,2624.14,-2324.16,-1287.91,1088.7,0.54,0.45,0.25,0.3,100.76999999999998,0.09391425908667286,0.3504193849021435,0.29263746505125815,0.16216216216216214,0.19478098788443615,0.377299415611196,0.472256360342726,0.8495557759539221,0.1395,0.0775,0.531,1115.92,51767.5288,6.960583554376657,-7.378285714285714,-7.359485714285714,5.184285714285714,0,1,3
Burgers,25330,Urban Burgers Tavern,Ghost Kitchen,North Shore,1.03,44.91,1161,65,2919.15,493,274,329,22140.63,12305.34,14775.39,0.262536822527181,0.2416238550446,0.27,17,5.02,1651.58,1447.43,5000.22,2779.03,5674.64,0.06,0.45,0.25,0.3,14901.32,12.834900947459086,0.05598621877691645,0.42463393626184326,0.2360034453057709,0.2833763996554694,0.262536822527181,0.2416238550446,0.5041606775717811,0.12150000000000001,0.0675,1.5059999999999998,1195.83,53704.725300000006,21.93075757575758,10.121902834008099,10.105563636363637,17.19587878787879,0,2,1
Burgers,25170,Lucky Burgers Tavern,QSR,West Auckland,1.04,46.04,1530,334,15377.36,538,299,359,24769.52,13765.96,16528.36,0.217860502731055,0.394324672338553,0.29,12,3.54,1270.86,5963.57,2422.83,1346.51,5139.08,0.28,0.45,0.25,0.3,14871.99,9.720254901960784,0.21830065359477122,0.35163398692810455,0.19542483660130713,0.23464052287581696,0.217860502731055,0.394324672338553,0.612185175069608,0.1305,0.0725,1.062,1591.2,73258.84800000001,17.801701492537312,4.495046382189239,4.488366666666667,14.275222222222222,0,3,3
Burgers,25442,Classic Burgers Grill,Cafe,West Auckland,1.04,43.24,1155,318,13750.32,377,209,251,16301.48,9037.16,10853.24,0.264888013489544,0.398093697498553,0.3,4,1.18,296.18,4634.11,603.45,334.54,3361.56,0.38,0.45,0.25,0.3,8933.66,7.734770562770563,0.27532467532467536,0.3264069264069264,0.18095238095238095,0.21731601731601732,0.264888013489544,0.398093697498553,0.662981710988097,0.135,0.075,0.354,1201.2,51939.888,14.526990595611284,1.5964285714285715,1.593047619047619,13.33952380952381,0,0,3
Burgers,26588,Lucky Burgers Corner,Cafe,West Auckland,1.04,38.95,2083,540,21033.0,694,386,463,27031.3,15034.7,18033.85,0.248576239868999,0.371197632467374,0.33,10,2.95,1365.85,7997.3,1357.68,755.13,5491.09,0.35,0.45,0.25,0.3,15601.199999999999,7.489774363898223,0.2592414786365818,0.33317330772923665,0.18530964954392704,0.2222755640902544,0.248576239868999,0.371197632467374,0.6197738723363729,0.14850000000000002,0.0825,0.885,2166.32,84378.164,14.782439926062846,1.953496402877698,1.9512403100775193,11.834245689655173,0,0,3
Burgers,25294,Lucky Burgers Tavern,Ghost Kitchen,CBD,0.99,34.43,998,82,2823.26,412,229,275,14185.16,7884.47,9468.25,0.262558714870829,0.207000498892739,0.33,9,2.66,731.5,1497.57,2843.28,1580.37,4290.85,0.09,0.45,0.25,0.3,10212.07,10.23253507014028,0.08216432865731464,0.41282565130260523,0.22945891783567135,0.2755511022044088,0.262558714870829,0.207000498892739,0.469559213763568,0.14850000000000002,0.0825,0.798,988.02,34017.5286,18.04301204819277,6.884455205811139,6.871173913043478,15.546557971014494,0,2,0
Burgers,25174,Classic Burgers Corner,Full-service,North Shore,1.03,33.99,1728,544,18490.56,533,296,355,18116.67,10061.04,12066.45,0.383637686388101,0.547367854113691,0.32,15,4.43,1572.65,1275.75,-4547.38,-2525.38,-740.13,0.46,0.45,0.25,0.3,-6537.14,-3.7830671296296297,0.3148148148148148,0.308449074074074,0.1712962962962963,0.20543981481481483,0.383637686388101,0.547367854113691,0.9310055405017921,0.14400000000000002,0.08,1.329,1779.8400000000001,60496.761600000005,2.3408256880733944,-8.515692883895131,-8.502962962962963,-2.0790168539325844,0,1,1
Burgers,25376,Top Burgers House,Ghost Kitchen,South Auckland,1.05,43.85,1531,100,4385.0,644,358,429,28239.4,15698.3,18811.65,0.29566688031191,0.349170912150294,0.29,16,4.72,2024.88,1557.39,1840.14,1022.94,4656.31,0.07,0.45,0.25,0.3,9076.78,5.928661005878511,0.06531678641410842,0.42064010450685824,0.23383409536250813,0.2802090137165251,0.29566688031191,0.349170912150294,0.644837792462204,0.1305,0.0725,1.416,1607.55,70491.0675,15.419702970297031,2.8529302325581396,2.8494150417827298,10.828627906976745,0,2,2
Burgers,25418,Top Burgers Eatery,Cafe,North Shore,1.03,43.29,1941,593,25670.97,607,337,404,26277.03,14588.73,17489.16,0.239532025568187,0.372590851527639,0.27,6,1.77,715.08,9957.18,3097.46,1719.68,6068.57,0.44,0.45,0.25,0.3,20842.89,10.73822256568779,0.30551262235960847,0.3127253992787223,0.1736218444100979,0.20814013395157135,0.239532025568187,0.372590851527639,0.612122877095826,0.12150000000000001,0.0675,0.531,1999.23,86546.6667,16.762929292929293,5.094506578947368,5.087810650887574,14.984123456790122,0,0,1
Burgers,25015,Lucky Burgers Grill,QSR,CBD,0.99,34.71,1299,276,9579.96,460,256,307,15966.6,8885.76,10655.97,0.221846213359386,0.446916462201625,0.32,3,0.89,273.23,3173.24,179.42,99.85,3256.42,0.27,0.45,0.25,0.3,6708.93,5.1646882217090075,0.21247113163972284,0.35411855273287146,0.19707467282525018,0.2363356428021555,0.221846213359386,0.446916462201625,0.668762675561011,0.14400000000000002,0.08,0.267,1286.01,44637.407100000004,11.455740072202165,0.3891973969631236,0.38852140077821007,10.572792207792208,0,3,0
Burgers,26027,Urban Burgers Bistro,Cafe,West Auckland,1.04,38.25,1123,303,11589.75,369,205,246,14114.25,7841.25,9409.5,0.243503914065659,0.42334763079416,0.3,13,3.84,944.64,3861.11,467.87,259.93,2190.12,0.37,0.45,0.25,0.3,6779.030000000001,6.036536064113981,0.26981300089047194,0.3285841495992876,0.182546749777382,0.21905609973285842,0.243503914065659,0.42334763079416,0.666851544859819,0.135,0.075,1.152,1167.92,44672.94,12.701019736842106,1.2645135135135135,1.2617961165048543,8.866882591093116,0,0,3
Burgers,26391,Classic Burgers Bistro,Ghost Kitchen,North Shore,1.03,43.92,805,45,1976.4,342,190,228,15020.64,8344.8,10013.76,0.295922063931357,0.23290582903428,0.28,14,4.13,941.64,931.22,2871.53,1595.29,3776.56,0.06,0.45,0.25,0.3,9174.6,11.397018633540373,0.055900621118012424,0.4248447204968944,0.2360248447204969,0.28322981366459626,0.295922063931357,0.23290582903428,0.528827892965637,0.12600000000000003,0.07,1.2389999999999999,829.15,36416.268,20.243913043478262,8.371807580174927,8.352303664921466,16.491528384279476,0,2,1
Burgers,26514,Lucky Burgers Corner,QSR,West Auckland,1.04,36.38,638,106,3856.28,239,133,160,8694.82,4838.54,5820.8,0.248522782940418,0.386922581051476,0.31,17,5.02,803.2,1405.82,474.34,263.96,1318.8,0.2,0.45,0.25,0.3,3462.92,5.427774294670846,0.16614420062695925,0.37460815047021945,0.2084639498432602,0.25078369905956116,0.248522782940418,0.386922581051476,0.635445363991894,0.1395,0.0775,1.5059999999999998,663.52,24138.8576,13.138504672897195,1.9764166666666665,1.9698507462686565,8.191304347826087,0,3,3
Burgers,26677,Top Burgers Tavern,Cafe,South Auckland,1.05,34.3,1342,333,11421.9,454,252,303,15572.2,8643.6,10392.9,0.216553137414157,0.409603461413644,0.29,13,3.84,1163.52,4270.0,1305.63,724.71,2721.8,0.33,0.45,0.25,0.3,9022.14,6.722906110283159,0.2481371087928465,0.33830104321907606,0.18777943368107303,0.22578241430700446,0.216553137414157,0.409603461413644,0.6261565988278011,0.1305,0.0725,1.152,1409.1000000000001,48332.13,12.784431137724551,2.8695164835164837,2.8644664031620555,8.953289473684212,0,0,2
Burgers,25181,King Burgers Cafe,Full-service,South Auckland,1.05,36.18,2043,594,21490.92,652,362,435,23589.36,13097.16,15738.3,0.370753841416445,0.5194696117891,0.28,9,2.66,1157.1,2359.2,-4015.46,-2229.44,570.6,0.41,0.45,0.25,0.3,-3315.1000000000004,-1.6226627508565836,0.290748898678414,0.31913852178169355,0.1771904062652961,0.21292217327459614,0.370753841416445,0.5194696117891,0.8902234532055451,0.12600000000000003,0.07,0.798,2145.15,77611.527,3.965042016806722,-6.149249617151608,-6.141707988980716,1.3087155963302752,0,1,2
Burgers,25468,Top Burgers House,Full-service,West Auckland,1.04,32.39,1216,383,12405.37,375,208,250,12146.25,6737.12,8097.5,0.385193350294139,0.526770381326787,0.31,3,0.89,222.5,1092.12,-2696.03,-1495.4,490.37,0.46,0.45,0.25,0.3,-2608.9400000000005,-2.145509868421053,0.31496710526315785,0.3083881578947368,0.17105263157894735,0.20559210526315785,0.385193350294139,0.526770381326787,0.9119637316209259,0.1395,0.0775,0.267,1264.64,40961.689600000005,2.8440624999999997,-7.17029255319149,-7.155023923444976,1.9536653386454184,0,1,3
Burgers,26586,King Burgers Bistro,Full-service,West Auckland,1.04,36.69,1582,498,18271.62,488,271,325,17904.72,9942.99,11924.25,0.357282414881047,0.527841170760803,0.28,12,3.54,1150.5,2098.98,-2956.49,-1641.82,219.32,0.46,0.45,0.25,0.3,-2280.0099999999998,-1.4412199747155499,0.3147914032869785,0.30847029077117577,0.1713021491782554,0.20543615676359042,0.357282414881047,0.527841170760803,0.88512358564185,0.12600000000000003,0.07,1.062,1645.28,60365.3232,4.206372745490982,-6.045991820040899,-6.036102941176471,0.672760736196319,0,1,3
Burgers,26141,Lucky Burgers Eatery,Full-service,West Auckland,1.04,34.93,1402,378,13203.54,461,256,307,16102.73,8942.08,10723.51,0.391132951912005,0.514671805570833,0.28,9,2.66,816.62,1243.71,-2991.96,-1661.48,193.48,0.37,0.45,0.25,0.3,-3216.25,-2.2940442225392297,0.2696148359486448,0.3288159771754636,0.1825962910128388,0.2189728958630528,0.391132951912005,0.514671805570833,0.9058047574828381,0.12600000000000003,0.07,0.798,1458.0800000000002,50930.7344,3.2815567282321902,-6.476103896103896,-6.464902723735409,0.6281818181818182,0,1,3
Burgers,25268,King Burgers Corner,Cafe,CBD,0.99,37.1,904,253,9386.3,293,163,195,10870.3,6047.3,7234.5,0.217014490831643,0.400262145348825,0.28,16,4.72,920.4,3592.36,1116.63,621.2,1848.41,0.39,0.45,0.25,0.3,7178.599999999999,7.940929203539822,0.27986725663716816,0.32411504424778764,0.18030973451327437,0.21570796460176994,0.217014490831643,0.400262145348825,0.617276636180468,0.12600000000000003,0.07,1.416,894.96,33203.015999999996,14.143149606299213,3.798061224489796,3.7878048780487807,9.430663265306123,0,0,0
Burgers,25308,Urban Burgers House,QSR,West Auckland,1.04,44.68,1854,334,14923.12,684,380,456,30561.12,16978.4,20374.08,0.241154740788043,0.358429965469986,0.31,15,4.43,2020.08,5975.45,2763.19,1535.11,6138.01,0.22,0.45,0.25,0.3,16411.760000000002,8.85208198489752,0.180151024811219,0.36893203883495146,0.20496224379719527,0.24595469255663432,0.241154740788043,0.358429965469986,0.5995847062580291,0.1395,0.0775,1.329,1928.16,86150.1888,17.837164179104477,4.03385401459854,4.029160104986876,13.43109409190372,0,3,3
Burgers,25067,Classic Burgers Kitchen,Full-service,CBD,0.99,43.14,1160,343,14797.02,368,204,245,15875.52,8800.56,10569.3,0.35827633588342,0.504268040694296,0.31,11,3.25,796.25,2033.93,-2739.23,-1518.49,656.56,0.42,0.45,0.25,0.3,-1567.23,-1.3510603448275862,0.29568965517241386,0.31724137931034485,0.17586206896551726,0.21120689655172414,0.35827633588342,0.504268040694296,0.862544376577716,0.1395,0.0775,0.975,1148.4,49541.975999999995,5.912587209302326,-7.423387533875339,-7.407268292682927,2.668943089430894,0,1,0
Burgers,26241,Top Burgers Eatery,QSR,South Auckland,1.05,38.16,1019,190,7250.4,373,207,249,14233.68,7899.12,9501.84,0.24545091053471,0.423436920926906,0.32,12,3.54,881.46,2400.7,158.17,87.78,2264.71,0.23,0.45,0.25,0.3,4911.360000000001,4.8197841020608445,0.18645731108930322,0.366045142296369,0.20314033366045142,0.24435721295387636,0.24545091053471,0.423436920926906,0.668887831461616,0.14400000000000002,0.08,1.062,1069.95,40829.292,12.569109947643978,0.42291443850267374,0.42201923076923076,9.05884,0,3,2
Burgers,26201,Classic Burgers House,Full-service,South Auckland,1.05,40.9,1340,409,16728.1,419,233,279,17137.1,9529.7,11411.1,0.385463857045397,0.521124046226032,0.32,11,3.25,906.75,1562.61,-3883.06,-2159.31,159.18,0.44,0.45,0.25,0.3,-4320.58,-3.224313432835821,0.30522388059701494,0.31268656716417914,0.17388059701492542,0.20820895522388064,0.385463857045397,0.521124046226032,0.906587903271429,0.14400000000000002,0.08,0.975,1407.0,57546.299999999996,3.811243902439024,-9.245380952380952,-9.227820512820513,0.5685,0,1,2
Burgers,25272,Urban Burgers Eatery,QSR,CBD,0.99,32.02,1165,225,7204.5,423,235,282,13544.46,7524.7,9029.64,0.203551977090538,0.444050269783475,0.32,8,2.36,665.52,2538.85,438.81,243.78,2516.5,0.24,0.45,0.25,0.3,5737.9400000000005,4.925270386266095,0.19313304721030042,0.3630901287553648,0.20171673819742486,0.24206008583690983,0.203551977090538,0.444050269783475,0.647602246874013,0.14400000000000002,0.08,0.708,1153.35,36930.267,11.233849557522124,1.0349292452830188,1.0329661016949152,8.892226148409893,0,3,0
Burgers,25192,Lucky Burgers Bistro,Cafe,South Auckland,1.05,43.45,1384,351,15250.95,465,258,310,20204.25,11210.1,13469.5,0.23134801954031,0.434121696907096,0.32,9,2.66,824.6,5101.9,293.57,162.89,3681.36,0.34,0.45,0.25,0.3,9239.72,6.676098265895953,0.2536127167630058,0.3359826589595376,0.1864161849710983,0.2239884393063584,0.23134801954031,0.434121696907096,0.665469716447406,0.14400000000000002,0.08,0.798,1453.2,63141.54,14.49403409090909,0.6299785407725321,0.6289189189189188,11.837170418006432,0,0,2
Burgers,25435,Classic Burgers Bistro,QSR,West Auckland,1.04,45.13,1249,225,10154.25,461,256,307,20804.93,11553.28,13854.91,0.213164031673223,0.396249585878104,0.33,18,5.31,1630.17,3966.11,1260.5,699.97,3781.37,0.22,0.45,0.25,0.3,9707.95,7.772578062449961,0.18014411529223381,0.3690952762209768,0.2049639711769416,0.2457966373098479,0.213164031673223,0.396249585878104,0.609413617551327,0.14850000000000002,0.0825,1.5929999999999997,1298.96,58622.0648,17.549159292035398,2.7283549783549783,2.7236186770428015,12.277175324675325,0,3,3
Burgers,25678,Urban Burgers Eatery,QSR,CBD,0.99,43.24,772,139,6010.36,285,158,190,12323.4,6831.92,8215.6,0.237665633372962,0.396260366705246,0.32,12,3.54,672.6,2200.24,567.79,314.77,2334.92,0.22,0.45,0.25,0.3,5417.719999999999,7.0177720207253875,0.1800518134715026,0.36917098445595853,0.20466321243523317,0.2461139896373057,0.237665633372962,0.396260366705246,0.633926000078208,0.14400000000000002,0.08,1.062,764.28,33047.4672,15.716,1.98527972027972,1.9796855345911948,12.224712041884818,0,3,0
Burgers,26286,King Burgers Tavern,QSR,South Auckland,1.05,45.42,1742,337,15306.54,632,351,422,28705.44,15942.42,19167.24,0.21829391522333,0.417047550738789,0.28,14,4.13,1742.86,5581.66,2430.16,1349.66,5246.64,0.24,0.45,0.25,0.3,14608.119999999999,8.385832376578644,0.1934557979334099,0.36280137772675086,0.20149253731343283,0.24225028702640644,0.21829391522333,0.417047550738789,0.635341465962119,0.12600000000000003,0.07,1.2389999999999999,1829.1000000000001,83077.72200000001,16.51378698224852,3.83911532385466,3.834261363636364,12.403404255319149,0,3,2
Burgers,26246,Lucky Burgers Bistro,QSR,West Auckland,1.04,38.73,1299,276,10689.48,460,256,307,17815.8,9914.88,11890.11,0.268982828743756,0.391698328708299,0.27,5,1.48,454.36,3627.14,1234.97,687.29,3580.18,0.27,0.45,0.25,0.3,9129.58,7.028160123171671,0.21247113163972287,0.35411855273287146,0.19707467282525018,0.23633564280215552,0.268982828743756,0.391698328708299,0.660681157452055,0.12150000000000001,0.0675,0.444,1350.96,52322.6808,13.09436823104693,2.6788937093275487,2.6742801556420233,11.623961038961038,0,3,3
Burgers,25399,Urban Burgers Corner,QSR,CBD,0.99,30.37,828,186,5648.82,289,160,193,8776.93,4859.2,5861.41,0.224838664345443,0.369480475550517,0.33,13,3.84,741.12,2291.62,664.25,367.75,1636.74,0.29,0.45,0.25,0.3,4960.36,5.990772946859903,0.22463768115942026,0.34903381642512077,0.1932367149758454,0.2330917874396135,0.224838664345443,0.369480475550517,0.59431913989596,0.14850000000000002,0.0825,1.152,819.72,24894.8964,12.254652406417112,2.2905172413793102,2.2841614906832297,8.43680412371134,0,3,0
Burgers,26074,Top Burgers Grill,Full-service,North Shore,1.03,36.77,2031,559,20554.43,662,368,442,24341.74,13531.36,16252.34,0.378746072691865,0.537014340679161,0.28,16,4.72,2086.24,1731.5,-4765.15,-2648.9,-717.15,0.38,0.45,0.25,0.3,-6399.699999999999,-3.1510093549975378,0.27523387493845397,0.3259478089611029,0.18119153126538654,0.21762678483505662,0.378746072691865,0.537014340679161,0.915760413371026,0.12600000000000003,0.07,1.416,2091.93,76920.2661,3.0919642857142855,-7.187254901960784,-7.1785907859078595,-1.6188487584650113,0,1,1
Burgers,25605,King Burgers Tavern,QSR,North Shore,1.03,43.27,1706,373,16139.71,600,333,400,25962.0,14408.91,17308.0,0.23818274660036,0.420431646029465,0.28,6,1.77,708.0,5509.86,1593.69,884.5,5200.7,0.28,0.45,0.25,0.3,13188.75,7.730803048065651,0.2186400937866354,0.3516998827667058,0.1951934349355217,0.23446658851113716,0.23818274660036,0.420431646029465,0.658614392629825,0.12600000000000003,0.07,0.531,1757.18,76033.1786,14.732245989304811,2.651730449251248,2.6482035928143715,12.96932668329177,0,3,1
Burgers,25807,Top Burgers Kitchen,Cafe,CBD,0.99,44.33,1736,513,22741.29,550,306,367,24381.5,13564.98,16269.11,0.258666134346277,0.40897305868566,0.32,11,3.25,1192.75,7558.31,301.38,167.67,4214.46,0.42,0.45,0.25,0.3,12241.82,7.051739631336406,0.2955069124423963,0.31682027649769584,0.17626728110599077,0.21140552995391704,0.258666134346277,0.40897305868566,0.667639193031937,0.14400000000000002,0.08,0.975,1718.6399999999999,76187.31120000001,14.70488326848249,0.5469691470054446,0.5461563517915309,11.452336956521739,0,0,0
Burgers,26050,Top Burgers House,Ghost Kitchen,West Auckland,1.04,32.95,1386,126,4151.7,567,315,378,18682.65,10379.25,12455.1,0.289802645903546,0.219370783341583,0.31,13,3.84,1451.52,2037.76,3378.32,1876.84,4661.77,0.1,0.45,0.25,0.3,11954.69,8.625317460317461,0.0909090909090909,0.40909090909090906,0.22727272727272724,0.2727272727272727,0.289802645903546,0.219370783341583,0.509173429245129,0.1395,0.0775,1.152,1441.44,47495.448000000004,16.045354330708662,5.94774647887324,5.939367088607595,12.300184696569922,0,2,3
Burgers,25403,Top Burgers Diner,Ghost Kitchen,South Auckland,1.05,34.3,637,57,1955.1,261,145,174,8952.3,4973.5,5968.2,0.276111770363059,0.269399675331078,0.3,13,3.84,668.16,888.57,1383.03,768.35,2044.32,0.1,0.45,0.25,0.3,5084.2699999999995,7.981585557299843,0.08948194662480377,0.4097331240188383,0.22762951334379908,0.2731554160125589,0.276111770363059,0.269399675331078,0.545511445694137,0.135,0.075,1.152,668.85,22941.555,15.320172413793104,5.2787404580152675,5.262671232876713,11.681828571428571,0,2,2
Burgers,26578,King Burgers Diner,Cafe,CBD,0.99,38.1,675,159,6057.9,232,129,155,8839.2,4914.9,5905.5,0.22268630810082,0.359760212013498,0.33,15,4.43,686.65,2529.5,773.9,430.32,1779.21,0.31,0.45,0.25,0.3,5512.93,8.167303703703704,0.23555555555555555,0.34370370370370373,0.1911111111111111,0.22962962962962963,0.22268630810082,0.359760212013498,0.582446520114318,0.14850000000000002,0.0825,1.329,668.25,25460.325,15.809375,3.321459227467811,3.3101538461538462,11.405192307692309,0,0,0
Burgers,25487,Classic Burgers Grill,QSR,South Auckland,1.05,35.26,1439,259,9132.34,531,295,354,18723.06,10401.7,12482.04,0.200697393529117,0.353761871880852,0.31,3,0.89,315.06,4068.83,2537.74,1409.85,5246.2,0.22,0.45,0.25,0.3,13262.619999999999,9.216553161917998,0.17998610145934674,0.3690062543432939,0.2050034746351633,0.24600416956219595,0.200697393529117,0.353761871880852,0.554459265409969,0.1395,0.0775,0.267,1510.95,53276.09700000001,15.649346153846153,4.7701879699248115,4.763006756756757,14.778028169014084,0,3,2
Burgers,25771,Lucky Burgers Corner,Ghost Kitchen,West Auckland,1.04,40.86,660,31,1266.66,283,157,189,11563.38,6415.02,7722.54,0.251700412121136,0.221080633962993,0.32,11,3.25,614.25,667.81,2396.15,1329.31,3457.22,0.05,0.45,0.25,0.3,7850.49,11.894681818181818,0.046969696969696974,0.4287878787878788,0.2378787878787879,0.2863636363636364,0.251700412121136,0.221080633962993,0.47278104608412896,0.14400000000000002,0.08,0.975,686.4,28046.304,20.8690625,8.437147887323944,8.413354430379746,18.195894736842103,0,2,3
Burgers,25327,Urban Burgers Corner,Ghost Kitchen,CBD,0.99,34.39,1281,37,1272.43,560,311,373,19258.4,10695.29,12827.47,0.299884437245782,0.205399782257155,0.3,18,5.31,1980.63,629.49,3749.91,2082.54,4365.32,0.03,0.45,0.25,0.3,10827.259999999998,8.452193598750975,0.028883684621389537,0.4371584699453552,0.2427790788446526,0.2911787665886026,0.299884437245782,0.205399782257155,0.505284219502937,0.135,0.075,1.5929999999999997,1268.19,43613.0541,16.565526315789473,6.684331550802138,6.674807692307692,11.671978609625668,0,2,0
Burgers,25813,Urban Burgers Tavern,Cafe,North Shore,1.03,44.37,579,153,6788.61,192,106,128,8519.04,4703.22,5679.36,0.272136336062104,0.428637852496468,0.3,13,3.84,491.52,2031.33,-6.6,-3.64,1207.89,0.36,0.45,0.25,0.3,3228.98,5.576822107081174,0.2642487046632124,0.3316062176165803,0.18307426597582035,0.22107081174438684,0.272136336062104,0.428637852496468,0.7007741885585721,0.135,0.075,1.152,596.37,26460.936900000004,13.190454545454545,-0.03419689119170984,-0.034018691588785045,9.363488372093023,0,0,1
Burgers,26057,Lucky Burgers Tavern,Full-service,South Auckland,1.05,44.05,966,255,11232.75,320,178,213,14096.0,7840.9,9382.65,0.355171969602816,0.468937209108844,0.3,11,3.25,692.25,1975.74,-1749.44,-973.13,958.07,0.36,0.45,0.25,0.3,211.24,0.21867494824016565,0.2639751552795031,0.33126293995859213,0.18426501035196685,0.22049689440993786,0.355171969602816,0.468937209108844,0.82410917871166,0.135,0.075,0.975,1014.3000000000001,44679.91500000001,7.717734375,-5.449968847352025,-5.436480446927375,4.47696261682243,0,1,2
Burgers,25976,Lucky Burgers Tavern,Full-service,North Shore,1.03,34.27,1009,336,11514.72,303,168,202,10383.81,5757.36,6922.54,0.358282660192344,0.518133828393184,0.3,4,1.18,238.36,1423.03,-1831.88,-1015.69,617.15,0.5,0.45,0.25,0.3,-807.3900000000002,-0.8001883052527257,0.3330029732408325,0.3002973240832507,0.16650148662041625,0.2001982160555005,0.358282660192344,0.518133828393184,0.876416488585528,0.135,0.075,0.354,1039.27,35615.7829,4.222640949554896,-6.025921052631579,-6.010000000000001,3.0401477832512316,0,1,1
Burgers,25573,Top Burgers Tavern,Cafe,North Shore,1.03,44.39,1946,575,25524.25,617,343,411,27388.63,15225.77,18244.29,0.212252619564533,0.377365897689015,0.31,8,2.36,969.96,10474.68,2749.31,1528.39,6517.16,0.42,0.45,0.25,0.3,21269.54,10.929876670092497,0.2954779033915724,0.3170606372045221,0.17625899280575538,0.21120246659815006,0.212252619564533,0.377365897689015,0.589618517253548,0.1395,0.0775,0.708,2004.38,88974.42820000001,18.185208333333335,4.448721682847896,4.442994186046512,15.818349514563106,0,0,1
Burgers,26573,King Burgers House,Full-service,South Auckland,1.05,34.62,1576,511,17690.82,479,266,320,16582.98,9208.92,11078.4,0.371734361897688,0.50042545821052,0.31,6,1.77,566.4,2261.6,-3020.75,-1677.5,849.86,0.48,0.45,0.25,0.3,-1586.79,-1.0068464467005076,0.324238578680203,0.3039340101522842,0.16878172588832488,0.2030456852791878,0.371734361897688,0.50042545821052,0.8721598201082079,0.1395,0.0775,0.531,1654.8000000000002,57289.17600000001,4.4171875,-6.293229166666666,-6.282771535580524,2.647538940809969,0,1,2
Burgers,25819,Lucky Burgers Cafe,Cafe,CBD,0.99,35.4,799,224,7929.6,259,144,172,9168.6,5097.6,6088.8,0.257844529766589,0.362598595372401,0.31,18,5.31,913.32,3009.73,637.74,354.57,1397.73,0.39,0.45,0.25,0.3,5399.77,6.758160200250313,0.28035043804755944,0.3241551939924906,0.1802252816020025,0.21526908635794742,0.257844529766589,0.362598595372401,0.62044312513899,0.1395,0.0775,1.5929999999999997,791.01,28001.754,13.376577777777777,2.4528461538461537,2.445310344827586,8.07936416184971,0,0,0
Burgers,25817,Top Burgers House,QSR,West Auckland,1.04,33.88,1496,259,8774.92,557,309,371,18871.16,10468.92,12569.48,0.21076321715489,0.417573497397825,0.32,13,3.84,1424.64,3261.32,974.95,540.86,3246.97,0.21,0.45,0.25,0.3,8024.1,5.36370320855615,0.17312834224598933,0.3723262032085562,0.20655080213903745,0.24799465240641713,0.21076321715489,0.417573497397825,0.628336714552715,0.14400000000000002,0.08,1.152,1555.8400000000001,52711.8592,12.543538461538462,1.7472222222222222,1.744709677419355,8.728413978494624,0,3,3
Burgers,26669,Classic Burgers Cafe,Cafe,CBD,0.99,44.18,844,232,10249.76,275,153,184,12149.5,6759.54,8129.12,0.229393369760364,0.38555605977308,0.29,16,4.72,868.48,3946.68,1154.82,642.5,2261.64,0.38,0.45,0.25,0.3,8005.639999999999,9.485355450236966,0.2748815165876777,0.3258293838862559,0.18127962085308055,0.21800947867298576,0.229393369760364,0.38555605977308,0.614949429533444,0.1305,0.0725,1.416,835.56,36915.0408,16.93854077253219,4.184130434782609,4.172077922077922,12.22508108108108,0,0,0
Burgers,25538,Top Burgers Cafe,Full-service,CBD,0.99,40.02,1573,473,18929.46,495,275,330,19809.9,11005.5,13206.6,0.382410141965374,0.535522962594405,0.33,12,3.54,1168.2,1553.48,-4911.53,-2728.63,-84.38,0.43,0.45,0.25,0.3,-6171.06,-3.9231150667514307,0.3006993006993007,0.3146853146853147,0.17482517482517482,0.2097902097902098,0.382410141965374,0.535522962594405,0.917933104559779,0.14850000000000002,0.0825,1.062,1557.27,62321.9454,3.277383966244726,-9.902278225806452,-9.886340579710145,-0.2549244712990936,0,1,0
Burgers,25944,Classic Burgers Corner,Cafe,South Auckland,1.05,33.54,1021,270,9055.8,338,188,225,11336.52,6305.52,7546.5,0.236880169678479,0.388876719539985,0.32,10,2.95,663.75,3389.07,614.93,342.03,2160.48,0.36,0.45,0.25,0.3,6506.51,6.372683643486778,0.2644466209598433,0.3310479921645446,0.18413320274240944,0.22037218413320275,0.236880169678479,0.388876719539985,0.625756889218464,0.14400000000000002,0.08,0.885,1072.05,35956.557,12.50579335793358,1.8139528023598819,1.8096825396825396,9.559646017699116,0,0,2
Burgers,26510,Classic Burgers Grill,Cafe,West Auckland,1.04,42.18,741,148,6242.64,267,148,178,11262.06,6242.64,7508.04,0.233899442944676,0.445459345006384,0.33,14,4.13,735.14,2001.65,-105.4,-58.42,1672.25,0.25,0.45,0.25,0.3,3510.08,4.736950067476383,0.19973009446693657,0.36032388663967607,0.19973009446693657,0.24021592442645073,0.233899442944676,0.445459345006384,0.67935878795106,0.14850000000000002,0.0825,1.2389999999999999,770.64,32505.595200000003,13.433892617449665,-0.3932835820895523,-0.3920805369127517,9.34217877094972,0,0,3
Burgers,25459,Urban Burgers Bistro,QSR,West Auckland,1.04,35.68,1896,414,14771.52,667,370,445,23798.56,13201.6,15877.6,0.229524979330599,0.440200649155304,0.29,12,3.54,1575.3,4878.65,958.47,531.69,3668.66,0.28,0.45,0.25,0.3,10037.47,5.294024261603375,0.21835443037974683,0.3517932489451477,0.19514767932489452,0.234704641350211,0.229524979330599,0.440200649155304,0.669725628485903,0.1305,0.0725,1.062,1971.8400000000001,70355.2512,11.75578313253012,1.4348353293413174,1.4331266846361188,8.225695067264574,0,3,3
Burgers,26311,Classic Burgers Corner,QSR,South Auckland,1.05,47.0,1671,278,13066.0,627,348,418,29469.0,16356.0,19646.0,0.258775432854891,0.43368758673314,0.33,4,1.18,493.24,4018.28,-661.96,-367.41,5548.63,0.2,0.45,0.25,0.3,8537.54,5.109239976062239,0.1663674446439258,0.3752244165170557,0.20825852782764812,0.25014961101137045,0.258775432854891,0.43368758673314,0.692463019588031,0.14850000000000002,0.0825,0.354,1754.5500000000002,82463.85,14.402437275985664,-1.054076433121019,-1.0527507163323784,13.24255369928401,0,3,2
Burgers,26675,King Burgers Grill,QSR,West Auckland,1.04,36.44,900,156,5684.64,335,186,223,12207.4,6777.84,8126.12,0.258730385135859,0.352583625377156,0.31,7,2.07,461.61,2209.54,960.55,533.32,2696.9,0.21,0.45,0.25,0.3,6400.31,7.111455555555556,0.17333333333333334,0.37222222222222223,0.20666666666666667,0.24777777777777776,0.258730385135859,0.352583625377156,0.611314010513015,0.1395,0.0775,0.6209999999999999,936.0,34107.840000000004,14.073503184713376,2.8587797619047617,2.8519786096256685,12.039732142857144,0,3,3
Burgers,25584,King Burgers Cafe,Cafe,CBD,0.99,35.23,760,209,7363.07,248,138,165,8737.04,4861.74,5812.95,0.204013291820884,0.418974408041686,0.32,3,0.89,146.85,2775.97,498.12,277.18,2044.7,0.38,0.45,0.25,0.3,5595.969999999999,7.363118421052631,0.275,0.3263157894736842,0.18157894736842106,0.21710526315789475,0.204013291820884,0.418974408041686,0.6229876998625701,0.14400000000000002,0.08,0.267,752.4,26507.052,13.218904761904762,2.0004819277108434,1.9941007194244604,12.317469879518072,0,0,0
Burgers,25706,Lucky Burgers House,Full-service,CBD,0.99,40.08,767,207,8296.56,252,140,168,10100.16,5611.2,6733.44,0.380485535098705,0.546463824948296,0.32,8,2.36,396.48,606.07,-2494.23,-1385.68,95.4,0.37,0.45,0.25,0.3,-3178.44,-4.143989569752281,0.26988265971316816,0.3285528031290743,0.18252933507170793,0.2190352020860495,0.380485535098705,0.546463824948296,0.926949360047001,0.14400000000000002,0.08,0.708,759.33,30433.9464,2.913798076923077,-9.858616600790514,-9.827517730496455,0.5644970414201184,0,1,0
Burgers,26637,Lucky Burgers Cafe,QSR,North Shore,1.03,38.16,1847,381,14538.96,660,366,440,25185.6,13966.56,16790.4,0.268138573672622,0.418827313138172,0.28,14,4.13,1817.2,4551.19,831.98,461.37,3438.77,0.26,0.45,0.25,0.3,9283.31,5.026155928532756,0.20628045479155388,0.3573362208987548,0.1981591770438549,0.23822414726583654,0.268138573672622,0.418827313138172,0.686965886810794,0.12600000000000003,0.07,1.2389999999999999,1902.41,72595.9656,11.914109947643977,1.2586686838124055,1.2571389645776567,7.79766439909297,0,3,1
Burgers,25049,Urban Burgers Cafe,QSR,North Shore,1.03,45.84,1847,415,19023.6,644,358,430,29520.96,16410.72,19711.2,0.210861113574356,0.410226645460352,0.28,3,0.89,382.7,7208.27,2919.98,1623.22,7086.11,0.29,0.45,0.25,0.3,18837.579999999998,10.199014618299945,0.22468868435300487,0.3486735246345425,0.1938278289117488,0.23280996210070387,0.210861113574356,0.410226645460352,0.6210877590347079,0.12600000000000003,0.07,0.267,1902.41,87206.47439999999,17.327572115384616,4.527100775193799,4.521504178272981,16.441090487238977,0,3,1
Burgers,26479,Urban Burgers Grill,Full-service,West Auckland,1.04,37.76,804,268,10119.68,241,134,161,9100.16,5059.84,6079.36,0.365018412494101,0.546738259424456,0.31,12,3.54,569.94,892.99,-2018.02,-1122.05,-33.48,0.5,0.45,0.25,0.3,-2280.56,-2.8365174129353234,0.3333333333333333,0.2997512437810945,0.16666666666666666,0.20024875621890545,0.365018412494101,0.546738259424456,0.911756671918557,0.1395,0.0775,1.062,836.1600000000001,31573.4016,3.319665427509294,-8.338925619834711,-8.311481481481481,-0.20666666666666664,0,1,3
Burgers,25145,Classic Burgers Cafe,Full-service,West Auckland,1.04,43.89,1067,374,16414.86,312,173,208,13693.68,7592.97,9129.12,0.366971562313847,0.535327718942426,0.3,13,3.84,798.72,1603.74,-2770.22,-1536.05,93.2,0.54,0.45,0.25,0.3,-2609.33,-2.445482661668229,0.35051546391752575,0.2924086223055295,0.162136832239925,0.1949390815370197,0.366971562313847,0.535327718942426,0.902299281256273,0.135,0.075,1.152,1109.68,48703.855200000005,4.27664,-8.850543130990415,-8.827873563218391,0.445933014354067,0,1,3
Burgers,25833,Urban Burgers Corner,Cafe,West Auckland,1.04,42.38,1213,353,14960.14,387,215,258,16401.06,9111.7,10934.04,0.242346808724105,0.367625953280367,0.28,12,3.54,913.32,5834.86,1804.56,1002.54,3351.25,0.41,0.45,0.25,0.3,11993.21,9.887230008244023,0.29101401483924155,0.31904369332234134,0.17724649629018963,0.21269579554822754,0.242346808724105,0.367625953280367,0.609972762004472,0.12600000000000003,0.07,1.062,1261.52,53463.2176,16.482655367231636,4.650927835051546,4.641388888888889,12.93918918918919,0,0,3
Burgers,25228,Top Burgers Eatery,Cafe,West Auckland,1.04,46.7,2055,638,29794.6,638,354,425,29794.6,16531.8,19847.5,0.239928396362811,0.42289025252685,0.29,5,1.48,629.0,10046.18,1405.75,779.99,6063.21,0.45,0.45,0.25,0.3,18295.13,8.902739659367397,0.31046228710462287,0.31046228710462287,0.17226277372262774,0.20681265206812652,0.239928396362811,0.42289025252685,0.662818648889661,0.1305,0.0725,0.444,2137.2000000000003,99807.24,15.72172143974961,2.1999217527386543,2.1971549295774646,14.232887323943663,0,0,3
Burgers,26441,King Burgers Grill,QSR,CBD,0.99,37.27,1565,282,10510.14,577,321,385,21504.79,11963.67,14348.95,0.232442121561617,0.364000278245658,0.27,16,4.72,1817.2,4241.45,2872.13,1597.84,3973.43,0.22,0.45,0.25,0.3,12684.85,8.105335463258786,0.1801916932907348,0.36869009584664536,0.20511182108626197,0.24600638977635783,0.232442121561617,0.364000278245658,0.596442399807275,0.12150000000000001,0.0675,1.416,1549.35,57744.2745,14.987455830388692,4.969083044982699,4.96223602484472,10.293860103626942,0,3,0
Burgers,25593,Top Burgers Diner,Ghost Kitchen,West Auckland,1.04,38.24,829,61,2332.64,346,192,230,13231.04,7342.08,8795.2,0.280705251719337,0.289620228344575,0.33,15,4.43,1018.9,1002.28,1318.8,731.82,2760.17,0.08,0.45,0.25,0.3,5813.07,7.012147165259348,0.07358262967430639,0.41737032569360677,0.23160434258142337,0.27744270205066346,0.280705251719337,0.289620228344575,0.570325480063912,0.14850000000000002,0.0825,1.329,862.1600000000001,32968.998400000004,16.1658064516129,3.8005763688760807,3.791813471502591,11.94878787878788,0,2,3
Burgers,25230,Urban Burgers Tavern,Ghost Kitchen,South Auckland,1.05,32.1,975,55,1765.5,414,230,276,13289.4,7383.0,8859.6,0.268912851030473,0.300634364027064,0.3,13,3.84,1059.84,759.96,1733.64,963.13,2753.8,0.06,0.45,0.25,0.3,6210.530000000001,6.36977435897436,0.05641025641025641,0.4246153846153846,0.2358974358974359,0.2830769230769231,0.268912851030473,0.300634364027064,0.569547215057537,0.135,0.075,1.152,1023.75,32862.375,13.570714285714287,4.17744578313253,4.169393939393939,9.941516245487366,0,2,2
Burgers,26444,Lucky Burgers Grill,Cafe,CBD,0.99,43.35,764,157,6805.95,273,152,182,11834.55,6589.2,7889.7,0.253676384091377,0.355854926933534,0.29,10,2.95,536.9,2657.51,1189.0,662.01,2543.78,0.26,0.45,0.25,0.3,7052.300000000001,9.230759162303666,0.20549738219895286,0.35732984293193715,0.19895287958115182,0.2382198952879581,0.253676384091377,0.355854926933534,0.609531311024911,0.1305,0.0725,0.885,756.36,32788.206,16.8196835443038,4.339416058394161,4.3268627450980395,13.900437158469947,0,0,0
Burgers,25839,Classic Burgers Tavern,QSR,North Shore,1.03,42.63,902,208,8867.04,312,174,208,13300.56,7417.62,8867.04,0.273925772868097,0.371560124936514,0.27,7,2.07,430.56,3143.49,1124.08,626.89,2712.93,0.3,0.45,0.25,0.3,7607.389999999999,8.433913525498891,0.23059866962305992,0.34589800443458985,0.1929046563192905,0.23059866962305992,0.273925772868097,0.371560124936514,0.645485897804611,0.12150000000000001,0.0675,0.6209999999999999,929.0600000000001,39605.8278,15.040622009569377,3.5913099041533543,3.5822285714285713,12.980526315789472,0,3,1
Burgers,25113,Urban Burgers Diner,QSR,North Shore,1.03,43.37,1530,255,11059.35,574,319,382,24894.38,13835.03,16567.34,0.268876346964389,0.394695023051463,0.28,14,4.13,1577.66,3720.68,1404.76,780.69,3996.07,0.2,0.45,0.25,0.3,9902.199999999999,6.472026143790849,0.16666666666666666,0.37516339869281046,0.20849673202614377,0.24967320261437906,0.268876346964389,0.394695023051463,0.663571370015852,0.12600000000000003,0.07,1.2389999999999999,1575.9,68346.78300000001,14.53390625,2.443060869565217,2.43965625,10.43360313315927,0,3,1
Burgers,25274,Top Burgers Eatery,QSR,CBD,0.99,43.97,943,170,7474.9,348,193,232,15301.56,8486.21,10201.04,0.245497362390161,0.383827749593183,0.29,9,2.66,617.12,2770.76,1234.45,684.62,3164.15,0.22,0.45,0.25,0.3,7853.98,8.328716861081654,0.18027571580063625,0.36903499469777307,0.20466595970307527,0.2460233297985154,0.245497362390161,0.383827749593183,0.6293251119833441,0.1305,0.0725,0.798,933.5699999999999,41049.0729,16.203274853801172,3.5371060171919773,3.5289690721649483,13.580042918454936,0,3,0
Burgers,26448,King Burgers Eatery,Cafe,North Shore,1.03,31.39,1638,387,12147.93,563,313,375,17672.57,9825.07,11771.25,0.224799098894,0.420522309606895,0.27,4,1.18,442.5,4308.61,1496.49,831.97,3732.51,0.31,0.45,0.25,0.3,10369.58,6.33063492063492,0.23626373626373626,0.3437118437118437,0.19108669108669107,0.22893772893772893,0.224799098894,0.420522309606895,0.645321408500895,0.12150000000000001,0.0675,0.354,1687.14,52959.3246,11.104664948453607,2.6533510638297875,2.6495859872611467,9.926888297872342,0,0,1
Burgers,26168,Top Burgers Tavern,QSR,CBD,0.99,34.97,1300,276,9651.72,461,256,307,16121.17,8952.32,10735.79,0.226521106697619,0.36486871689558,0.32,3,0.89,273.23,3943.79,1428.5,793.27,4113.52,0.27,0.45,0.25,0.3,10279.08,7.906984615384616,0.21230769230769228,0.3546153846153846,0.19692307692307692,0.2361538461538462,0.226521106697619,0.36486871689558,0.5913898235931989,0.14400000000000002,0.08,0.267,1287.0,45006.39,14.237509025270757,3.091991341991342,3.0866536964980544,13.355584415584417,0,3,0
Burgers,25764,Classic Burgers Tavern,Cafe,North Shore,1.03,37.11,1456,336,12468.96,504,280,336,18703.44,10390.8,12468.96,0.2360489904508,0.409529471863061,0.29,12,3.54,1189.44,4419.27,1204.9,669.39,3229.83,0.3,0.45,0.25,0.3,9523.39,6.540789835164834,0.23076923076923078,0.34615384615384615,0.19230769230769232,0.23076923076923078,0.2360489904508,0.409529471863061,0.645578462313861,0.1305,0.0725,1.062,1499.68,55653.1248,13.113560830860536,2.3859405940594063,2.382170818505338,9.58406528189911,0,0,1
Burgers,25441,King Burgers Diner,QSR,South Auckland,1.05,36.78,1735,347,12762.66,625,347,416,22987.5,12762.66,15300.48,0.237731875423342,0.408459956105798,0.29,12,3.54,1472.64,4515.53,1466.79,814.36,3940.79,0.25,0.45,0.25,0.3,10737.47,6.188743515850144,0.19999999999999998,0.36023054755043227,0.19999999999999998,0.2397694524495677,0.237731875423342,0.408459956105798,0.64619183152914,0.1305,0.0725,1.062,1821.75,67003.96500000001,12.975660919540228,2.343115015974441,2.3401149425287358,9.450335731414867,0,3,2
Burgers,25118,Lucky Burgers Kitchen,Ghost Kitchen,North Shore,1.03,39.18,794,37,1449.66,341,189,227,13360.38,7405.02,8893.86,0.284464301879052,0.325273341638967,0.3,17,5.02,1139.54,565.75,1205.94,668.39,2331.4,0.05,0.45,0.25,0.3,4771.48,6.009420654911838,0.04659949622166247,0.42947103274559195,0.23803526448362722,0.2858942065491184,0.284464301879052,0.325273341638967,0.609737643518019,0.135,0.075,1.5059999999999998,817.82,32042.187599999997,14.888157894736842,3.5261403508771934,3.5178421052631577,10.225438596491228,0,2,1
Burgers,25240,Lucky Burgers Diner,Full-service,CBD,0.99,42.77,697,184,7869.68,231,128,154,9879.87,5474.56,6586.58,0.358047951781191,0.482824533013627,0.3,14,4.13,636.02,1252.28,-1391.8,-771.21,412.09,0.36,0.45,0.25,0.3,-498.64000000000004,-0.7154088952654233,0.26398852223816355,0.3314203730272597,0.1836441893830703,0.22094691535150643,0.358047951781191,0.482824533013627,0.8408724847948179,0.135,0.075,1.2389999999999999,690.03,29512.583100000003,6.769081081081081,-5.999137931034483,-5.978372093023256,2.6586451612903224,0,1,0
Burgers,25362,Urban Burgers Diner,QSR,CBD,0.99,35.17,1766,306,10762.02,657,365,438,23106.69,12837.05,15404.46,0.262723354194313,0.357786394609138,0.3,11,3.25,1423.5,4084.08,1836.76,1020.42,4422.34,0.21,0.45,0.25,0.3,11363.6,6.434654586636467,0.17327293318233297,0.37202718006795016,0.20668176670441676,0.24801812004530013,0.262723354194313,0.357786394609138,0.620509748803451,0.135,0.075,0.975,1748.34,61489.11779999999,13.303192182410424,2.7914285714285714,2.7880327868852457,10.07366742596811,0,3,0
Burgers,26132,King Burgers Corner,Full-service,CBD,0.99,39.73,1317,355,14104.15,433,240,289,17203.09,9535.2,11481.97,0.360780011594761,0.525970330834389,0.29,17,5.02,1450.78,1597.29,-3040.65,-1685.35,-150.45,0.37,0.45,0.25,0.3,-3279.16,-2.4898709187547454,0.2695520121488231,0.3287775246772969,0.18223234624145787,0.21943811693242216,0.360780011594761,0.525970330834389,0.8867503424291501,0.1305,0.0725,1.5059999999999998,1303.83,51801.1659,4.486769662921348,-7.006105990783411,-6.993153526970954,-0.5187931034482758,0,1,0
Burgers,25406,Lucky Burgers House,Cafe,CBD,0.99,37.64,749,181,6812.84,256,142,170,9635.84,5344.88,6398.8,0.228273102976382,0.430526344710961,0.31,4,1.18,200.6,2324.54,300.64,166.76,1982.67,0.32,0.45,0.25,0.3,4774.61,6.3746461949265685,0.2416555407209613,0.3417890520694259,0.18958611481975968,0.22696929238985314,0.228273102976382,0.430526344710961,0.658799447687343,0.1395,0.0775,0.354,741.51,27910.4364,12.772197802197802,1.169805447470817,1.166153846153846,11.594561403508772,0,0,0
Burgers,25729,Lucky Burgers Tavern,Full-service,South Auckland,1.05,42.75,1015,295,12611.25,324,180,216,13851.0,7695.0,9234.0,0.380284496734384,0.536712755588815,0.31,8,2.36,509.76,1046.77,-3144.14,-1746.74,256.69,0.41,0.45,0.25,0.3,-3587.4199999999996,-3.534403940886699,0.29064039408866993,0.3192118226600985,0.17733990147783252,0.21280788177339902,0.380284496734384,0.536712755588815,0.9169972523231991,0.1395,0.0775,0.708,1065.75,45560.8125,3.536385135135135,-9.674276923076922,-9.650497237569061,1.1829032258064516,0,1,2
Burgers,25851,King Burgers Diner,Cafe,West Auckland,1.04,36.7,1417,382,14019.4,466,259,310,17102.2,9505.3,11377.0,0.231182709317654,0.371880022669211,0.27,9,2.66,824.6,5564.82,2170.91,1206.58,3691.36,0.37,0.45,0.25,0.3,12633.67,8.915786873676781,0.26958362738179253,0.3288637967537051,0.18278052223006352,0.21877205363443897,0.231182709317654,0.371880022669211,0.603062731986865,0.12150000000000001,0.0675,0.798,1473.68,54084.056,14.529556135770234,4.648629550321199,4.640692307692308,11.869324758842444,0,0,3
Burgers,26337,Classic Burgers Tavern,Full-service,West Auckland,1.04,42.88,2113,570,24441.6,694,386,463,29758.72,16551.68,19853.44,0.369565804698505,0.46549183446914,0.28,9,2.66,1231.58,4031.46,-3423.97,-1904.4,2043.09,0.37,0.45,0.25,0.3,746.1800000000001,0.35313771888310463,0.26975863700899194,0.32844297207761475,0.18267865593942262,0.21911973497397064,0.369565804698505,0.46549183446914,0.835057639167645,0.12600000000000003,0.07,0.798,2197.52,94229.6576,7.060350262697023,-4.926575539568345,-4.92093023255814,4.403211206896551,0,1,3
Burgers,25975,Classic Burgers Eatery,QSR,CBD,0.99,30.06,825,148,4448.88,305,169,203,9168.3,5080.14,6102.18,0.202494739685208,0.436107656639069,0.32,8,2.36,479.08,1607.81,379.55,210.31,1726.23,0.22,0.45,0.25,0.3,3923.9,4.756242424242425,0.1793939393939394,0.3696969696969697,0.20484848484848486,0.24606060606060606,0.202494739685208,0.436107656639069,0.638602396324277,0.14400000000000002,0.08,0.708,816.75,24551.505,10.790671140939597,1.240359477124183,1.2371176470588234,8.461911764705883,0,3,0
Burgers,25328,Classic Burgers House,QSR,West Auckland,1.04,32.52,970,168,5463.36,361,200,241,11739.72,6504.0,7837.32,0.215737533532083,0.401023594220169,0.33,10,2.95,710.95,2093.77,625.01,346.27,2292.62,0.21,0.45,0.25,0.3,5357.67,5.523371134020619,0.1731958762886598,0.37216494845360826,0.2061855670103093,0.24845360824742269,0.215737533532083,0.401023594220169,0.616761127752252,0.14850000000000002,0.0825,0.885,1008.8000000000001,32806.176,12.389171597633135,1.7265469613259667,1.72273631840796,9.473636363636363,0,3,3
Burgers,26583,Lucky Burgers Cafe,QSR,North Shore,1.03,43.03,1024,211,9079.33,366,203,244,15748.98,8735.09,10499.32,0.253250066973269,0.390933547052555,0.27,5,1.48,361.12,3230.57,1351.52,749.61,3374.71,0.26,0.45,0.25,0.3,8706.41,8.502353515625,0.20605468750000003,0.35742187500000006,0.19824218750000003,0.23828125000000003,0.253250066973269,0.390933547052555,0.644183614025824,0.12150000000000001,0.0675,0.444,1054.72,45384.601599999995,15.238537735849057,3.6826158038147137,3.674558823529412,13.774326530612244,0,3,1
Burgers,25857,Classic Burgers Diner,Ghost Kitchen,West Auckland,1.04,32.08,671,55,1764.4,277,154,185,8886.16,4940.32,5934.8,0.27597480394179,0.327067295927554,0.32,13,3.84,710.4,700.39,683.86,380.2,1645.47,0.09,0.45,0.25,0.3,3409.92,5.081847988077496,0.0819672131147541,0.4128166915052161,0.22950819672131145,0.2757078986587183,0.27597480394179,0.327067295927554,0.603042099869344,0.14400000000000002,0.08,1.152,697.84,22386.7072,12.506964285714286,2.459928057553957,2.4529032258064514,8.846612903225807,0,2,3
Burgers,25979,Classic Burgers Bistro,Cafe,West Auckland,1.04,35.84,1759,493,17669.12,570,316,380,20428.8,11325.44,13619.2,0.20595526734367,0.354645486129448,0.29,4,1.18,448.4,7763.8,3052.05,1692.01,5535.87,0.39,0.45,0.25,0.3,18043.73,10.257947697555428,0.2802728823194997,0.32404775440591244,0.17964752700397954,0.21603183627060832,0.20595526734367,0.354645486129448,0.560600753473118,0.1305,0.0725,0.354,1829.3600000000001,65564.2624,15.716194331983806,5.345096322241681,5.337570977917981,14.529842519685038,0,0,3
Burgers,26625,Urban Burgers House,Cafe,West Auckland,1.04,45.87,1169,276,12660.12,402,223,268,18439.74,10229.01,12293.16,0.267751501314342,0.361398966470733,0.28,11,3.25,871.0,4695.0,1675.24,929.3,3687.91,0.31,0.45,0.25,0.3,10987.45,9.39901625320787,0.23609923011120618,0.34388366124893077,0.19076133447390933,0.2292557741659538,0.267751501314342,0.361398966470733,0.629150467785075,0.12600000000000003,0.07,0.975,1215.76,55766.9112,16.949458483754512,4.156923076923077,4.148660714285714,13.709702602230482,0,0,3
Burgers,26345,Lucky Burgers Eatery,Full-service,South Auckland,1.05,40.74,2077,737,30025.38,603,335,402,24566.22,13647.9,16377.48,0.377221892296802,0.537403645506129,0.27,11,3.25,1306.5,2563.4,-4535.55,-2519.75,91.72,0.55,0.45,0.25,0.3,-4400.179999999999,-2.1185267212325467,0.3548387096774194,0.2903225806451613,0.16129032258064516,0.1935483870967742,0.377221892296802,0.537403645506129,0.9146255378029309,0.12150000000000001,0.0675,0.975,2180.85,88847.829,3.4734417344173445,-7.509188741721855,-7.4992559523809526,0.22759305210918113,0,1,2
Burgers,25982,Lucky Burgers Diner,Full-service,CBD,0.99,35.49,767,227,8056.23,243,135,162,8624.07,4791.15,5749.38,0.39270140187582,0.531614781892858,0.29,12,3.54,573.48,609.73,-1848.28,-1026.82,-138.34,0.42,0.45,0.25,0.3,-2403.71,-3.1339113428943937,0.29595827900912647,0.3168187744458931,0.17601043024771837,0.21121251629726207,0.39270140187582,0.531614781892858,0.924316183768678,0.1305,0.0725,1.062,759.33,26948.6217,2.6742543859649124,-7.5749180327868855,-7.550147058823529,-0.8487116564417179,0,1,0
Burgers,26387,King Burgers Tavern,QSR,West Auckland,1.04,39.14,1607,311,12172.54,583,324,389,22818.62,12681.36,15225.46,0.248795143533498,0.413692677649669,0.28,10,2.95,1147.55,4108.38,1312.35,729.33,3991.23,0.24,0.45,0.25,0.3,10141.289999999999,6.310696950840074,0.19352831362787803,0.36278780336029864,0.2016179215930305,0.24206596141879275,0.248795143533498,0.413692677649669,0.662487821183167,0.12600000000000003,0.07,0.885,1671.28,65413.89920000001,13.167884615384615,2.2471746575342464,2.244092307692308,10.233923076923077,0,3,3
Burgers,25984,Urban Burgers Eatery,Full-service,North Shore,1.03,32.55,1689,592,19269.6,494,274,329,16079.7,8918.7,10708.95,0.372221825784072,0.533280635951087,0.3,17,5.02,1651.58,1820.93,-3304.42,-1832.81,-639.61,0.54,0.45,0.25,0.3,-3955.9100000000003,-2.3421610420367083,0.35050325636471286,0.29248075784487865,0.1622261693309651,0.1947898164594435,0.372221825784072,0.533280635951087,0.905502461735159,0.135,0.075,1.5059999999999998,1739.67,56626.258499999996,3.07070826306914,-6.6755959595959595,-6.664763636363636,-1.9382121212121213,0,1,1
Burgers,25136,Lucky Burgers Bistro,Full-service,South Auckland,1.05,36.91,718,201,7418.91,233,129,155,8600.03,4761.39,5721.05,0.3750371051603,0.523758488497697,0.29,6,1.77,274.35,750.83,-1623.65,-898.93,304.65,0.39,0.45,0.25,0.3,-1467.1,-2.0433147632311974,0.2799442896935933,0.3245125348189415,0.1796657381615599,0.21587743732590528,0.3750371051603,0.523758488497697,0.898795593657997,0.1305,0.0725,0.531,753.9,27826.449,3.7169801980198023,-6.938675213675214,-6.914846153846153,1.9528846153846153,0,1,2
Burgers,25986,Urban Burgers Diner,Full-service,CBD,0.99,34.6,1341,396,13701.6,425,236,284,14705.0,8165.6,9826.4,0.367587539204396,0.451949392282404,0.31,5,1.48,420.32,2472.63,-1904.84,-1057.75,1352.98,0.42,0.45,0.25,0.3,863.0200000000002,0.643564504101417,0.2953020134228188,0.3169276659209545,0.17598806860551827,0.2117822520507084,0.367587539204396,0.451949392282404,0.8195369314868,0.1395,0.0775,0.444,1327.59,45934.614,6.228287153652393,-4.471455399061033,-4.463080168776371,4.747298245614036,0,1,0
Burgers,25865,Lucky Burgers Tavern,Full-service,South Auckland,1.05,33.02,1182,325,10731.5,386,214,257,12745.72,7066.28,8486.14,0.365703985537402,0.51030377978459,0.28,5,1.48,380.36,1330.62,-1988.43,-1102.39,671.86,0.38,0.45,0.25,0.3,-1088.3400000000001,-0.9207614213197971,0.27495769881556686,0.32656514382402707,0.18104906937394247,0.2174280879864636,0.365703985537402,0.51030377978459,0.876007765321992,0.12600000000000003,0.07,0.444,1241.1000000000001,40981.122,4.081656441717791,-5.138062015503876,-5.12739534883721,2.604108527131783,0,1,2
Burgers,25017,King Burgers Corner,QSR,West Auckland,1.04,44.7,816,173,7733.1,289,161,193,12918.3,7196.7,8627.1,0.205784262046218,0.446330712852068,0.31,13,3.84,741.12,2690.23,489.41,272.65,2260.12,0.27,0.45,0.25,0.3,5712.41,7.000502450980392,0.21200980392156862,0.35416666666666663,0.19730392156862742,0.23651960784313725,0.205784262046218,0.446330712852068,0.652114974898286,0.1395,0.0775,1.152,848.64,37934.208000000006,15.461091954022988,1.6876206896551724,1.6830246913580245,11.650103092783505,0,3,3
Burgers,26233,Urban Burgers Diner,Cafe,West Auckland,1.04,35.51,766,226,8025.26,243,135,162,8628.93,4793.85,5752.62,0.253127012141049,0.428174694231711,0.29,4,1.18,191.16,2557.64,247.64,137.58,1642.19,0.42,0.45,0.25,0.3,4585.049999999999,5.985704960835508,0.29503916449086165,0.3172323759791123,0.17624020887728462,0.21148825065274152,0.253127012141049,0.428174694231711,0.68130170637276,0.1305,0.0725,0.354,796.64,28288.686400000002,11.267136563876651,1.0149180327868852,1.0116176470588236,10.07478527607362,0,0,3
Burgers,25868,Urban Burgers Cafe,QSR,CBD,0.99,32.03,1723,355,11370.65,616,342,410,19730.48,10954.26,13132.3,0.234714273512363,0.389967869943939,0.33,3,0.89,364.9,4267.61,894.14,496.42,4563.89,0.26,0.45,0.25,0.3,10222.060000000001,5.932710388856647,0.2060359837492745,0.3575159605339524,0.19849100406268136,0.23795705165409167,0.234714273512363,0.389967869943939,0.624682143456302,0.14850000000000002,0.0825,0.267,1705.77,54635.8131,11.987668539325842,1.4491734197730957,1.4472886297376093,11.104355231143552,0,3,0
Burgers,25752,Lucky Burgers Cafe,QSR,West Auckland,1.04,42.74,571,106,4530.44,209,116,140,8932.66,4957.84,5983.6,0.204433186091483,0.368527346709743,0.31,16,4.72,660.8,1934.68,1045.47,580.26,1894.43,0.23,0.45,0.25,0.3,5454.84,9.553134851138354,0.18563922942206654,0.3660245183887916,0.2031523642732049,0.24518388791593695,0.204433186091483,0.368527346709743,0.572960532801226,0.1395,0.0775,1.416,593.84,25380.7216,18.081121495327103,4.978428571428571,4.959487179487179,13.43567375886525,0,3,3
Burgers,26679,Classic Burgers Bistro,Full-service,South Auckland,1.05,43.21,2217,768,33185.28,652,362,435,28172.92,15642.02,18796.35,0.350344858248718,0.518257090845145,0.28,9,2.66,1157.1,4360.48,-4186.55,-2324.43,1312.7,0.53,0.45,0.25,0.3,-837.8000000000004,-0.377898060442039,0.3464140730717185,0.2940911141181777,0.16328371673432565,0.19621109607577805,0.350344858248718,0.518257090845145,0.868601949093863,0.12600000000000003,0.07,0.798,2327.85,100586.39850000001,5.6703250975292585,-6.4112557427258805,-6.403388429752066,3.0107798165137614,0,1,2
Burgers,25428,Urban Burgers House,Cafe,West Auckland,1.04,44.37,1007,214,9495.18,357,198,238,15840.09,8785.26,10560.06,0.217458676826209,0.386310460767709,0.33,17,5.02,1194.76,3762.28,1049.1,581.86,2989.46,0.27,0.45,0.25,0.3,8382.7,8.324428997020854,0.21251241310824232,0.35451837140019865,0.19662363455809337,0.23634558093346575,0.217458676826209,0.386310460767709,0.603769137593918,0.14850000000000002,0.0825,1.5059999999999998,1047.28,46467.8136,17.49897674418605,2.9304469273743012,2.9239195979899497,12.508200836820084,0,0,3
Burgers,25993,Urban Burgers Tavern,Cafe,CBD,0.99,29.79,1320,403,12005.37,413,229,275,12303.27,6821.91,8192.25,0.205143917854875,0.386287430371158,0.27,15,4.43,1218.25,4905.02,1704.85,945.3,2128.85,0.44,0.45,0.25,0.3,9684.02,7.336378787878788,0.3053030303030303,0.31287878787878787,0.17348484848484846,0.20833333333333331,0.205143917854875,0.386287430371158,0.5914313482260329,0.12150000000000001,0.0675,1.329,1306.8,38929.572,12.141138613861386,4.117995169082126,4.109999999999999,7.713224637681159,0,0,0
Burgers,25792,Lucky Burgers House,Cafe,South Auckland,1.05,31.95,1477,332,10607.4,515,286,344,16454.25,9137.7,10990.8,0.250087344944477,0.435533619252965,0.32,5,1.48,509.12,3334.74,-92.49,-51.36,2946.16,0.29,0.45,0.25,0.3,6137.049999999999,4.155077860528097,0.22477995937711573,0.3486797562626946,0.1936357481381178,0.23290453622207172,0.250087344944477,0.435533619252965,0.685620964197442,0.14400000000000002,0.08,0.444,1550.8500000000001,49549.65750000001,10.014234234234234,-0.17924418604651163,-0.1789547038327526,8.53959420289855,0,0,2
Burgers,26481,Classic Burgers Corner,Full-service,CBD,0.99,37.26,1844,646,24069.96,539,300,359,20083.14,11178.0,13376.34,0.39807917958824,0.524663152103312,0.29,5,1.48,531.32,1859.59,-4272.53,-2378.03,502.1,0.54,0.45,0.25,0.3,-4288.869999999999,-2.3258514099783074,0.35032537960954446,0.2922993492407809,0.16268980477223427,0.19468546637744033,0.39807917958824,0.524663152103312,0.9227423316915521,0.1305,0.0725,0.444,1825.56,68020.3656,2.8741731066460585,-7.912092592592592,-7.900431893687708,1.3947222222222222,0,1,0
Burgers,25633,King Burgers Bistro,Cafe,CBD,0.99,34.47,1323,328,11306.16,448,249,298,15442.56,8583.03,10272.06,0.220614445898682,0.417049959558062,0.28,4,1.18,351.64,4096.62,1271.47,706.69,3370.29,0.33,0.45,0.25,0.3,9445.07,7.139130763416477,0.24792139077853365,0.3386243386243386,0.18820861678004538,0.2252456538170824,0.220614445898682,0.417049959558062,0.637664405456744,0.12600000000000003,0.07,0.354,1309.77,45147.7719,12.451732522796352,2.831781737193764,2.82676,11.271872909698997,0,0,0
Burgers,25634,Lucky Burgers Tavern,Full-service,South Auckland,1.05,32.98,1176,392,12928.16,353,196,235,11641.94,6464.08,7750.3,0.377704025036655,0.525246279360727,0.27,16,4.72,1109.2,1254.67,-2013.48,-1117.96,-357.04,0.5,0.45,0.25,0.3,-2233.81,-1.8994982993197278,0.3333333333333333,0.30017006802721086,0.16666666666666666,0.19982993197278912,0.377704025036655,0.525246279360727,0.902950304397382,0.12150000000000001,0.0675,1.416,1234.8,40723.704000000005,3.192544529262087,-5.6877966101694915,-5.674923857868021,-1.5128813559322034,0,1,2
Burgers,25514,Top Burgers Grill,Cafe,South Auckland,1.05,33.28,1492,395,13145.6,494,274,329,16440.32,9118.72,10949.12,0.222624632734805,0.388613134040497,0.28,12,3.54,1164.66,5110.51,1788.09,991.77,3091.94,0.36,0.45,0.25,0.3,10982.310000000001,7.360797587131368,0.26474530831099197,0.33109919571045576,0.18364611260053618,0.2205093833780161,0.222624632734805,0.388613134040497,0.6112377667753021,0.12600000000000003,0.07,1.062,1566.6000000000001,52136.448000000004,12.905328282828284,3.61230303030303,3.6064363636363637,9.369515151515152,0,0,2
Burgers,26363,Urban Burgers Bistro,Full-service,West Auckland,1.04,39.07,944,244,9533.08,315,175,210,12307.05,6837.25,8204.7,0.386807536554989,0.548085522628389,0.29,17,5.02,1054.2,620.67,-2767.77,-1537.65,-520.02,0.35,0.45,0.25,0.3,-4204.77,-4.454205508474577,0.2584745762711864,0.33368644067796605,0.18538135593220337,0.22245762711864409,0.386807536554989,0.548085522628389,0.9348930591833781,0.1305,0.0725,1.5059999999999998,981.76,38357.3632,2.53334693877551,-8.75876582278481,-8.736647727272727,-2.464549763033175,0,1,3
Burgers,25273,Urban Burgers Diner,QSR,West Auckland,1.04,35.47,1810,326,11563.22,668,371,445,23693.96,13159.37,15784.15,0.274782668221742,0.353325877268799,0.28,5,1.48,658.6,4300.26,2177.27,1209.23,5211.39,0.22,0.45,0.25,0.3,12898.150000000001,7.126049723756907,0.18011049723756903,0.36906077348066296,0.20497237569060772,0.2458563535911602,0.274782668221742,0.353325877268799,0.6281085454905411,0.12600000000000003,0.07,0.444,1882.4,66768.728,13.150642201834863,3.2545142002989538,3.2506182795698924,11.684730941704037,0,3,3
Burgers,25799,Classic Burgers Tavern,Cafe,North Shore,1.03,40.97,1453,360,14749.2,492,273,328,20157.24,11184.81,13438.16,0.256673604026437,0.374815878807567,0.29,8,2.36,774.08,5435.24,1582.56,878.13,4178.02,0.33,0.45,0.25,0.3,12073.95,8.309669649002066,0.2477632484514797,0.33860977288368893,0.18788713007570543,0.22573984858912594,0.256673604026437,0.374815878807567,0.6314894828340041,0.1305,0.0725,0.708,1496.5900000000001,61315.29230000001,15.05606648199446,3.2100608519269778,3.2048540145985402,12.699148936170214,0,0,1
Burgers,25679,King Burgers Corner,Cafe,West Auckland,1.04,35.23,1472,405,14268.15,480,267,320,16910.4,9406.41,11273.6,0.23035262202844,0.405054507683963,0.31,11,3.25,1040.0,5202.07,923.19,513.52,3070.27,0.38,0.45,0.25,0.3,9709.050000000001,6.595822010869566,0.27513586956521735,0.32608695652173914,0.18138586956521738,0.21739130434782608,0.23035262202844,0.405054507683963,0.635407129712403,0.1395,0.0775,0.975,1530.88,53932.902400000006,12.812980295566502,1.9193139293139294,1.9161194029850745,9.564704049844236,0,0,3
Burgers,26530,Classic Burgers Corner,QSR,South Auckland,1.05,32.53,1788,334,10865.02,654,364,436,21274.62,11840.92,14183.08,0.25713261788711,0.365716954646632,0.31,4,1.18,514.48,4097.75,1428.6,795.12,4834.67,0.23,0.45,0.25,0.3,11156.14,6.239451901565995,0.18680089485458615,0.3657718120805369,0.203579418344519,0.24384787472035793,0.25713261788711,0.365716954646632,0.622849572533742,0.1395,0.0775,0.354,1877.4,61071.822,12.232089552238806,2.181068702290076,2.1784109589041094,11.063318077803205,0,3,2
Burgers,26289,Classic Burgers Corner,Cafe,West Auckland,1.04,32.53,1605,450,14638.5,520,289,346,16915.6,9401.17,11255.38,0.217269171178341,0.380000990000553,0.28,13,3.84,1328.64,5895.36,2076.05,1153.8,3204.24,0.39,0.45,0.25,0.3,12329.449999999999,7.681900311526479,0.28037383177570097,0.32398753894081,0.1800623052959502,0.21557632398753895,0.217269171178341,0.380000990000553,0.597270161178894,0.12600000000000003,0.07,1.152,1669.2,54299.075999999994,13.071751662971174,3.9847408829174666,3.9786206896551723,9.234121037463977,0,0,3
Burgers,26330,Lucky Burgers Corner,Full-service,West Auckland,1.04,39.35,825,248,9758.8,260,144,173,10231.0,5666.4,6807.55,0.392022967257071,0.486661771452054,0.29,8,2.36,408.28,1183.89,-1725.81,-955.84,417.58,0.43,0.45,0.25,0.3,-1080.1799999999998,-1.3093090909090908,0.3006060606060606,0.3151515151515152,0.17454545454545456,0.20969696969696972,0.392022967257071,0.486661771452054,0.878684738709125,0.1305,0.0725,0.708,858.0,33762.299999999996,4.754578313253012,-6.612298850574712,-6.5920000000000005,2.3998850574712645,0,1,3
Burgers,25885,Top Burgers Diner,Full-service,North Shore,1.03,34.32,1174,323,11085.36,383,213,255,13144.56,7310.16,8751.6,0.387164082087111,0.515003904979676,0.28,6,1.77,451.35,1084.5,-2394.52,-1331.68,404.84,0.38,0.45,0.25,0.3,-2236.8599999999997,-1.9053321976149913,0.27512776831345825,0.3262350936967632,0.18143100511073254,0.217206132879046,0.387164082087111,0.515003904979676,0.9021679870667869,0.12600000000000003,0.07,0.531,1209.22,41500.430400000005,3.3472222222222223,-6.235729166666666,-6.222803738317757,1.58140625,0,1,1
Burgers,26249,King Burgers Cafe,QSR,North Shore,1.03,35.41,1436,249,8817.09,534,297,356,18908.94,10516.77,12605.96,0.213341122977436,0.359465803625062,0.32,4,1.18,420.08,3766.6,2026.91,1127.32,4965.1,0.21,0.45,0.25,0.3,11885.93,8.277110027855153,0.1733983286908078,0.3718662952646239,0.20682451253481896,0.24791086350974928,0.213341122977436,0.359465803625062,0.572806926602498,0.14400000000000002,0.08,0.354,1479.08,52374.2228,15.0664,3.7886168224299066,3.782953020134228,13.907843137254902,0,3,1
Burgers,25888,Urban Burgers Bistro,QSR,West Auckland,1.04,41.3,1555,290,11977.0,569,316,380,23499.7,13050.8,15694.0,0.211456354279071,0.357483346411027,0.28,17,5.02,1907.6,5162.81,3549.87,1971.46,4857.46,0.23,0.45,0.25,0.3,15541.599999999999,9.99459807073955,0.1864951768488746,0.36591639871382636,0.20321543408360127,0.24437299035369775,0.211456354279071,0.357483346411027,0.568939700690098,0.12600000000000003,0.07,1.5059999999999998,1617.2,66790.36,17.741615120274915,6.227842105263158,6.219116719242902,12.749238845144356,0,3,3
Burgers,25243,Classic Burgers Kitchen,QSR,South Auckland,1.05,43.9,852,186,8165.4,300,166,200,13170.0,7287.4,8780.0,0.222447801288217,0.43631492650602,0.28,4,1.18,236.0,2786.34,806.49,446.26,2760.06,0.28,0.45,0.25,0.3,6799.15,7.980223004694835,0.21830985915492956,0.352112676056338,0.1948356807511737,0.23474178403755866,0.222447801288217,0.43631492650602,0.658762727794237,0.12600000000000003,0.07,0.354,894.6,39272.94,14.900213903743316,2.67936877076412,2.6722155688622755,13.731641791044776,0,3,2
Burgers,26335,Classic Burgers Grill,Cafe,North Shore,1.03,37.85,1666,374,14155.9,581,323,388,21990.85,12225.55,14685.8,0.256328370049596,0.380535143613815,0.3,16,4.72,1831.36,5140.52,1388.43,771.88,3501.59,0.29,0.45,0.25,0.3,10802.420000000002,6.4840456182473,0.22448979591836732,0.34873949579831925,0.19387755102040813,0.23289315726290513,0.256328370049596,0.380535143613815,0.6368635136634111,0.135,0.075,1.416,1715.98,64949.84300000001,13.708053333333334,2.385618556701031,2.382345679012346,9.001516709511568,0,0,1
Burgers,26133,Top Burgers Grill,Full-service,South Auckland,1.05,43.17,2337,819,35356.23,683,380,455,29485.11,16404.6,19642.35,0.381036338047124,0.471940107853152,0.3,12,3.54,1610.7,5198.2,-4510.53,-2509.52,1277.19,0.54,0.45,0.25,0.3,-544.6599999999999,-0.23305947796320062,0.3504492939666239,0.292255027813436,0.16260162601626013,0.1946940522036799,0.381036338047124,0.471940107853152,0.852976445900276,0.135,0.075,1.062,2453.85,105932.7045,6.3392682926829265,-6.5943421052631574,-6.586666666666667,2.800855263157895,0,1,2
Burgers,25892,Urban Burgers Kitchen,Full-service,South Auckland,1.05,40.54,860,258,10459.32,271,150,181,10986.34,6081.0,7337.74,0.391001238534227,0.522507620276883,0.31,6,1.77,320.37,904.64,-2455.54,-1359.16,314.28,0.43,0.45,0.25,0.3,-2595.7800000000007,-3.0183488372093032,0.3,0.3151162790697674,0.1744186046511628,0.21046511627906975,0.391001238534227,0.522507620276883,0.91350885881111,0.1395,0.0775,0.531,903.0,36607.62,3.4928185328185326,-9.027720588235294,-9.001059602649008,1.7268131868131866,0,1,2
Burgers,26377,Classic Burgers Kitchen,Cafe,West Auckland,1.04,38.11,1642,349,13300.39,582,323,388,22180.02,12309.53,14786.68,0.234164984412491,0.381075059808791,0.3,13,3.84,1489.92,5117.46,1879.98,1043.36,4199.4,0.27,0.45,0.25,0.3,12240.2,7.454445797807552,0.2125456760048721,0.35444579780755175,0.1967113276492083,0.23629719853836784,0.234164984412491,0.381075059808791,0.615240044221282,0.135,0.075,1.152,1707.68,65079.6848,14.621314285714286,3.224665523156089,3.2202469135802465,10.795372750642672,0,0,3
Burgers,25287,Lucky Burgers Corner,QSR,South Auckland,1.05,47.23,526,98,4628.54,193,107,128,9115.39,5053.61,6045.44,0.211309203915298,0.36264536564704,0.31,5,1.48,189.44,1971.97,1057.8,586.45,2386.19,0.23,0.45,0.25,0.3,6002.41,11.411425855513308,0.18631178707224336,0.3669201520912547,0.20342205323193915,0.24334600760456274,0.211309203915298,0.36264536564704,0.573954569562338,0.1395,0.0775,0.444,552.3000000000001,26085.129,19.91888888888889,5.452577319587629,5.430092592592593,18.497596899224806,0,3,2
Burgers,25368,Top Burgers Diner,QSR,South Auckland,1.05,38.55,1561,341,13145.55,549,305,366,21163.95,11757.75,14109.3,0.266912924479693,0.354677672032267,0.32,5,1.48,541.68,4974.4,1236.17,686.76,4797.41,0.28,0.45,0.25,0.3,11694.74,7.4918257527226135,0.2184497117232543,0.35169762972453555,0.19538757206918642,0.23446508648302367,0.266912924479693,0.354677672032267,0.62159059651196,0.14400000000000002,0.08,0.444,1639.0500000000002,63185.3775,14.54502923976608,2.247581818181818,2.244313725490196,13.071961852861035,0,3,2
Burgers,25451,Classic Burgers Corner,Cafe,South Auckland,1.05,41.44,984,300,12432.0,308,171,205,12763.52,7086.24,8495.2,0.222411846090108,0.436329520796426,0.32,11,3.25,666.25,4242.53,271.33,150.64,2232.81,0.44,0.45,0.25,0.3,6897.3099999999995,7.0094613821138205,0.30487804878048774,0.3130081300813008,0.173780487804878,0.20833333333333331,0.222411846090108,0.436329520796426,0.6587413668865341,0.14400000000000002,0.08,0.975,1033.2,42815.80800000001,14.094784053156145,0.8780906148867313,0.875813953488372,10.83888349514563,0,0,2
Burgers,25048,King Burgers Tavern,Cafe,South Auckland,1.05,40.63,554,114,4631.82,198,110,132,8044.74,4469.3,5363.16,0.200429155789316,0.35453076865524,0.28,7,2.07,273.24,2061.35,1327.7,737.61,2113.58,0.26,0.45,0.25,0.3,6240.24,11.263971119133574,0.20577617328519854,0.3574007220216606,0.19855595667870035,0.23826714801444043,0.200429155789316,0.35453076865524,0.554959924444556,0.12600000000000003,0.07,0.6209999999999999,581.7,23634.471,17.92478260869565,6.671859296482412,6.645135135135135,15.891578947368421,0,0,2
Burgers,26503,Urban Burgers Diner,Cafe,CBD,0.99,36.75,1997,560,20580.0,647,359,431,23777.25,13193.25,15839.25,0.263923700116575,0.382818424794823,0.27,9,2.66,1146.46,7270.05,1979.64,1098.44,4448.88,0.39,0.45,0.25,0.3,14797.010000000002,7.409619429143716,0.2804206309464196,0.32398597896845266,0.17976965448172258,0.21582373560340512,0.263923700116575,0.382818424794823,0.646742124911398,0.12150000000000001,0.0675,0.798,1977.03,72655.8525,12.959090909090909,3.055,3.0512222222222225,10.298333333333334,0,0,0
Burgers,25453,Lucky Burgers Bistro,QSR,CBD,0.99,40.73,1883,423,17228.79,657,365,438,26759.61,14866.45,17839.74,0.2507327029109,0.355853980407119,0.33,4,1.18,516.84,6778.04,1696.92,942.73,6501.55,0.29,0.45,0.25,0.3,15919.239999999998,8.454190122145512,0.2246415294742432,0.3489113117365905,0.19383961763143917,0.23260754115772703,0.2507327029109,0.355853980407119,0.606586683318019,0.14850000000000002,0.0825,0.354,1864.17,75927.6441,15.985943396226414,2.578905775075988,2.5757650273224044,14.80990888382688,0,3,0
Burgers,26020,Classic Burgers Bistro,QSR,South Auckland,1.05,44.75,1737,301,13469.75,646,359,431,28908.5,16065.25,19287.25,0.272589227110147,0.380867166561075,0.3,6,1.77,762.87,4667.86,1345.51,747.73,5921.0,0.21,0.45,0.25,0.3,12682.1,7.301151410477836,0.1732872769142199,0.3719055843408175,0.206678180771445,0.24812895797351756,0.272589227110147,0.380867166561075,0.653456393671222,0.135,0.075,0.531,1823.8500000000001,81617.2875,15.456490066225165,2.079613601236476,2.077027777777778,13.706018518518519,0,3,2
Burgers,25295,Lucky Burgers Kitchen,Full-service,West Auckland,1.04,43.59,1826,640,27897.6,534,296,356,23277.06,12902.64,15518.04,0.373207673185971,0.532346804463305,0.31,8,2.36,840.16,2634.8,-5017.47,-2781.22,625.45,0.54,0.45,0.25,0.3,-4538.44,-2.4854545454545454,0.35049288061336253,0.2924424972617744,0.16210295728368018,0.19496166484118294,0.373207673185971,0.532346804463305,0.9055544776492759,0.1395,0.0775,0.708,1899.04,82779.1536,4.110452418096724,-9.378448598130841,-9.364377104377104,1.7519607843137257,0,1,3
Burgers,26671,Classic Burgers Cafe,Full-service,West Auckland,1.04,42.22,1874,641,27063.02,555,308,370,23432.1,13003.76,15621.4,0.394817593600601,0.498372889729217,0.3,9,2.66,984.2,2890.59,-4526.86,-2512.2,684.31,0.52,0.45,0.25,0.3,-3464.1599999999994,-1.8485378868729987,0.34204909284951973,0.29615795090715047,0.16435432230522945,0.19743863393810032,0.394817593600601,0.498372889729217,0.893190483329818,0.135,0.075,0.798,1948.96,82285.0912,4.502476635514019,-8.1418345323741,-8.13009708737864,1.8445013477088947,0,1,3
Burgers,26024,King Burgers Tavern,Cafe,North Shore,1.03,43.59,1346,363,15823.17,442,246,295,19266.78,10723.14,12859.05,0.245329592768103,0.43988708013203,0.29,14,4.13,1218.35,4980.87,477.49,265.76,2829.46,0.37,0.45,0.25,0.3,8553.58,6.35481426448737,0.26968796433878156,0.32838038632986627,0.1827637444279346,0.21916790490341753,0.245329592768103,0.43988708013203,0.685216672900133,0.1305,0.0725,1.2389999999999999,1386.38,60432.3042,13.68370879120879,1.0778555304740407,1.0759514170040485,9.558986486486486,0,0,1
Burgers,26308,King Burgers Corner,QSR,North Shore,1.03,40.48,654,143,5788.64,230,128,153,9310.4,5181.44,6193.44,0.250099211297929,0.40528278448619,0.28,13,3.84,587.52,1994.87,601.62,334.81,1546.85,0.28,0.45,0.25,0.3,4478.15,6.847324159021406,0.21865443425076456,0.3516819571865443,0.19571865443425077,0.23394495412844038,0.250099211297929,0.40528278448619,0.6553819957841189,0.12600000000000003,0.07,1.152,673.62,27268.1376,13.853263888888888,2.6044155844155843,2.5954263565891473,10.04448051948052,0,3,1
Burgers,26269,King Burgers Bistro,QSR,West Auckland,1.04,46.32,1416,264,12228.48,518,288,346,23993.76,13340.16,16026.72,0.253642575778067,0.438303783792071,0.29,13,3.84,1328.64,3767.03,433.17,240.84,3608.45,0.23,0.45,0.25,0.3,8049.49,5.684668079096045,0.1864406779661017,0.365819209039548,0.2033898305084746,0.2443502824858757,0.253642575778067,0.438303783792071,0.6919463595701381,0.1305,0.0725,1.152,1472.64,68212.6848,14.215207547169813,0.8346242774566475,0.8333564013840831,10.398991354466858,0,3,3
Burgers,25056,King Burgers Bistro,QSR,North Shore,1.03,42.74,1118,209,8932.66,409,227,273,17480.66,9701.98,11668.02,0.265899494551122,0.386587538965978,0.31,13,3.84,1048.32,3104.22,655.75,363.95,3006.47,0.23,0.45,0.25,0.3,7130.389999999999,6.377808586762074,0.18694096601073343,0.3658318425760286,0.20304114490161,0.24418604651162787,0.265899494551122,0.386587538965978,0.6524870335171,0.1395,0.0775,1.152,1151.54,49216.81960000001,14.781999999999998,1.599390243902439,1.5962719298245613,10.972518248175183,0,3,1
Burgers,25664,Classic Burgers Diner,Full-service,South Auckland,1.05,33.27,2067,547,18198.69,684,380,456,22756.68,12642.6,15171.12,0.371119313745294,0.5243249097839,0.3,6,1.77,807.12,1902.78,-4447.66,-2470.92,779.11,0.36,0.45,0.25,0.3,-4236.6900000000005,-2.049680696661829,0.2646347363328495,0.3309143686502177,0.18384131591678762,0.22060957910014517,0.371119313745294,0.5243249097839,0.895444223529194,0.135,0.075,0.531,2170.35,72207.5445,3.4722262773722625,-6.492934306569343,-6.485354330708661,1.7048358862144422,0,1,2
Burgers,25098,Urban Burgers House,QSR,South Auckland,1.05,32.49,1402,271,8804.79,509,283,339,16537.41,9194.67,11014.11,0.266895290240645,0.420822645397857,0.32,12,3.54,1200.06,2749.58,-127.63,-70.96,2239.45,0.24,0.45,0.25,0.3,4790.44,3.4168616262482168,0.19329529243937232,0.36305278174037087,0.20185449358059912,0.24179743223965763,0.266895290240645,0.420822645397857,0.687717935638502,0.14400000000000002,0.08,1.062,1472.1000000000001,47828.529,10.10875,-0.2502549019607843,-0.24985915492957744,6.586617647058823,0,3,2
Burgers,26272,Classic Burgers House,Full-service,South Auckland,1.05,40.98,1981,694,28440.12,579,322,386,23727.42,13195.56,15818.28,0.352443372423295,0.465550076309592,0.29,14,4.13,1594.18,5176.29,-2562.41,-1425.03,1284.85,0.54,0.45,0.25,0.3,2473.7,1.2487127713276123,0.35032811711256945,0.29227662796567394,0.16254416961130744,0.1948510853104493,0.352443372423295,0.465550076309592,0.817993448732887,0.1305,0.0725,1.2389999999999999,2080.05,85240.449,7.447899280575539,-4.417948275862068,-4.411857585139319,3.3200258397932814,0,1,2
Burgers,25952,Urban Burgers Diner,QSR,CBD,0.99,38.99,1361,236,9201.64,506,281,338,19728.94,10956.19,13178.62,0.220859476216137,0.38831839018967,0.31,13,3.84,1297.92,3596.2,1594.54,885.5,3852.58,0.21,0.45,0.25,0.3,9928.82,7.295238795003674,0.1734019103600294,0.37178545187362233,0.20646583394562823,0.24834680382072008,0.220859476216137,0.38831839018967,0.609177866405807,0.1395,0.0775,1.152,1347.39,52534.7361,15.173839662447257,3.145049309664694,3.1400709219858154,11.364542772861357,0,3,0
Burgers,26638,King Burgers Tavern,QSR,South Auckland,1.05,42.95,1770,342,14688.9,643,357,428,27616.85,15333.15,18382.6,0.249971202947199,0.427493211836554,0.32,13,3.84,1643.52,4737.69,70.02,38.88,4285.52,0.24,0.45,0.25,0.3,9132.11,5.159384180790961,0.19322033898305085,0.36327683615819206,0.20169491525423727,0.24180790960451976,0.249971202947199,0.427493211836554,0.677464414783753,0.14400000000000002,0.08,1.152,1858.5,79822.575,13.812507288629737,0.10872670807453416,0.10860335195530726,9.989557109557111,0,3,2
Burgers,26678,Classic Burgers Eatery,Full-service,West Auckland,1.04,32.08,1076,296,9495.68,351,195,234,11260.08,6255.6,7506.72,0.398038577020634,0.502873965259641,0.29,14,4.13,966.42,940.9,-2149.69,-1194.27,-222.6,0.38,0.45,0.25,0.3,-2625.66,-2.4402044609665428,0.275092936802974,0.3262081784386617,0.1812267657992565,0.2174721189591078,0.398038577020634,0.502873965259641,0.9009125422802751,0.1305,0.0725,1.2389999999999999,1119.04,35898.8032,3.1680134680134677,-6.107073863636364,-6.093214285714286,-0.9472340425531914,0,1,3
Burgers,25549,Classic Burgers Kitchen,Full-service,CBD,0.99,36.24,2259,792,28702.08,660,367,440,23918.4,13300.08,15945.6,0.395926966192201,0.537365405936725,0.3,6,1.77,778.8,1914.65,-5579.98,-3102.81,284.89,0.54,0.45,0.25,0.3,-6483.249999999999,-2.869964586100044,0.350597609561753,0.2921646746347942,0.1624612660469234,0.19477644975652944,0.395926966192201,0.537365405936725,0.933292372128926,0.135,0.075,0.531,2236.41,81047.4984,2.414438839848676,-8.441724659606656,-8.431548913043478,0.6460090702947846,0,1,0
Burgers,25711,Urban Burgers Bistro,Full-service,West Auckland,1.04,34.78,2294,754,26224.12,693,385,462,24102.54,13390.3,16068.36,0.361362559814006,0.486428520735353,0.28,5,1.48,683.76,3991.54,-3080.09,-1711.16,1761.99,0.49,0.45,0.25,0.3,962.2799999999997,0.4194768962510897,0.3286835222319093,0.30209241499564077,0.16782911944202264,0.20139494333042718,0.361362559814006,0.486428520735353,0.8477910805493589,0.12600000000000003,0.07,0.444,2385.76,82976.73280000001,5.2868079470198674,-4.438170028818444,-4.433056994818653,3.805593952483801,0,1,3
Burgers,25916,King Burgers Tavern,Ghost Kitchen,West Auckland,1.04,42.82,1305,85,3639.7,549,305,366,23508.18,13060.1,15672.12,0.266825651482213,0.231089033186436,0.33,15,4.43,1621.38,1827.44,4045.41,2247.45,6247.36,0.07,0.45,0.25,0.3,14367.66,11.009701149425288,0.06513409961685823,0.42068965517241375,0.23371647509578541,0.2804597701149425,0.266825651482213,0.231089033186436,0.49791468466864897,0.14850000000000002,0.0825,1.329,1357.2,58115.30400000001,21.249302325581397,7.355290909090908,7.344607843137254,17.02277929155313,0,2,3
Burgers,26280,Urban Burgers Cafe,Cafe,South Auckland,1.05,36.28,956,220,7981.6,331,184,221,12008.68,6675.52,8017.88,0.236116115953773,0.406607018969953,0.32,7,2.07,457.47,2851.64,447.65,248.84,2407.13,0.3,0.45,0.25,0.3,5955.26,6.229351464435147,0.23012552301255232,0.346234309623431,0.19246861924686193,0.23117154811715482,0.236116115953773,0.406607018969953,0.642723134923726,0.14400000000000002,0.08,0.6209999999999999,1003.8000000000001,36417.864,12.903348416289592,1.3483433734939758,1.3450810810810812,10.842927927927928,0,0,2
Burgers,25797,King Burgers Kitchen,QSR,North Shore,1.03,43.64,1482,324,14139.36,521,290,347,22736.44,12655.6,15143.08,0.245809584632516,0.388785904622637,0.27,4,1.18,409.46,5166.59,2169.16,1207.4,5123.89,0.28,0.45,0.25,0.3,13667.04,9.222024291497977,0.21862348178137653,0.3515519568151147,0.19568151147098514,0.2341430499325236,0.245809584632516,0.388785904622637,0.6345954892551531,0.12150000000000001,0.0675,0.354,1526.46,66614.71440000001,15.8972,4.155478927203065,4.149140893470791,14.723821839080461,0,3,1
Burgers,25554,King Burgers Grill,Ghost Kitchen,CBD,0.99,38.48,888,25,962.0,388,216,259,14930.24,8311.68,9966.32,0.264472639421001,0.28690854946617,0.28,13,3.84,994.56,431.57,2517.52,1401.51,3476.52,0.03,0.45,0.25,0.3,7827.120000000001,8.814324324324325,0.028153153153153154,0.43693693693693697,0.24324324324324326,0.2916666666666667,0.264472639421001,0.28690854946617,0.551381188887171,0.12600000000000003,0.07,1.152,879.12,33828.537599999996,16.598846153846154,6.4717737789203085,6.458571428571428,13.371230769230769,0,2,0
Burgers,25434,Urban Burgers Kitchen,Ghost Kitchen,North Shore,1.03,31.95,1561,74,2364.3,669,372,446,21374.55,11885.4,14249.7,0.296564737323206,0.310099168575834,0.32,5,1.48,660.08,929.96,1567.53,871.63,4944.84,0.05,0.45,0.25,0.3,8313.96,5.326047405509288,0.04740550928891737,0.4285714285714286,0.23830877642536835,0.28571428571428575,0.296564737323206,0.310099168575834,0.60666390589904,0.14400000000000002,0.08,0.444,1607.8300000000002,51370.1685,12.399466666666667,2.3395970149253733,2.336809651474531,11.06228187919463,0,2,1
Burgers,26284,King Burgers Bistro,Full-service,West Auckland,1.04,34.17,1860,636,21732.12,551,306,367,18827.67,10456.02,12540.39,0.351476474502124,0.466235793032683,0.31,11,3.25,1192.75,3961.5,-2404.52,-1335.36,1093.21,0.52,0.45,0.25,0.3,1314.8300000000002,0.7068978494623657,0.3419354838709677,0.2962365591397849,0.16451612903225807,0.19731182795698926,0.351476474502124,0.466235793032683,0.817712267534807,0.1395,0.0775,0.975,1934.4,66098.448,6.2189952904238615,-4.356014492753623,-4.349706840390879,2.970679347826087,0,1,3
Burgers,26567,Lucky Burgers Corner,QSR,South Auckland,1.05,35.83,1452,317,11358.11,511,284,340,18309.13,10175.72,12182.2,0.224479051977396,0.441456094151363,0.3,11,3.25,1105.0,3794.35,623.7,346.63,2964.64,0.28,0.45,0.25,0.3,7729.32,5.323223140495868,0.21831955922865012,0.35192837465564736,0.1955922865013774,0.23415977961432508,0.224479051977396,0.441456094151363,0.665935146128759,0.135,0.075,0.975,1524.6000000000001,54626.418000000005,11.93191823899371,1.2181640625,1.2162456140350877,8.693958944281524,0,3,2
Burgers,25841,Classic Burgers Grill,Ghost Kitchen,North Shore,1.03,43.79,1051,68,2977.72,442,246,295,19355.18,10772.34,12918.05,0.274847667873837,0.252528993401211,0.31,13,3.84,1132.8,1407.34,3147.6,1751.83,4972.57,0.07,0.45,0.25,0.3,11279.34,10.732007611798288,0.06470028544243576,0.42055185537583245,0.23406279733587057,0.280685061845861,0.274847667873837,0.252528993401211,0.527376661275048,0.1395,0.0775,1.152,1082.53,47403.98870000001,20.39623188405797,7.105191873589164,7.092429149797571,16.799222972972974,0,2,1
Burgers,25234,Lucky Burgers Tavern,QSR,South Auckland,1.05,32.29,935,192,6199.68,334,186,223,10784.86,6005.94,7200.67,0.276884880065918,0.446010593674146,0.32,9,2.66,593.18,1717.96,-462.62,-257.63,1402.16,0.26,0.45,0.25,0.3,2399.8700000000003,2.5667058823529416,0.2053475935828877,0.3572192513368984,0.19893048128342244,0.23850267379679144,0.276884880065918,0.446010593674146,0.722895473740064,0.14400000000000002,0.08,0.798,981.75,31700.707500000004,8.901347150259067,-1.380955223880597,-1.3777005347593583,6.2596428571428575,0,3,2
Burgers,26369,Classic Burgers Tavern,QSR,CBD,0.99,37.02,1109,249,9217.98,387,215,258,14326.74,7959.3,9551.16,0.239561068043113,0.365068233245984,0.29,7,2.07,534.06,3644.52,1509.62,838.68,3242.19,0.29,0.45,0.25,0.3,9235.01,8.327330928764653,0.22452660054102794,0.3489630297565374,0.19386834986474302,0.23264201983769162,0.239561068043113,0.365068233245984,0.604629301289097,0.1305,0.0725,0.6209999999999999,1097.91,40644.6282,14.57808,3.8907731958762883,3.8827777777777777,12.518108108108109,0,3,0
Burgers,25157,Lucky Burgers Diner,Cafe,West Auckland,1.04,34.2,688,159,5437.8,238,132,159,8139.6,4514.4,5437.8,0.236957102157176,0.352045321743935,0.29,13,3.84,610.56,2234.92,984.87,546.23,1624.36,0.3,0.45,0.25,0.3,5390.38,7.834854651162791,0.2311046511627907,0.34593023255813954,0.19186046511627905,0.2311046511627907,0.236957102157176,0.352045321743935,0.589002423901111,0.1305,0.0725,1.152,715.52,24470.784000000003,13.968250000000001,4.1207949790794975,4.106992481203008,10.152249999999999,0,0,3
Burgers,25683,Top Burgers Tavern,Full-service,South Auckland,1.05,36.03,1564,541,19492.23,460,256,307,16573.8,9223.68,11061.21,0.350697084167041,0.538399680703878,0.32,18,5.31,1630.17,2161.75,-3465.53,-1928.64,-403.45,0.53,0.45,0.25,0.3,-3635.87,-2.3247250639386188,0.3459079283887468,0.29411764705882354,0.1636828644501279,0.19629156010230178,0.350697084167041,0.538399680703878,0.8890967648709189,0.14400000000000002,0.08,1.5929999999999997,1642.2,59168.466,3.9884686346863467,-7.5174186550976145,-7.50443579766537,-1.3099025974025973,0,1,2
Burgers,26656,King Burgers Bistro,Cafe,West Auckland,1.04,36.03,1779,490,17654.7,580,322,387,20897.4,11601.66,13943.61,0.205670053847134,0.393928523105569,0.29,14,4.13,1598.31,7068.97,2307.1,1280.84,3984.73,0.38,0.45,0.25,0.3,14641.64,8.23026419336706,0.2754356379988757,0.3260258572231591,0.1810005621135469,0.2175379426644182,0.205670053847134,0.393928523105569,0.599598576952703,0.1305,0.0725,1.2389999999999999,1850.16,66661.26480000002,14.397087576374746,3.9709122203098106,3.9654489164086684,10.269922680412371,0,0,3
Burgers,26171,Lucky Burgers Corner,Cafe,West Auckland,1.04,32.71,1073,228,7457.88,380,211,254,12429.8,6901.81,8308.34,0.252243951316923,0.388911581528373,0.31,11,3.25,825.5,2676.22,607.13,337.12,2155.9,0.27,0.45,0.25,0.3,5776.37,5.383383038210624,0.2124883504193849,0.3541472506989748,0.1966449207828518,0.23671947809878843,0.252243951316923,0.388911581528373,0.641155532845296,0.1395,0.0775,0.975,1115.92,36501.743200000004,11.68655021834061,1.593517060367454,1.590188679245283,8.45450980392157,0,0,3
Burgers,25847,Urban Burgers Diner,Ghost Kitchen,CBD,0.99,34.17,817,60,2050.2,341,189,227,11651.97,6458.13,7756.59,0.286487936391495,0.282257170125376,0.29,11,3.25,737.75,884.16,1645.9,912.24,2607.32,0.08,0.45,0.25,0.3,6049.620000000001,7.40467564259486,0.07343941248470012,0.4173806609547123,0.2313341493268054,0.2778457772337821,0.286487936391495,0.282257170125376,0.5687451065168709,0.1305,0.0725,0.975,808.83,27637.7211,14.494426229508196,4.8125730994152045,4.801263157894737,11.43561403508772,0,2,0
Burgers,26253,Top Burgers Grill,Cafe,South Auckland,1.05,40.69,1604,424,17252.56,531,295,354,21606.39,12003.55,14404.26,0.202886239923537,0.41931969486177,0.28,17,5.02,1777.08,6517.91,2112.98,1173.88,3664.76,0.36,0.45,0.25,0.3,13469.53,8.39746259351621,0.26433915211970077,0.33104738154613467,0.1839152119700748,0.22069825436408977,0.202886239923537,0.41931969486177,0.6222059347853071,0.12600000000000003,0.07,1.5059999999999998,1684.2,68530.098,15.33625882352941,3.971766917293233,3.965810810810811,10.323267605633804,0,0,2
Burgers,25689,Top Burgers Grill,Cafe,North Shore,1.03,33.55,583,127,4260.85,205,114,137,6877.75,3824.7,4596.35,0.278869404383004,0.401834239251912,0.27,12,3.54,484.98,1360.47,339.05,188.54,982.62,0.28,0.45,0.25,0.3,2870.68,4.923979416809606,0.21783876500857632,0.35162950257289877,0.19554030874785588,0.23499142367066894,0.278869404383004,0.401834239251912,0.680703643634916,0.12150000000000001,0.0675,1.062,600.49,20146.4395,10.628671875,1.645873786407767,1.639478260869565,7.120434782608696,0,0,1
Burgers,26175,Urban Burgers Eatery,QSR,South Auckland,1.05,35.36,1437,268,9476.48,526,292,351,18599.36,10325.12,12411.36,0.25149632409215,0.380554727022536,0.3,13,3.84,1347.84,3486.86,1263.81,701.58,3218.91,0.23,0.45,0.25,0.3,8671.16,6.034210160055672,0.18649965205288796,0.36604036186499656,0.20320111343075853,0.244258872651357,0.25149632409215,0.380554727022536,0.632051051114686,0.135,0.075,1.152,1508.8500000000001,53352.936,12.962304832713755,2.398121442125237,2.3944709897610923,9.144630681818182,0,3,2
Burgers,26296,Lucky Burgers Tavern,QSR,West Auckland,1.04,35.53,863,183,6501.99,306,170,204,10872.18,6040.1,7248.12,0.227525226604193,0.439100263384171,0.31,10,2.95,601.8,2167.6,254.13,141.18,1814.54,0.27,0.45,0.25,0.3,4377.45,5.072363847045191,0.21205098493626884,0.35457705677867907,0.19698725376593282,0.2363847045191194,0.227525226604193,0.439100263384171,0.666625489988364,0.1395,0.0775,0.885,897.52,31888.885599999998,11.780434782608696,0.8277850162866449,0.8256140350877194,8.85141463414634,0,3,3
Burgers,25205,Lucky Burgers Eatery,Cafe,CBD,0.99,34.14,558,111,3789.54,201,112,134,6862.14,3823.68,4574.76,0.235506526790559,0.417362198419869,0.28,13,3.84,514.56,1315.47,460.66,256.69,1073.48,0.25,0.45,0.25,0.3,3106.3,5.566845878136201,0.19892473118279566,0.3602150537634408,0.20071684587813615,0.24014336917562723,0.235506526790559,0.417362198419869,0.6528687252104279,0.12600000000000003,0.07,1.152,552.42,18859.618800000004,11.745267857142858,2.2804950495049505,2.2715929203539824,7.9517037037037035,0,0,0
Burgers,26500,Top Burgers Corner,Cafe,South Auckland,1.05,34.63,645,174,6025.62,212,118,141,7341.56,4086.34,4882.83,0.261287534516305,0.379190825647674,0.3,16,4.72,665.52,2166.34,436.98,243.23,1089.96,0.37,0.45,0.25,0.3,3936.51,6.103116279069768,0.26976744186046514,0.3286821705426357,0.18294573643410855,0.2186046511627907,0.261287534516305,0.379190825647674,0.640478360163979,0.135,0.075,1.416,677.25,23453.1675,12.379085714285715,2.051549295774648,2.0439495798319327,7.675774647887324,0,0,2
Burgers,25733,Top Burgers Eatery,Full-service,North Shore,1.03,41.97,1988,588,24678.36,630,350,420,26441.1,14689.5,17627.4,0.372292826755438,0.542617245507427,0.27,9,2.66,1117.2,2099.88,-4889.23,-2716.24,382.71,0.42,0.45,0.25,0.3,-5122.879999999999,-2.576901408450704,0.295774647887324,0.31690140845070425,0.17605633802816906,0.21126760563380287,0.372292826755438,0.542617245507427,0.9149100722628649,0.12150000000000001,0.0675,0.798,2047.64,85939.45079999999,3.565161290322581,-7.748383518225039,-7.738575498575498,0.9090498812351544,0,1,1
Burgers,26058,King Burgers Bistro,QSR,North Shore,1.03,41.0,724,140,5740.0,263,146,175,10783.0,5986.0,7175.0,0.244181077126414,0.406234253034927,0.31,15,4.43,775.25,2006.62,426.84,236.95,1733.02,0.24,0.45,0.25,0.3,4403.43,6.082085635359117,0.19337016574585636,0.3632596685082873,0.20165745856353592,0.24171270718232044,0.244181077126414,0.406234253034927,0.650415330161341,0.1395,0.0775,1.329,745.72,30574.52,14.231347517730496,1.6168181818181817,1.6119047619047617,9.846704545454545,0,3,1
Burgers,25210,King Burgers House,QSR,CBD,0.99,44.41,1500,260,11546.6,558,310,372,24780.78,13767.1,16520.52,0.24405518066138,0.412344996677712,0.32,14,4.13,1536.36,3967.41,584.82,324.9,4140.09,0.21,0.45,0.25,0.3,9017.22,6.01148,0.17333333333333334,0.372,0.20666666666666667,0.248,0.24405518066138,0.412344996677712,0.656400177339092,0.14400000000000002,0.08,1.2389999999999999,1485.0,65948.85,15.200804597701149,1.0461896243291593,1.044694533762058,11.099436997319035,0,3,0
Burgers,26624,King Burgers House,Full-service,West Auckland,1.04,45.44,976,263,11950.72,321,178,214,14586.24,8088.32,9724.16,0.379812815610785,0.547967098210938,0.27,6,1.77,378.78,863.08,-2884.87,-1599.71,323.5,0.37,0.45,0.25,0.3,-3298.0,-3.3790983606557377,0.2694672131147541,0.3288934426229508,0.18237704918032785,0.2192622950819672,0.379812815610785,0.547967098210938,0.9277799138217231,0.12150000000000001,0.0675,0.531,1015.0400000000001,46123.4176,3.2692424242424245,-8.959223602484471,-8.936927374301677,1.5046511627906978,0,1,3
Burgers,26666,Lucky Burgers Corner,Cafe,CBD,0.99,30.13,942,254,7653.02,310,172,206,9340.3,5182.36,6206.78,0.23328559845686,0.435655094264075,0.31,5,1.48,304.88,2533.6,196.7,109.14,1749.93,0.37,0.45,0.25,0.3,4589.37,4.871942675159236,0.2696390658174098,0.32908704883227174,0.18259023354564755,0.21868365180467092,0.23328559845686,0.435655094264075,0.668940692720935,0.1395,0.0775,0.444,932.58,28098.6354,9.935686274509804,0.632475884244373,0.6308670520231214,8.45376811594203,0,0,0
Burgers,26544,Lucky Burgers Cafe,Cafe,CBD,0.99,37.97,764,237,8998.89,237,132,158,8998.89,5012.04,5999.26,0.250163233075291,0.400088280905038,0.32,13,3.84,606.72,3147.35,267.7,149.1,1491.51,0.45,0.45,0.25,0.3,5055.66,6.617356020942408,0.3102094240837696,0.3102094240837696,0.17277486910994763,0.20680628272251309,0.250163233075291,0.400088280905038,0.650251513980329,0.14400000000000002,0.08,1.152,756.36,28718.9892,13.224159663865546,1.1247899159663866,1.1210526315789473,9.380566037735848,0,0,0
Burgers,26467,Top Burgers Kitchen,Ghost Kitchen,CBD,0.99,35.27,654,31,1093.37,280,156,187,9875.6,5502.12,6595.49,0.29014265530277,0.31063922084868,0.27,11,3.25,607.75,436.49,1276.11,710.97,2025.29,0.05,0.45,0.25,0.3,4448.86,6.802538226299694,0.0474006116207951,0.42813455657492355,0.2385321100917431,0.2859327217125382,0.29014265530277,0.31063922084868,0.6007818761514501,0.12150000000000001,0.0675,0.975,647.46,22835.914200000003,13.6403125,4.541316725978647,4.528471337579618,10.77281914893617,0,2,0
Burgers,26064,Lucky Burgers Grill,Cafe,North Shore,1.03,37.53,815,173,6492.69,289,160,193,10846.17,6004.8,7243.29,0.236922437045723,0.421518147201277,0.31,4,1.18,227.74,2217.64,342.3,189.51,2246.27,0.27,0.45,0.25,0.3,4995.719999999999,6.129717791411042,0.21226993865030672,0.35460122699386504,0.19631901840490798,0.23680981595092024,0.236922437045723,0.421518147201277,0.658440584247,0.1395,0.0775,0.354,839.45,31504.558500000003,12.745057471264367,1.180344827586207,1.1770807453416148,11.578711340206185,0,0,1
Burgers,25821,Lucky Burgers Kitchen,Full-service,CBD,0.99,43.95,1767,604,26545.8,523,291,349,22985.85,12789.45,15338.55,0.372618224634789,0.490142874442972,0.29,18,5.31,1853.19,3643.12,-3511.34,-1953.73,251.86,0.52,0.45,0.25,0.3,-1570.0900000000001,-0.8885625353706849,0.3418222976796831,0.29598189020939447,0.1646859083191851,0.1975099037917374,0.372618224634789,0.490142874442972,0.862761099077761,0.1305,0.0725,1.5929999999999997,1749.33,76883.0535,6.0216859504132225,-6.701030534351145,-6.690856164383562,0.7196,0,1,0
Burgers,26550,Lucky Burgers House,Ghost Kitchen,South Auckland,1.05,36.91,1669,109,4023.19,702,390,468,25910.82,14394.9,17273.88,0.292186635581311,0.200301467615645,0.27,18,5.31,2485.08,2041.82,6154.13,3418.96,6281.62,0.07,0.45,0.25,0.3,17896.53,10.722905931695625,0.0653085680047933,0.4206111443978431,0.2336728579988017,0.2804074295985621,0.292186635581311,0.200301467615645,0.492488103196956,0.12150000000000001,0.0675,1.5929999999999997,1752.45,64682.9295,18.562,8.754096728307255,8.744143222506393,13.3936460554371,0,2,2
Burgers,25461,Urban Burgers Bistro,Ghost Kitchen,CBD,0.99,43.34,1312,85,3683.9,552,307,368,23923.68,13305.38,15949.12,0.272898288373835,0.28623418204952,0.32,11,3.25,1196.0,1624.11,2891.6,1608.19,5835.45,0.07,0.45,0.25,0.3,11959.349999999999,9.115358231707315,0.06478658536585366,0.42073170731707316,0.23399390243902438,0.2804878048780488,0.272898288373835,0.28623418204952,0.559132470423355,0.14400000000000002,0.08,0.975,1298.8799999999999,56293.459200000005,18.884999999999998,5.228933092224231,5.221396103896104,15.814227642276423,0,2,0
Burgers,26553,Top Burgers Eatery,Cafe,CBD,0.99,39.57,1278,287,11356.59,446,248,297,17648.22,9813.36,11752.29,0.229424154255539,0.43789301731158,0.33,6,1.77,525.69,3778.14,47.35,26.33,3384.1,0.29,0.45,0.25,0.3,7235.92,5.661909233176839,0.2245696400625978,0.34898278560250395,0.1940532081377152,0.23239436619718312,0.229424154255539,0.43789301731158,0.667317171567119,0.14850000000000002,0.0825,0.531,1265.22,50064.7554,13.118541666666665,0.10592841163310962,0.10574297188755019,11.356040268456375,0,0,0
Burgers,26634,King Burgers Eatery,Full-service,North Shore,1.03,43.9,1343,397,17428.3,426,236,284,18701.4,10360.4,12467.6,0.376072446699254,0.475723231676966,0.28,3,0.89,252.76,2582.95,-2464.76,-1365.46,1594.99,0.42,0.45,0.25,0.3,347.7199999999996,0.2589128816083392,0.2956068503350707,0.3172002978406553,0.1757259865971705,0.2114668652271035,0.376072446699254,0.475723231676966,0.85179567837622,0.12600000000000003,0.07,0.267,1383.29,60726.431,6.489824120603014,-5.772271662763466,-5.761434599156118,5.5964561403508775,0,1,1
Burgers,26191,Urban Burgers Diner,QSR,CBD,0.99,30.26,1335,231,6990.06,497,276,331,15039.22,8351.76,10016.06,0.256929046288133,0.400165946595371,0.33,5,1.48,489.88,2396.93,194.08,107.78,2944.68,0.21,0.45,0.25,0.3,5643.469999999999,4.227318352059925,0.17303370786516856,0.37228464419475654,0.20674157303370788,0.24794007490636705,0.256929046288133,0.400165946595371,0.657094992883504,0.14850000000000002,0.0825,0.444,1321.65,39993.129,10.331594827586207,0.38971887550200807,0.3890974729241877,8.869518072289155,0,3,0
Burgers,26030,King Burgers Grill,Cafe,West Auckland,1.04,44.95,1893,587,26385.65,588,326,392,26430.6,14653.7,17620.4,0.272363112736493,0.42031517776195,0.3,7,2.07,811.44,8108.88,193.52,107.29,4603.69,0.45,0.45,0.25,0.3,13013.380000000001,6.8744743792921295,0.31008980454305335,0.3106180665610142,0.1722134178552562,0.20707871104067618,0.272363112736493,0.42031517776195,0.692678290498443,0.135,0.075,0.6209999999999999,1968.72,88493.964,13.79061224489796,0.32855687606112055,0.32810397553516824,11.714223918575062,0,0,3
Burgers,25709,Urban Burgers House,QSR,West Auckland,1.04,34.47,1194,261,8996.67,420,233,280,14477.4,8031.51,9651.6,0.264220881983638,0.392079221224412,0.29,13,3.84,1075.2,3092.15,777.43,431.29,2242.05,0.28,0.45,0.25,0.3,6542.92,5.479832495812396,0.2185929648241206,0.3517587939698492,0.19514237855946398,0.23450586264656617,0.264220881983638,0.392079221224412,0.65630010320805,0.1305,0.0725,1.152,1241.76,42803.4672,11.802099236641222,1.846627078384798,1.8431196581196583,7.978825622775801,0,3,3
Burgers,25629,Urban Burgers Eatery,Cafe,North Shore,1.03,31.54,1028,272,8578.88,340,189,227,10723.6,5961.06,7159.58,0.237896356582642,0.370157764805481,0.32,17,5.02,1139.54,3362.46,771.52,428.87,1666.63,0.36,0.45,0.25,0.3,6229.48,6.059805447470817,0.2645914396887159,0.33073929961089493,0.183852140077821,0.22081712062256809,0.237896356582642,0.370157764805481,0.608054121388123,0.14400000000000002,0.08,1.5059999999999998,1058.84,33395.8136,12.316703296703297,2.2625219941348975,2.2572105263157893,7.309780701754386,0,0,1
Burgers,26113,Classic Burgers Tavern,Cafe,South Auckland,1.05,38.68,1118,295,11410.6,370,206,247,14311.6,7968.08,9553.96,0.247202175743878,0.357885528006591,0.28,14,4.13,1020.11,4506.19,1644.58,915.63,2752.87,0.36,0.45,0.25,0.3,9819.27,8.78288908765653,0.2638640429338104,0.33094812164579607,0.18425760286225404,0.22093023255813954,0.247202175743878,0.357885528006591,0.605087703750469,0.12600000000000003,0.07,1.2389999999999999,1173.9,45406.452,15.223614864864864,4.432830188679245,4.423333333333333,11.100282258064516,0,0,2
Burgers,25548,King Burgers Eatery,Full-service,CBD,0.99,42.37,1039,275,11651.75,344,191,229,14575.28,8092.67,9702.73,0.398462304950226,0.525687976041809,0.3,14,4.13,945.77,883.78,-3267.05,-1813.97,-209.82,0.36,0.45,0.25,0.3,-4407.06,-4.241636188642926,0.26467757459095287,0.331087584215592,0.1838306063522618,0.22040423484119348,0.398462304950226,0.525687976041809,0.924150280992035,0.135,0.075,1.2389999999999999,1028.61,43582.20569999999,3.202101449275362,-9.469710144927538,-9.447760416666666,-0.9122608695652173,0,1,0
Burgers,26562,Top Burgers House,QSR,South Auckland,1.05,40.77,530,95,3873.15,196,109,130,7990.92,4443.93,5300.1,0.271988562624902,0.414969183690846,0.32,7,2.07,269.1,1212.46,-55.6,-30.92,1390.06,0.22,0.45,0.25,0.3,2516.0,4.747169811320755,0.17924528301886794,0.369811320754717,0.2056603773584906,0.24528301886792456,0.271988562624902,0.414969183690846,0.686957746315748,0.14400000000000002,0.08,0.6209999999999999,556.5,22688.505,12.629791666666668,-0.28223350253807106,-0.2810909090909091,10.611145038167939,0,3,2
Burgers,26682,King Burgers House,Cafe,CBD,0.99,37.19,1487,393,14615.67,492,274,328,18297.48,10190.06,12198.32,0.26696758216247,0.434124010475352,0.3,15,4.43,1453.04,4368.75,-19.97,-11.12,2193.14,0.36,0.45,0.25,0.3,6530.799999999999,4.391930060524546,0.26429051782111634,0.3308675184936113,0.1842636180228648,0.22057834566240753,0.26696758216247,0.434124010475352,0.7010915926378221,0.135,0.075,1.329,1472.1299999999999,54748.5147,11.088197969543147,-0.04050709939148073,-0.04043636363636363,6.6660790273556225,0,0,0
Burgers,25835,Top Burgers House,Full-service,West Auckland,1.04,32.7,1247,336,10987.2,410,228,273,13407.0,7455.6,8927.1,0.392805652704556,0.510969362407923,0.29,16,4.72,1288.56,1057.24,-2597.94,-1444.71,-429.55,0.37,0.45,0.25,0.3,-3414.96,-2.738540497193264,0.2694466720128308,0.3287890938251804,0.18283881315156375,0.21892542101042503,0.392805652704556,0.510969362407923,0.903775015112479,0.1305,0.0725,1.416,1296.88,42407.976,3.1372106824925816,-6.321021897810219,-6.308777292576419,-1.5677007299270074,0,1,3
Burgers,25472,Urban Burgers Eatery,Full-service,West Auckland,1.04,41.22,1904,667,27493.74,557,309,371,22959.54,12736.98,15292.62,0.399503626895603,0.522762945154682,0.31,15,4.43,1643.53,2137.18,-5332.73,-2958.37,-454.78,0.54,0.45,0.25,0.3,-6608.7,-3.470955882352941,0.35031512605042026,0.29254201680672276,0.16228991596638656,0.19485294117647062,0.399503626895603,0.522762945154682,0.922266572050285,0.1395,0.0775,1.329,1980.16,81622.19519999999,3.1993712574850295,-9.556863799283153,-9.543129032258063,-1.22252688172043,0,1,3
Burgers,26565,King Burgers Cafe,Cafe,West Auckland,1.04,36.36,892,250,9090.0,289,160,193,10508.04,5817.6,7017.48,0.201447498872876,0.406881635729223,0.31,12,3.54,683.22,3560.29,858.2,475.13,2065.32,0.39,0.45,0.25,0.3,6958.9400000000005,7.801502242152467,0.28026905829596416,0.3239910313901346,0.17937219730941706,0.2163677130044843,0.201447498872876,0.406881635729223,0.6083291346020989,0.1395,0.0775,1.062,927.6800000000001,33730.4448,14.184422310756972,2.9593103448275864,2.95111801242236,10.6459793814433,0,0,3
Burgers,25353,King Burgers Grill,Cafe,CBD,0.99,36.75,616,169,6210.75,201,112,134,7386.75,4116.0,4924.5,0.203970046825707,0.40808353566099,0.32,9,2.66,356.44,2409.44,501.9,279.67,1554.0,0.38,0.45,0.25,0.3,4745.01,7.702938311688312,0.27435064935064934,0.3262987012987013,0.18181818181818182,0.21753246753246752,0.203970046825707,0.40808353566099,0.612053582486697,0.14400000000000002,0.08,0.798,609.84,22411.62,14.173176470588235,2.4846534653465344,2.4749557522123897,11.511111111111111,0,0,0
Burgers,25515,King Burgers House,Full-service,South Auckland,1.05,43.36,2194,731,31696.16,658,366,439,28530.88,15869.76,19035.04,0.369602838286664,0.490447119437158,0.31,3,0.89,390.71,4435.88,-4851.67,-2698.65,2273.24,0.5,0.45,0.25,0.3,-841.2000000000003,-0.38340929808568835,0.33318140382862355,0.2999088422971741,0.16681859617137648,0.2000911577028259,0.369602838286664,0.490447119437158,0.8600499577238221,0.1395,0.0775,0.267,2303.7000000000003,99888.432,6.059945355191257,-7.36216995447648,-7.353269754768393,5.1664545454545445,0,1,2
Burgers,26121,Top Burgers Cafe,QSR,North Shore,1.03,39.09,1033,186,7270.74,381,212,254,14893.29,8287.08,9928.86,0.203553366139531,0.365151353762485,0.31,9,2.66,675.64,3135.84,1806.49,1005.18,3606.63,0.22,0.45,0.25,0.3,9554.14,9.248925459825749,0.18005808325266215,0.3688286544046467,0.2052274927395934,0.24588576960309777,0.203553366139531,0.365151353762485,0.568704719902016,0.1395,0.0775,0.798,1063.99,41591.3691,16.769197860962567,4.7290314136125655,4.719154929577464,14.14364705882353,0,3,1
Burgers,26042,Urban Burgers Tavern,Full-service,South Auckland,1.05,31.66,604,169,5350.54,196,109,130,6205.36,3450.94,4115.8,0.387936294206884,0.465761834406294,0.29,4,1.18,153.4,782.79,-891.7,-495.89,448.75,0.39,0.45,0.25,0.3,-156.05000000000007,-0.258360927152318,0.27980132450331124,0.32450331125827814,0.1804635761589404,0.21523178807947022,0.387936294206884,0.465761834406294,0.853698128613178,0.1305,0.0725,0.354,634.2,20078.772,4.604647058823529,-4.526395939086295,-4.508090909090909,3.4255725190839694,0,1,2
Burgers,26531,Classic Burgers Grill,Full-service,North Shore,1.03,33.65,2229,781,26280.65,652,362,434,21939.8,12181.3,14604.1,0.364005263929721,0.480285178474151,0.31,4,1.18,512.12,4092.15,-3385.1,-1879.46,1761.88,0.54,0.45,0.25,0.3,589.4700000000003,0.2644549125168238,0.3503813369223867,0.2925078510542844,0.1624046657694033,0.19470614625392552,0.364005263929721,0.480285178474151,0.844290442403872,0.1395,0.0775,0.354,2295.87,77256.0255,5.232928388746803,-5.183920367534456,-5.177575757575758,4.050298850574713,0,1,1
Burgers,26046,King Burgers Eatery,QSR,West Auckland,1.04,36.88,1752,372,13719.36,621,345,414,22902.48,12723.6,15268.32,0.214621344208717,0.352614082256332,0.32,13,3.84,1589.76,5937.25,2582.59,1434.77,5017.83,0.27,0.45,0.25,0.3,14972.44,8.545913242009133,0.2123287671232877,0.3544520547945206,0.1969178082191781,0.23630136986301373,0.214621344208717,0.352614082256332,0.567235426465049,0.14400000000000002,0.08,1.152,1822.0800000000002,67198.3104,15.917560321715818,4.152073954983923,4.146734104046243,12.091156626506024,0,3,3
Burgers,25480,Urban Burgers Eatery,Full-service,CBD,0.99,31.8,917,280,8904.0,287,159,191,9126.6,5056.2,6073.8,0.352518945711199,0.532947250339203,0.29,15,4.43,846.13,1019.81,-1601.41,-887.19,-150.47,0.44,0.45,0.25,0.3,-1619.2600000000002,-1.7658233369683753,0.3053435114503817,0.31297709923664124,0.17339149400218104,0.20828789531079608,0.352518945711199,0.532947250339203,0.885466196050402,0.1305,0.0725,1.329,907.83,28868.994,3.6292170818505336,-5.56045138888889,-5.5449375000000005,-0.7836979166666667,0,1,0
Burgers,25239,Top Burgers House,QSR,South Auckland,1.05,37.51,1410,263,9865.13,516,287,344,19355.16,10765.37,12903.44,0.203787863515317,0.391328164888546,0.33,10,2.95,1014.8,3994.23,1449.39,806.15,4209.6,0.23,0.45,0.25,0.3,10459.369999999999,7.417992907801418,0.18652482269503542,0.3659574468085106,0.20354609929078013,0.24397163120567375,0.203787863515317,0.391328164888546,0.595116028403863,0.14850000000000002,0.0825,0.885,1480.5,55533.55500000001,15.12965909090909,2.8034622823984527,2.7991319444444445,12.201739130434783,0,3,2
Burgers,25846,Classic Burgers Tavern,QSR,South Auckland,1.05,47.16,1190,274,12921.84,412,229,275,19429.92,10799.64,12969.0,0.212298370189965,0.353666315111332,0.28,6,1.77,486.75,5608.53,2992.89,1663.53,5142.25,0.3,0.45,0.25,0.3,15407.2,12.947226890756303,0.23025210084033615,0.346218487394958,0.19243697478991598,0.23109243697478993,0.212298370189965,0.353666315111332,0.565964685301297,0.12600000000000003,0.07,0.531,1249.5,58926.42,20.394654545454543,7.246707021791767,7.232739130434783,18.631340579710145,0,3,2
Burgers,26615,Lucky Burgers Kitchen,Ghost Kitchen,North Shore,1.03,42.6,1391,66,2811.6,596,331,398,25389.6,14100.6,16954.8,0.253053117392119,0.244501442066394,0.3,3,0.89,354.22,1412.68,5140.01,2854.6,8164.64,0.05,0.45,0.25,0.3,17571.93,12.632588066139467,0.04744787922358017,0.4284687275341481,0.23795830337886417,0.2861250898634077,0.253053117392119,0.244501442066394,0.497554559458513,0.135,0.075,0.267,1432.73,61034.297999999995,21.084776119402985,8.609731993299834,8.598192771084337,20.462756892230576,0,2,1
Burgers,25121,Top Burgers Eatery,Full-service,South Auckland,1.05,32.36,2057,533,17247.88,686,381,457,22198.96,12329.16,14788.52,0.380920616758522,0.516802579420619,0.32,15,4.43,2024.51,1764.06,-4833.23,-2684.34,-511.99,0.35,0.45,0.25,0.3,-6265.5,-3.045940690325717,0.25911521633446766,0.33349538162372383,0.18522119591638306,0.22216820612542537,0.380920616758522,0.516802579420619,0.897723196179141,0.14400000000000002,0.08,1.329,2159.85,69892.74600000001,3.3034831460674154,-7.035269286754002,-7.027068062827225,-1.117882096069869,0,1,2
Burgers,25242,Urban Burgers Grill,Full-service,South Auckland,1.05,40.49,1561,506,20487.94,475,264,316,19232.75,10689.36,12794.84,0.390296198741999,0.518385925423354,0.29,13,3.84,1213.44,1870.92,-3821.2,-2123.78,-45.04,0.48,0.45,0.25,0.3,-4119.1,-2.6387572069186422,0.3241511851377322,0.3042921204356182,0.16912235746316465,0.20243433696348495,0.390296198741999,0.518385925423354,0.9086821241653531,0.1305,0.0725,1.152,1639.0500000000002,66365.1345,3.6901775147928997,-8.027731092436975,-8.014264150943397,-0.1420820189274448,0,1,2
Burgers,26496,King Burgers Tavern,Full-service,North Shore,1.03,42.42,1473,464,19682.88,454,252,303,19258.68,10689.84,12853.26,0.384389365266543,0.455317755485885,0.28,11,3.25,984.75,3155.03,-2305.4,-1279.65,1075.54,0.46,0.45,0.25,0.3,645.52,0.438234894772573,0.3150033944331297,0.308214528173795,0.17107942973523424,0.20570264765784116,0.384389365266543,0.455317755485885,0.839707120752428,0.12600000000000003,0.07,0.975,1517.19,64359.199799999995,6.785010752688173,-5.066813186813187,-5.057905138339922,3.537960526315789,0,1,1
Burgers,25972,Top Burgers Diner,QSR,West Auckland,1.04,36.51,1190,245,8944.95,425,236,284,15516.75,8616.36,10368.84,0.243372947108001,0.403086853749119,0.31,5,1.48,420.32,3162.4,675.6,375.16,3245.48,0.26,0.45,0.25,0.3,7458.639999999999,6.267764705882352,0.20588235294117652,0.3571428571428572,0.19831932773109248,0.238655462184874,0.243372947108001,0.403086853749119,0.6464598008571201,0.1395,0.0775,0.444,1237.6000000000001,45184.776,12.855284552845529,1.5859154929577466,1.5829535864978903,11.387649122807018,0,3,3
Burgers,26094,Classic Burgers House,QSR,South Auckland,1.05,35.24,1109,249,8774.76,387,215,258,13637.88,7576.6,9091.92,0.272624118216336,0.376150059769861,0.27,14,4.13,1065.54,3081.92,1107.75,615.42,2127.78,0.29,0.45,0.25,0.3,6932.870000000001,6.2514607754734,0.224526600541028,0.3489630297565374,0.19386834986474305,0.23264201983769164,0.272624118216336,0.376150059769861,0.648774177986197,0.12150000000000001,0.0675,1.2389999999999999,1164.45,41035.218,12.32768,2.855025773195876,2.8491666666666666,8.215366795366796,0,3,2
Burgers,26579,Top Burgers House,QSR,CBD,0.99,37.09,1279,213,7900.17,480,266,320,17803.2,9865.94,11868.8,0.269427785519511,0.447769112372771,0.3,18,5.31,1699.2,2234.19,-306.16,-169.66,1657.33,0.2,0.45,0.25,0.3,3415.7,2.6706020328381546,0.16653635652853793,0.3752931978107897,0.20797498045347929,0.2501954652071931,0.269427785519511,0.447769112372771,0.717196897892282,0.135,0.075,1.5929999999999997,1266.21,46963.7289,10.440140186915889,-0.6365072765072766,-0.6354307116104869,5.163021806853583,0,3,0
Burgers,26499,King Burgers Bistro,Full-service,North Shore,1.03,43.77,1362,360,15757.2,451,250,301,19740.27,10942.5,13174.77,0.398786766186822,0.541071644704789,0.29,5,1.48,445.48,947.66,-4537.47,-2515.23,346.87,0.36,0.45,0.25,0.3,-5758.170000000001,-4.2277312775330405,0.2643171806167401,0.33113069016152713,0.18355359765051393,0.2209985315712188,0.398786766186822,0.541071644704789,0.939858410891611,0.1305,0.0725,0.444,1402.8600000000001,61403.18220000001,2.6250969529085872,-10.038650442477877,-10.020836653386453,1.1485761589403973,0,1,1
Burgers,26421,Classic Burgers Kitchen,Full-service,South Auckland,1.05,44.6,782,211,9410.6,257,143,171,11462.2,6377.8,7626.6,0.357330623781309,0.453170109260827,0.32,16,4.72,807.12,1783.3,-1495.83,-832.31,638.12,0.37,0.45,0.25,0.3,93.28000000000009,0.1192838874680308,0.26982097186700765,0.32864450127877237,0.18286445012787722,0.2186700767263427,0.357330623781309,0.453170109260827,0.810500733042136,0.14400000000000002,0.08,1.416,821.1,36621.060000000005,8.411792452830188,-5.797790697674419,-5.779930555555556,3.71,0,1,2
Burgers,26584,Urban Burgers Corner,QSR,CBD,0.99,34.04,1848,404,13752.16,650,361,433,22126.0,12288.44,14739.32,0.237446340378374,0.429754122323357,0.3,12,3.54,1532.82,4576.71,725.72,403.06,3372.42,0.28,0.45,0.25,0.3,9077.91,4.912288961038961,0.2186147186147186,0.3517316017316017,0.19534632034632032,0.23430735930735927,0.237446340378374,0.429754122323357,0.6672004627017311,0.135,0.075,1.062,1829.52,62276.8608,11.300518518518519,1.1147772657450077,1.113425414364641,7.770552995391705,0,3,0
Burgers,25816,King Burgers Bistro,QSR,South Auckland,1.05,42.63,1180,258,10998.54,415,230,277,17691.45,9804.9,11808.51,0.221569500248879,0.433779739751481,0.31,6,1.77,490.29,3790.66,613.02,339.75,3579.52,0.28,0.45,0.25,0.3,8322.95,7.053347457627119,0.2186440677966102,0.3516949152542373,0.19491525423728812,0.2347457627118644,0.221569500248879,0.433779739751481,0.65534924000036,0.1395,0.0775,0.531,1239.0,52818.57000000001,14.635752895752896,1.4736057692307691,1.4707792207792207,12.875971223021583,0,3,2
Burgers,25937,King Burgers Bistro,Cafe,CBD,0.99,37.94,1145,290,11002.6,385,214,256,14606.9,8119.16,9712.64,0.219882669001818,0.408589818095788,0.28,16,4.72,1208.32,4087.77,1336.93,743.13,2400.19,0.34,0.45,0.25,0.3,8568.02,7.482986899563319,0.25327510917030566,0.3362445414847161,0.18689956331877727,0.22358078602620085,0.219882669001818,0.408589818095788,0.628472487097606,0.12600000000000003,0.07,1.416,1133.55,43006.887,14.047319587628866,3.4635492227979277,3.4564186046511627,9.339260700389104,0,0,0
Burgers,26299,King Burgers Eatery,Full-service,South Auckland,1.05,43.03,1673,469,20181.07,542,301,361,23322.26,12952.03,15533.83,0.392292053031269,0.496667760517448,0.28,10,2.95,1064.95,2240.91,-3940.52,-2188.37,659.93,0.39,0.45,0.25,0.3,-3228.05,-1.929497907949791,0.2803347280334728,0.3239689181111775,0.1799163179916318,0.21578003586371786,0.392292053031269,0.496667760517448,0.888959813548717,0.12600000000000003,0.07,0.885,1756.65,75588.6495,4.767893617021277,-7.256942909760589,-7.246258278145695,1.8230110497237568,0,1,2
Burgers,26022,Lucky Burgers House,Full-service,CBD,0.99,32.09,708,245,7862.05,208,116,139,6674.72,3722.44,4460.51,0.364883194654249,0.470524621219374,0.33,13,3.84,533.76,1294.03,-1104.05,-615.72,200.41,0.53,0.45,0.25,0.3,-225.33,-0.3182627118644068,0.346045197740113,0.2937853107344633,0.1638418079096045,0.1963276836158192,0.364883194654249,0.470524621219374,0.835407815873623,0.14850000000000002,0.0825,1.152,700.92,22492.522800000002,5.260284552845528,-5.282535885167464,-5.262564102564103,1.4315,0,1,0
Burgers,25537,Lucky Burgers Bistro,Cafe,West Auckland,1.04,33.6,2023,478,16060.8,695,386,464,23352.0,12969.6,15590.4,0.237761562708765,0.352279457473196,0.29,8,2.36,1095.04,6584.27,2801.28,1555.82,5296.38,0.31,0.45,0.25,0.3,16237.75,8.026569451309935,0.23628274839347502,0.34354918437963416,0.1908057340583292,0.22936233316856153,0.237761562708765,0.352279457473196,0.590041020181961,0.1305,0.0725,0.708,2103.92,70691.712,13.745866388308977,4.0248275862068965,4.020206718346253,11.390064516129032,0,0,3
Burgers,26386,Lucky Burgers Grill,QSR,CBD,0.99,40.93,531,122,4993.46,184,102,123,7531.12,4174.86,5034.39,0.207575804181397,0.392601751745678,0.28,9,2.66,327.18,1996.5,902.4,500.24,1685.68,0.3,0.45,0.25,0.3,5084.820000000001,9.575932203389831,0.2297551789077213,0.3465160075329567,0.192090395480226,0.23163841807909608,0.207575804181397,0.392601751745678,0.600177555927075,0.12600000000000003,0.07,0.798,525.6899999999999,21516.4917,16.23170731707317,4.877837837837838,4.856699029126213,13.594193548387098,0,3,0
Burgers,26349,King Burgers House,Cafe,South Auckland,1.05,43.51,1561,469,20406.19,491,273,328,21363.41,11878.23,14271.28,0.2221803567186,0.381613180157728,0.32,9,2.66,872.48,8085.06,1628.03,905.2,4781.89,0.43,0.45,0.25,0.3,15400.18,9.865586162716207,0.3004484304932735,0.3145419602818706,0.17488789237668162,0.21012171684817427,0.2221803567186,0.381613180157728,0.603793536876328,0.14400000000000002,0.08,0.798,1639.0500000000002,71315.0655,17.202255319148936,3.3090040650406505,3.3036496350364963,14.534620060790274,0,0,2
Burgers,26592,Top Burgers Tavern,Ghost Kitchen,West Auckland,1.04,40.65,998,65,2642.25,420,233,280,17073.0,9471.45,11382.0,0.254982054687571,0.301066610391717,0.28,15,4.43,1240.4,1173.03,2799.14,1552.86,3812.65,0.07,0.45,0.25,0.3,9337.68,9.356392785571142,0.0651302605210421,0.4208416833667335,0.2334669338677355,0.280561122244489,0.254982054687571,0.301066610391717,0.556048665079288,0.12600000000000003,0.07,1.329,1037.92,42191.448,17.77318181818182,6.648788598574821,6.636153846153846,13.568149466192171,0,2,3
Burgers,26633,Classic Burgers Eatery,Cafe,CBD,0.99,30.63,1593,338,10352.94,565,314,376,17305.95,9617.82,11516.88,0.22019971722737,0.41634623715654,0.29,5,1.48,556.48,3762.82,1271.19,706.47,3629.38,0.27,0.45,0.25,0.3,9369.86,5.881895794099185,0.21217827997489017,0.35467671060891404,0.19711236660389203,0.23603264281230382,0.22019971722737,0.41634623715654,0.63654595438391,0.1305,0.0725,0.444,1577.07,48305.6541,11.09976401179941,2.2459187279151944,2.2427619047619047,9.627002652519895,0,0,0
Burgers,26309,Top Burgers Cafe,Full-service,West Auckland,1.04,46.76,1053,295,13794.2,341,190,227,15945.16,8884.4,10614.52,0.359175120096188,0.452749521797523,0.29,4,1.18,267.86,2594.35,-1625.2,-905.54,1728.47,0.39,0.45,0.25,0.3,1792.08,1.7018803418803419,0.2801519468186135,0.3238366571699905,0.18043684710351376,0.21557454890788225,0.359175120096188,0.452749521797523,0.8119246418937109,0.1305,0.0725,0.354,1095.1200000000001,51207.811200000004,8.764695945945945,-4.752046783625731,-4.741047120418848,7.581008771929825,0,1,3
Burgers,25018,Lucky Burgers House,QSR,West Auckland,1.04,31.81,1329,282,8970.42,471,262,314,14982.51,8334.22,9988.34,0.269880897123367,0.375582011579536,0.32,18,5.31,1667.34,3180.35,517.45,287.84,1873.9,0.27,0.45,0.25,0.3,5859.540000000001,4.408984198645599,0.21218961625282165,0.35440180586907444,0.1971407072987208,0.23626787057938298,0.269880897123367,0.375582011579536,0.645462908702903,0.14400000000000002,0.08,1.5929999999999997,1382.16,43966.509600000005,11.237985865724381,1.096292372881356,1.0944486692015207,5.948888888888889,0,3,3
Burgers,25462,Classic Burgers Grill,Cafe,West Auckland,1.04,42.89,1191,267,11451.63,416,231,277,17842.24,9907.59,11880.53,0.265862619709224,0.3540653136326,0.3,6,1.77,490.29,4352.44,1428.67,793.32,4025.17,0.29,0.45,0.25,0.3,10599.599999999999,8.899748110831233,0.2241813602015113,0.3492863140218304,0.19395465994962216,0.2325776658270361,0.265862619709224,0.3540653136326,0.619927933341824,0.135,0.075,0.531,1238.64,53125.26960000001,16.24044776119403,3.426067146282974,3.4194827586206897,14.479028776978417,0,0,3
Burgers,25748,King Burgers House,QSR,CBD,0.99,34.92,895,161,5622.12,330,184,220,11523.6,6425.28,7682.4,0.20463999202475,0.432947133923881,0.33,12,3.54,778.8,2037.53,373.51,208.26,2005.4,0.22,0.45,0.25,0.3,4624.700000000001,5.167262569832403,0.17988826815642456,0.3687150837988827,0.20558659217877093,0.24581005586592178,0.20463999202475,0.432947133923881,0.637587125948631,0.14850000000000002,0.0825,1.062,886.05,30940.866,12.577345679012346,1.128429003021148,1.1257297297297297,9.07420814479638,0,3,0
Burgers,25586,Classic Burgers Corner,QSR,West Auckland,1.04,32.07,874,196,6285.72,305,170,203,9781.35,5451.9,6510.21,0.271731525175273,0.447104084421881,0.31,7,2.07,420.21,1767.32,-282.05,-157.21,1410.23,0.29,0.45,0.25,0.3,2738.29,3.1330549199084667,0.2242562929061785,0.3489702517162471,0.19450800915331806,0.2322654462242563,0.271731525175273,0.447104084421881,0.718835609597154,0.1395,0.0775,0.6209999999999999,908.96,29150.3472,8.971167512690355,-0.9217320261437909,-0.9193567251461989,6.912892156862745,0,3,3
Burgers,25668,Lucky Burgers Bistro,QSR,CBD,0.99,42.18,644,124,5230.32,234,130,156,9870.12,5483.4,6580.08,0.271654561050236,0.408055930281989,0.33,3,0.89,138.84,1675.22,-95.84,-53.25,1968.69,0.24,0.45,0.25,0.3,3494.82,5.4267391304347825,0.19254658385093168,0.3633540372670808,0.20186335403726707,0.2422360248447205,0.271654561050236,0.408055930281989,0.6797104913322249,0.14850000000000002,0.0825,0.267,637.56,26892.280799999997,13.40176,-0.40782978723404256,-0.4064885496183206,12.539426751592357,0,3,0
Burgers,26127,King Burgers Cafe,Ghost Kitchen,North Shore,1.03,45.5,1161,65,2957.5,493,274,329,22431.5,12467.0,14969.5,0.285928341536783,0.293624113139231,0.31,4,1.18,388.22,1243.47,2477.5,1376.95,5905.67,0.06,0.45,0.25,0.3,11003.59,9.477683031869079,0.05598621877691645,0.42463393626184326,0.2360034453057709,0.2833763996554694,0.285928341536783,0.293624113139231,0.579552454676014,0.1395,0.0775,0.354,1195.83,54410.265,18.840454545454545,5.015182186234818,5.007090909090909,17.895969696969697,0,2,1
Burgers,26277,Classic Burgers House,Full-service,West Auckland,1.04,42.43,1989,547,23209.21,649,360,433,27537.07,15274.8,18372.19,0.363928655453492,0.478824666119181,0.31,17,5.02,2173.66,3649.57,-4206.38,-2333.28,715.31,0.38,0.45,0.25,0.3,-2174.78,-1.0934037204625442,0.27501256913021616,0.3262946204122675,0.18099547511312217,0.21769733534439414,0.363928655453492,0.478824666119181,0.842753321572673,0.1395,0.0775,1.5059999999999998,2068.56,87769.00080000001,6.659799270072993,-6.471353846153846,-6.463379501385042,1.6481797235023041,0,1,3
Burgers,26359,Classic Burgers Corner,QSR,South Auckland,1.05,46.28,1946,389,18002.92,701,389,467,32442.28,18002.92,21612.76,0.2069785749726,0.418698744033463,0.27,18,5.31,2479.77,6738.9,3384.47,1878.11,5610.38,0.25,0.45,0.25,0.3,17611.86,9.050287769784173,0.1998972250770812,0.3602261048304214,0.1998972250770812,0.23997944501541624,0.2069785749726,0.418698744033463,0.625677319006063,0.12150000000000001,0.0675,1.5929999999999997,2043.3000000000002,94563.924,17.279230769230768,4.821182336182336,4.815666666666666,11.987991452991453,0,3,2
Burgers,26279,King Burgers Diner,QSR,West Auckland,1.04,32.93,561,101,3325.93,207,115,138,6816.51,3786.95,4544.34,0.240024389028549,0.398121363692917,0.29,15,4.43,611.34,1203.5,489.8,272.11,1033.05,0.22,0.45,0.25,0.3,2998.46,5.344848484848485,0.1800356506238859,0.36898395721925137,0.20499108734402852,0.24598930481283424,0.240024389028549,0.398121363692917,0.638145752721466,0.1305,0.0725,1.329,583.44,19212.6792,11.799019607843137,2.354807692307692,2.3457758620689657,7.4320143884892085,0,3,3
Burgers,25673,Lucky Burgers Diner,QSR,West Auckland,1.04,43.08,1157,253,10899.24,407,226,271,17533.56,9736.08,11674.68,0.258244108911604,0.422158598154783,0.3,16,4.72,1279.12,3483.37,343.61,190.8,2452.08,0.28,0.45,0.25,0.3,6469.860000000001,5.591927398444253,0.21866897147796022,0.35177182368193605,0.19533275713050993,0.23422644770959375,0.258244108911604,0.422158598154783,0.680402707066387,0.135,0.075,1.416,1203.28,51837.30240000001,13.714055118110236,0.8421813725490196,0.8405286343612335,9.015,0,3,3
Burgers,25028,Urban Burgers Kitchen,Cafe,CBD,0.99,35.61,1933,522,18588.42,635,353,423,22612.35,12570.33,15063.03,0.225109694935381,0.364110324322246,0.31,6,1.77,748.71,7635.75,2278.87,1266.84,5438.88,0.37,0.45,0.25,0.3,16620.34,8.59821003621314,0.2700465597516813,0.3285049146404552,0.18261769270563888,0.21883083290222452,0.225109694935381,0.364110324322246,0.589220019257627,0.1395,0.0775,0.531,1913.67,68145.7887,14.599904397705545,3.58312893081761,3.57864406779661,12.827547169811321,0,0,0
Burgers,26120,Urban Burgers Kitchen,Cafe,South Auckland,1.05,42.66,956,220,9385.2,331,184,221,14120.46,7849.44,9427.86,0.210449503902346,0.3555563315982,0.28,12,3.54,782.34,4073.12,2174.47,1208.77,3309.3,0.3,0.45,0.25,0.3,10765.66,11.261150627615063,0.23012552301255232,0.34623430962343094,0.19246861924686193,0.23117154811715482,0.210449503902346,0.3555563315982,0.566005835500546,0.12600000000000003,0.07,1.062,1003.8000000000001,42822.108,18.430407239819004,6.549608433734939,6.533891891891892,14.906756756756758,0,0,2
Burgers,25798,Top Burgers Tavern,QSR,West Auckland,1.04,46.45,1520,332,15421.4,535,297,356,24850.75,13795.65,16536.2,0.273251890223473,0.420943902456202,0.27,7,2.07,736.92,4715.93,889.76,493.94,4319.92,0.28,0.45,0.25,0.3,10419.55,6.854967105263158,0.21842105263157893,0.3519736842105263,0.19539473684210526,0.23421052631578948,0.273251890223473,0.420943902456202,0.694195792679675,0.12150000000000001,0.0675,0.6209999999999999,1580.8,73428.16,14.161951951951952,1.66,1.6575167785234899,12.1006162464986,0,3,3
Burgers,26404,Top Burgers Eatery,Cafe,West Auckland,1.04,45.98,1403,386,17748.28,458,254,305,21058.84,11678.92,14023.9,0.21447697095573,0.351445858273655,0.33,15,4.43,1351.15,7704.12,2191.74,1215.51,4736.3,0.38,0.45,0.25,0.3,15847.670000000002,11.295559515324307,0.2751247327156094,0.3264433357091946,0.18104062722736994,0.2173913043478261,0.21447697095573,0.351445858273655,0.565922829229385,0.14850000000000002,0.0825,1.329,1459.1200000000001,67090.3376,19.907286821705426,4.775032679738562,4.766705882352941,15.4781045751634,0,0,3
Burgers,25354,Classic Burgers Diner,QSR,CBD,0.99,36.87,1558,301,11097.87,566,314,377,20868.42,11577.18,13899.99,0.238315882049501,0.421141669014469,0.28,4,1.18,444.86,3779.3,1263.43,700.91,4288.68,0.24,0.45,0.25,0.3,10032.32,6.439229781771502,0.19319640564826704,0.36328626444159173,0.20154043645699615,0.24197689345314505,0.238315882049501,0.421141669014469,0.65945755106397,0.12600000000000003,0.07,0.354,1542.42,56869.0254,12.514238410596027,2.228271604938272,2.225111111111111,11.345714285714287,0,3,0
Burgers,25437,King Burgers Corner,QSR,CBD,0.99,43.71,1707,307,13418.97,630,350,420,27537.3,15298.5,18358.2,0.211043594963849,0.405638395482674,0.31,11,3.25,1365.0,5143.73,2018.98,1121.66,5672.03,0.22,0.45,0.25,0.3,13956.399999999998,8.175981253661393,0.17984768599882833,0.36906854130052724,0.2050380785002929,0.2460456942003515,0.211043594963849,0.405638395482674,0.616681990446523,0.1395,0.0775,0.975,1689.93,73866.8403,16.700422077922077,3.199651347068146,3.1956125356125358,13.47275534441805,0,3,0
Burgers,25681,Top Burgers Grill,Full-service,North Shore,1.03,37.76,1299,450,16992.0,382,212,255,14424.32,8005.12,9628.8,0.39625162628945,0.498289342387579,0.31,18,5.31,1354.05,1791.96,-2950.36,-1637.37,-338.61,0.53,0.45,0.25,0.3,-3134.38,-2.4129176289453427,0.34642032332563505,0.294072363356428,0.1632024634334103,0.1963048498845265,0.39625162628945,0.498289342387579,0.8945409686770289,0.1395,0.0775,1.5929999999999997,1337.97,50521.747200000005,3.9733037694013307,-7.703289817232377,-7.687183098591548,-1.3226953125,0,1,1
Burgers,25642,Classic Burgers Kitchen,Full-service,North Shore,1.03,40.81,1393,425,17344.25,436,242,290,17793.16,9876.02,11834.9,0.397319778020028,0.511895335954614,0.28,4,1.18,342.2,1574.6,-3366.73,-1868.69,732.23,0.44,0.45,0.25,0.3,-2928.59,-2.102361809045226,0.30509691313711407,0.31299353912419237,0.17372577171572146,0.20818377602297197,0.397319778020028,0.511895335954614,0.909215113974642,0.12600000000000003,0.07,0.354,1434.79,58553.77990000001,3.6962441314553987,-7.704187643020595,-7.690082304526749,2.516254295532646,0,1,1
Burgers,25871,Urban Burgers Cafe,QSR,West Auckland,1.04,33.42,1350,287,9591.54,478,266,319,15974.76,8889.72,10660.98,0.200827288627625,0.383602184802294,0.29,18,5.31,1693.89,3985.96,2005.96,1116.29,2736.5,0.27,0.45,0.25,0.3,9844.71,7.292377777777777,0.2125925925925926,0.3540740740740741,0.197037037037037,0.23629629629629628,0.200827288627625,0.383602184802294,0.584429473429919,0.1305,0.0725,1.5929999999999997,1404.0,46921.68,13.84013888888889,4.187807933194154,4.180861423220974,8.5515625,0,3,3
Burgers,26170,King Burgers House,Ghost Kitchen,West Auckland,1.04,41.0,889,25,1025.0,389,216,259,15949.0,8856.0,10619.0,0.288388713414315,0.263804073026404,0.28,11,3.25,841.75,459.0,2676.36,1486.1,3913.51,0.03,0.45,0.25,0.3,8534.970000000001,9.60064116985377,0.0281214848143982,0.437570303712036,0.24296962879640044,0.29133858267716534,0.288388713414315,0.263804073026404,0.552192786440719,0.12600000000000003,0.07,0.975,924.5600000000001,37906.96,17.653846153846153,6.862461538461539,6.848387096774193,15.051961538461539,0,2,3
Burgers,26534,Lucky Burgers House,Cafe,West Auckland,1.04,44.79,2103,590,26426.1,681,378,454,30501.99,16930.62,20334.66,0.245683661978692,0.435131373698823,0.28,8,2.36,1071.44,8434.81,1195.22,663.43,5419.08,0.39,0.45,0.25,0.3,15712.539999999999,7.471488349976224,0.2805515929624346,0.3238231098430813,0.1797432239657632,0.21588207322872088,0.245683661978692,0.435131373698823,0.680815035677515,0.12600000000000003,0.07,0.708,2187.12,97961.1048,14.272098138747884,1.7525219941348975,1.7504749340369392,11.910065934065933,0,0,3
Burgers,25968,Lucky Burgers House,QSR,North Shore,1.03,37.17,1605,300,11151.0,587,326,392,21818.79,12117.42,14570.64,0.214260496068746,0.439951508818194,0.29,13,3.84,1505.28,3855.88,1217.23,676.01,3533.07,0.23,0.45,0.25,0.3,9282.19,5.783295950155764,0.18691588785046728,0.36573208722741435,0.2031152647975078,0.2442367601246106,0.214260496068746,0.439951508818194,0.65421200488694,0.1305,0.0725,1.152,1653.15,61447.5855,12.810232558139536,2.070119047619048,2.067308868501529,8.99,0,3,1
Burgers,25566,Top Burgers Cafe,Full-service,CBD,0.99,38.56,1376,452,17429.12,416,231,277,16040.96,8907.36,10681.12,0.393109111045487,0.475082363607362,0.3,7,2.07,573.39,2297.31,-2697.95,-1498.14,834.47,0.49,0.45,0.25,0.3,-1064.31,-0.7734811046511627,0.32848837209302323,0.3023255813953488,0.16787790697674418,0.20130813953488372,0.393109111045487,0.475082363607362,0.868191474652849,0.135,0.075,0.6209999999999999,1362.24,52527.97440000001,5.071324503311258,-6.469904076738609,-6.4575000000000005,3.0016906474820146,0,1,0
Burgers,26294,Urban Burgers Kitchen,Full-service,North Shore,1.03,45.38,715,215,9756.7,225,125,150,10210.5,5672.5,6807.0,0.383049290336203,0.547464358899742,0.3,13,3.84,576.0,677.96,-2353.66,-1307.59,-103.01,0.43,0.45,0.25,0.3,-3086.3,-4.316503496503497,0.30069930069930073,0.3146853146853147,0.17482517482517482,0.2097902097902098,0.383049290336203,0.547464358899742,0.9305136492359449,0.135,0.075,1.152,736.45,33420.101,3.1387037037037038,-10.414424778761061,-10.377698412698413,-0.6821854304635762,0,1,1
Burgers,25567,King Burgers Eatery,Cafe,CBD,0.99,35.08,1379,421,14768.68,431,240,287,15119.48,8419.2,10067.96,0.23693563869223,0.428326791757718,0.29,12,3.54,1015.98,4943.63,676.41,376.65,2354.14,0.44,0.45,0.25,0.3,8350.83,6.055714285714286,0.30529369108049315,0.31254532269760693,0.17403915881073242,0.2081218274111675,0.23693563869223,0.428326791757718,0.6652624304499479,0.1305,0.0725,1.062,1365.21,47891.5668,11.714763033175355,1.5657638888888887,1.562863070539419,8.174097222222223,0,0,0
Burgers,25082,Classic Burgers House,Full-service,CBD,0.99,38.58,765,222,8564.76,244,136,163,9413.52,5246.88,6288.54,0.362746075843461,0.526983709377237,0.28,7,2.07,337.41,944.44,-1597.75,-890.55,356.03,0.41,0.45,0.25,0.3,-1187.83,-1.552718954248366,0.2901960784313726,0.3189542483660131,0.17777777777777778,0.2130718954248366,0.362746075843461,0.526983709377237,0.889729785220698,0.12600000000000003,0.07,0.6209999999999999,757.35,29218.563000000002,4.235156950672646,-6.521428571428571,-6.50036496350365,2.1709146341463414,0,1,0
Burgers,25823,Classic Burgers Bistro,Cafe,North Shore,1.03,40.69,1268,277,11271.13,446,248,297,18147.74,10091.12,12084.93,0.242359750363976,0.383713378338143,0.32,18,5.31,1577.07,4214.58,978.65,544.18,2941.81,0.28,0.45,0.25,0.3,8679.22,6.84481072555205,0.21845425867507884,0.35173501577287064,0.19558359621451105,0.23422712933753942,0.242359750363976,0.383713378338143,0.6260731287021191,0.14400000000000002,0.08,1.5929999999999997,1306.04,53142.76760000001,15.160359712230216,2.189373601789709,2.185461847389558,9.871845637583892,0,0,1
Burgers,25784,Classic Burgers Diner,Full-service,South Auckland,1.05,37.54,2076,719,26991.26,611,339,407,22936.94,12726.06,15278.78,0.366015142819379,0.522909006266855,0.27,9,2.66,1082.62,2998.08,-3645.23,-2022.48,614.48,0.53,0.45,0.25,0.3,-2055.15,-0.9899566473988439,0.34633911368015413,0.2943159922928709,0.1632947976878613,0.19605009633911372,0.366015142819379,0.522909006266855,0.8889241490862341,0.12150000000000001,0.0675,0.798,2179.8,81829.692,4.164,-5.956258169934641,-5.948470588235294,1.506078431372549,0,1,2
Burgers,25490,King Burgers Eatery,Full-service,North Shore,1.03,37.97,883,290,11011.3,267,148,178,10137.99,5619.56,6758.66,0.351409105490893,0.466645761206746,0.28,3,0.89,158.42,2003.45,-994.08,-551.03,1071.29,0.49,0.45,0.25,0.3,1529.63,1.7323103057757645,0.3284258210645526,0.30237825594563983,0.16761041902604756,0.2015855039637599,0.351409105490893,0.466645761206746,0.818054866697639,0.12600000000000003,0.07,0.267,909.49,34533.335300000006,6.884707903780069,-3.7092537313432836,-3.698187919463087,5.98486033519553,0,1,1
Burgers,26139,Classic Burgers Bistro,Cafe,North Shore,1.03,32.11,955,231,7417.41,326,181,217,10467.86,5811.91,6967.87,0.236294738762081,0.421600317815319,0.29,13,3.84,833.28,2537.53,545.43,302.83,1550.46,0.32,0.45,0.25,0.3,4936.25,5.1688481675392675,0.2418848167539267,0.34136125654450267,0.18952879581151832,0.22722513089005236,0.236294738762081,0.421600317815319,0.6578950565774,0.1305,0.0725,1.152,983.65,31585.0015,10.937629310344828,1.6679816513761467,1.6639010989010987,7.112201834862385,0,0,1
Burgers,25223,Urban Burgers Tavern,Full-service,West Auckland,1.04,35.32,2056,608,21474.56,652,362,434,23028.64,12785.84,15328.88,0.391515179618727,0.49037529330235,0.31,12,3.54,1536.36,2536.35,-4418.98,-2453.48,274.13,0.42,0.45,0.25,0.3,-4061.9799999999996,-1.9756712062256807,0.29571984435797666,0.31712062256809337,0.17607003891050585,0.21108949416342412,0.391515179618727,0.49037529330235,0.881890472921077,0.1395,0.0775,1.062,2138.2400000000002,75522.63680000001,4.1647783251231525,-6.76719754977029,-6.758898071625344,0.630183908045977,0,1,3
Burgers,26652,Classic Burgers Corner,Full-service,West Auckland,1.04,42.52,1375,464,19729.28,410,228,273,17433.2,9694.56,11607.96,0.390601998078637,0.541005216841586,0.3,11,3.25,887.25,1349.34,-4037.65,-2245.33,-93.35,0.51,0.45,0.25,0.3,-5026.990000000001,-3.6559927272727277,0.33745454545454545,0.2981818181818182,0.16581818181818184,0.19854545454545455,0.390601998078637,0.541005216841586,0.931607214920223,0.135,0.075,0.975,1430.0,60803.59999999999,2.901806451612903,-9.82396593673966,-9.804934497816594,-0.3406934306569343,0,1,3
Burgers,26410,Classic Burgers Tavern,Ghost Kitchen,West Auckland,1.04,37.99,1169,76,2887.24,492,273,328,18691.08,10371.27,12460.72,0.276286291971337,0.261323866236489,0.31,6,1.77,580.56,1335.03,2848.33,1580.48,5181.15,0.07,0.45,0.25,0.3,10944.99,9.362694610778442,0.06501283147989735,0.4208725406330197,0.23353293413173654,0.2805816937553465,0.276286291971337,0.261323866236489,0.537610158207826,0.1395,0.0775,0.531,1215.76,46186.7224,17.338051948051948,5.7775456389452335,5.768175182481752,15.748176291793312,0,2,3
Burgers,26154,Urban Burgers Bistro,Ghost Kitchen,West Auckland,1.04,42.2,1484,84,3544.8,630,350,420,26586.0,14770.0,17724.0,0.259973188582808,0.297896988014691,0.31,12,3.54,1486.8,1567.26,3512.8,1951.56,6349.51,0.06,0.45,0.25,0.3,13381.130000000001,9.016933962264151,0.05660377358490566,0.4245283018867924,0.23584905660377356,0.2830188679245283,0.259973188582808,0.297896988014691,0.5578701765974989,0.1395,0.0775,1.062,1543.3600000000001,65129.79200000001,18.438352941176472,5.5670364500792395,5.56,15.081971496437054,0,2,3
Burgers,25942,Lucky Burgers Eatery,Cafe,West Auckland,1.04,36.32,996,252,9152.64,335,186,223,12167.2,6755.52,8099.36,0.249211878646165,0.408902552304789,0.3,8,2.36,526.28,3129.16,509.63,282.96,2242.77,0.34,0.45,0.25,0.3,6164.52,6.1892771084337355,0.25301204819277107,0.33634538152610444,0.18674698795180725,0.22389558232931725,0.249211878646165,0.408902552304789,0.658114430950954,0.135,0.075,0.708,1035.8400000000001,37621.7088,12.368221343873516,1.5167559523809524,1.5131550802139035,10.012366071428572,0,0,3
Burgers,25670,Urban Burgers Cafe,QSR,CBD,0.99,44.05,1528,343,15109.15,533,296,356,23478.65,13038.8,15681.8,0.221027760151774,0.370199644449167,0.31,17,5.02,1787.12,6176.21,2319.05,1287.88,4623.17,0.29,0.45,0.25,0.3,14406.31,9.42821335078534,0.22447643979057588,0.3488219895287958,0.19371727748691095,0.23298429319371725,0.221027760151774,0.370199644449167,0.5912274046009409,0.1395,0.0775,1.5059999999999998,1512.72,66635.316,17.9540988372093,4.342790262172285,4.336296296296297,12.950056022408964,0,3,0
Burgers,26186,Lucky Burgers Cafe,QSR,South Auckland,1.05,42.65,1925,372,15865.8,699,388,466,29812.35,16548.2,19874.9,0.255556126032025,0.417250605043955,0.3,17,5.02,2339.32,5191.18,810.7,450.0,4163.61,0.24,0.45,0.25,0.3,10615.49,5.51454025974026,0.19324675324675325,0.3631168831168831,0.20155844155844158,0.2420779220779221,0.255556126032025,0.417250605043955,0.67280673107598,0.135,0.075,1.5059999999999998,2021.25,86206.3125,13.917372654155496,1.1581428571428571,1.1568123393316196,8.915653104925052,0,3,2
Burgers,26268,Lucky Burgers Grill,Ghost Kitchen,South Auckland,1.05,38.79,714,34,1318.86,306,170,204,11869.74,6594.3,7913.16,0.271578203991521,0.283060144330375,0.32,9,2.66,542.64,587.37,1488.01,826.67,2981.58,0.05,0.45,0.25,0.3,5883.63,8.240378151260504,0.047619047619047616,0.42857142857142855,0.23809523809523808,0.2857142857142857,0.271578203991521,0.283060144330375,0.554638348321896,0.14400000000000002,0.08,0.798,749.7,29080.863,16.782,4.846938110749186,4.834327485380117,14.544292682926828,0,2,2
Burgers,25581,King Burgers Corner,Ghost Kitchen,North Shore,1.03,42.52,1607,132,5612.64,664,369,442,28233.28,15689.88,18793.84,0.29714243307244,0.282183994189836,0.32,15,4.43,1958.06,2361.09,2842.35,1579.56,5948.01,0.09,0.45,0.25,0.3,12731.01,7.922221530802738,0.0821406347230865,0.4131922837585563,0.2296204107031736,0.2750466708151836,0.29714243307244,0.282183994189836,0.579326427262276,0.14400000000000002,0.08,1.329,1655.21,70379.5292,17.752556390977446,4.274210526315789,4.269081081081081,13.42665914221219,0,2,1
Burgers,26323,Lucky Burgers House,Ghost Kitchen,West Auckland,1.04,31.54,1391,103,3248.62,580,322,386,18293.2,10155.88,12174.44,0.290860171930399,0.261603491066489,0.31,8,2.36,910.96,1453.88,2515.98,1396.8,4537.54,0.08,0.45,0.25,0.3,9904.2,7.120201294033071,0.07404744787922359,0.41696621135873474,0.23148813803019408,0.2774982027318476,0.290860171930399,0.261603491066489,0.552463662996888,0.1395,0.0775,0.708,1446.64,45627.0256,13.979615384615386,4.330430292598967,4.324458204334365,11.724909560723514,0,2,3
Burgers,26686,Lucky Burgers Tavern,QSR,North Shore,1.03,44.43,728,159,7064.37,256,142,171,11374.08,6309.06,7597.53,0.221037969999015,0.427857678942382,0.29,16,4.72,807.12,2480.33,695.01,385.51,1860.41,0.28,0.45,0.25,0.3,5421.26,7.446785714285714,0.2184065934065934,0.3516483516483516,0.19505494505494506,0.2348901098901099,0.221037969999015,0.427857678942382,0.6488956489413971,0.1305,0.0725,1.416,749.84,33315.3912,15.5020625,2.70431906614786,2.6958741258741257,10.816337209302326,0,3,1
Burgers,26595,Urban Burgers Grill,Cafe,South Auckland,1.05,45.98,1698,361,16598.78,602,334,401,27679.96,15357.32,18437.98,0.222722591944039,0.435949814785272,0.27,10,2.95,1182.95,5665.62,1974.34,1095.4,5110.44,0.27,0.45,0.25,0.3,13845.8,8.154181389870436,0.212603062426384,0.3545347467608952,0.1967020023557126,0.23616018845700826,0.222722591944039,0.435949814785272,0.658672406729311,0.12150000000000001,0.0675,0.885,1782.9,81977.742,15.650883977900552,3.274195688225539,3.269850746268657,12.712537313432835,0,0,2
Burgers,26151,Urban Burgers Corner,Ghost Kitchen,CBD,0.99,35.21,753,62,2183.02,311,173,207,10950.31,6091.33,7288.47,0.28740864819847,0.272643319063354,0.32,17,5.02,1039.14,960.42,1313.47,730.64,2167.41,0.09,0.45,0.25,0.3,5171.94,6.868446215139442,0.08233731739707835,0.4130146082337317,0.2297476759628154,0.2749003984063745,0.28740864819847,0.272643319063354,0.560051967261824,0.14400000000000002,0.08,1.5059999999999998,745.47,26247.9987,15.244761904761905,4.209839743589744,4.199080459770115,10.420240384615385,0,2,0
Burgers,25598,Top Burgers Diner,Cafe,North Shore,1.03,40.75,2131,651,26528.25,666,370,444,27139.5,15077.5,18093.0,0.233744969405234,0.377851140359417,0.29,5,1.48,657.12,10303.68,2670.63,1483.68,6370.27,0.44,0.45,0.25,0.3,20828.260000000002,9.773937118723605,0.3054903801032379,0.31252932895354296,0.17362740497419052,0.20835288596902862,0.233744969405234,0.377851140359417,0.6115961097646511,0.1305,0.0725,0.444,2194.93,89443.3975,15.80319018404908,4.003943028485757,3.999137466307278,14.315213483146069,0,0,1
Burgers,26043,King Burgers Diner,Cafe,North Shore,1.03,38.27,831,166,6352.82,299,166,200,11442.73,6352.82,7654.0,0.254668769221753,0.361227567493916,0.33,10,2.95,590.0,2440.14,619.09,343.71,2349.93,0.25,0.45,0.25,0.3,5752.87,6.922827918170879,0.19975932611311673,0.35980746089049337,0.19975932611311673,0.24067388688327318,0.254668769221753,0.361227567493916,0.615896336715669,0.14850000000000002,0.0825,0.885,855.9300000000001,32756.4411,14.611616766467066,2.0636333333333337,2.05814371257485,11.691194029850745,0,0,1
Burgers,25237,Top Burgers Bistro,QSR,West Auckland,1.04,37.33,1566,303,11310.99,568,316,379,21203.44,11796.28,14148.07,0.202581359725446,0.375410876353271,0.33,14,4.13,1565.27,4773.33,1950.88,1085.35,4405.33,0.24,0.45,0.25,0.3,12214.89,7.800057471264368,0.19348659003831417,0.3627075351213282,0.2017879948914432,0.24201787994891444,0.202581359725446,0.375410876353271,0.577992236078717,0.14850000000000002,0.0825,1.2389999999999999,1628.64,60797.1312,15.701743421052631,3.4286115992970125,3.423817034700315,11.592973684210525,0,3,3
Burgers,26208,Urban Burgers Corner,QSR,North Shore,1.03,37.13,831,171,6349.23,297,165,198,11027.61,6126.45,7351.74,0.222673980481923,0.409076229901984,0.28,17,5.02,993.96,2338.1,973.18,540.66,1713.32,0.26,0.45,0.25,0.3,5565.259999999999,6.6970637785800236,0.20577617328519854,0.3574007220216607,0.19855595667870035,0.23826714801444043,0.222673980481923,0.409076229901984,0.631750210383907,0.12600000000000003,0.07,1.5059999999999998,855.9300000000001,31780.6809,13.59360465116279,3.265704697986577,3.2569879518072287,8.60964824120603,0,3,1
Burgers,25672,Lucky Burgers Bistro,Cafe,West Auckland,1.04,39.53,1862,559,22097.27,586,326,391,23164.58,12886.78,15456.23,0.253144157938659,0.376590094668791,0.31,12,3.54,1384.14,8181.86,1396.03,776.63,4338.77,0.43,0.45,0.25,0.3,14693.289999999999,7.891133190118152,0.30021482277121375,0.3147153598281418,0.17508055853920515,0.2099892588614393,0.253144157938659,0.376590094668791,0.6297342526074501,0.1395,0.0775,1.062,1936.48,76549.05440000001,14.610464285714285,2.37824531516184,2.375015290519878,11.068290816326531,0,0,3
Burgers,25563,Urban Burgers Tavern,Full-service,West Auckland,1.04,39.26,1524,395,15507.7,508,282,339,19944.08,11071.32,13309.14,0.35291955138091,0.463440340547822,0.29,18,5.31,1800.09,2847.84,-2121.25,-1177.54,644.0,0.35,0.45,0.25,0.3,193.05000000000018,0.1266732283464568,0.25918635170603677,0.33333333333333337,0.18503937007874016,0.22244094488188976,0.35291955138091,0.463440340547822,0.816359891928732,0.1305,0.0725,1.5929999999999997,1584.96,62225.5296,7.191515151515152,-4.167485265225933,-4.1609187279151945,1.8941176470588235,0,1,3
Burgers,25550,Top Burgers Corner,Cafe,West Auckland,1.04,38.65,1887,529,20445.85,611,340,407,23615.15,13141.0,15730.55,0.269452202897519,0.356036591390148,0.32,16,4.72,1921.04,7657.2,1287.29,716.33,3970.23,0.39,0.45,0.25,0.3,13631.05,7.223661897191309,0.28033916269210385,0.32379438261791205,0.18018018018018017,0.2156862745098039,0.269452202897519,0.356036591390148,0.625488794287667,0.14400000000000002,0.08,1.416,1962.48,75849.852,14.44754716981132,2.1034150326797385,2.100674486803519,9.73095588235294,0,0,3
Burgers,26039,Classic Burgers Grill,Cafe,West Auckland,1.04,42.51,1058,302,12838.02,340,189,227,14453.4,8034.39,9649.77,0.264760888498277,0.385405247565359,0.29,18,5.31,1205.37,4491.17,864.8,480.73,2170.45,0.4,0.45,0.25,0.3,8007.150000000001,7.56819470699433,0.28544423440453687,0.3213610586011342,0.1786389413988658,0.21455576559546313,0.264760888498277,0.385405247565359,0.6501661360636359,0.1305,0.0725,1.5929999999999997,1100.32,46774.603200000005,14.822343234323432,2.5360703812316716,2.5301578947368424,9.519517543859648,0,0,3
Burgers,25917,King Burgers Kitchen,Cafe,West Auckland,1.04,38.8,1425,385,14938.0,468,260,312,18158.4,10088.0,12105.6,0.208901475965977,0.417478324985132,0.27,8,2.36,736.32,5581.14,1881.58,1045.32,3786.58,0.37,0.45,0.25,0.3,12294.62,8.62780350877193,0.27017543859649124,0.32842105263157895,0.1824561403508772,0.21894736842105264,0.208901475965977,0.417478324985132,0.626379800951109,0.12150000000000001,0.0675,0.708,1482.0,57501.6,14.458911917098446,4.011897654584222,4.005057471264368,12.097699680511182,0,0,3
Burgers,26457,Top Burgers Bistro,QSR,North Shore,1.03,38.74,1128,253,9801.22,394,219,262,15263.56,8484.06,10149.88,0.246101893465966,0.44476930256933,0.28,3,0.89,233.18,3029.84,444.61,247.13,2904.44,0.29,0.45,0.25,0.3,6626.02,5.874131205673759,0.22429078014184398,0.349290780141844,0.19414893617021278,0.2322695035460993,0.246101893465966,0.44476930256933,0.690871196035296,0.12600000000000003,0.07,0.267,1161.84,45009.681599999996,11.928503937007875,1.125594936708861,1.1233181818181819,11.043498098859315,0,3,1
Burgers,26200,Classic Burgers Bistro,Cafe,West Auckland,1.04,36.79,1679,397,14605.63,577,320,385,21227.83,11772.8,14164.15,0.231192792523652,0.359439315344207,0.3,13,3.84,1478.4,5979.08,2321.64,1287.57,4319.95,0.31,0.45,0.25,0.3,13908.239999999998,8.283645026801667,0.2364502680166766,0.34365693865396074,0.19058963668850507,0.22930315664085765,0.231192792523652,0.359439315344207,0.5906321078678589,0.135,0.075,1.152,1746.16,64241.2264,15.022814070351759,4.016678200692041,4.011121495327103,11.191580310880829,0,0,3
Burgers,26551,Top Burgers Cafe,Ghost Kitchen,CBD,0.99,33.99,845,40,1359.6,362,201,242,12304.38,6831.99,8225.58,0.296113993425388,0.258441539178602,0.29,5,1.48,358.16,605.63,1912.65,1062.0,3305.88,0.05,0.45,0.25,0.3,6886.16,8.14930177514793,0.04733727810650887,0.42840236686390526,0.23786982248520708,0.2863905325443787,0.296113993425388,0.258441539178602,0.55455553260399,0.1305,0.0725,0.444,836.55,28434.3345,14.771463414634146,5.26900826446281,5.257425742574258,13.604444444444445,0,2,0
Burgers,25112,Classic Burgers Cafe,QSR,CBD,0.99,38.54,1525,305,11754.7,549,305,366,21158.46,11754.7,14105.64,0.246604162529111,0.38791412259452,0.29,15,4.43,1621.38,4296.13,1597.08,887.26,3533.97,0.25,0.45,0.25,0.3,10314.44,6.763567213114754,0.2,0.36,0.2,0.24,0.246604162529111,0.38791412259452,0.6345182851236311,0.1305,0.0725,1.329,1509.75,58185.765,14.039640522875818,2.9037818181818182,2.899542483660131,9.62934604904632,0,3,0
Burgers,25571,Classic Burgers Tavern,Cafe,South Auckland,1.05,39.35,1923,578,22744.3,605,336,404,23806.75,13221.6,15897.4,0.213036691173911,0.442293559922837,0.31,13,3.84,1551.36,7839.27,825.37,458.39,3927.99,0.43,0.45,0.25,0.3,13051.02,6.786801872074883,0.3005720228809152,0.31461258450338014,0.1747269890795632,0.21008840353614144,0.213036691173911,0.442293559922837,0.655330251096748,0.1395,0.0775,1.152,2019.15,79453.5525,13.539326424870467,1.361996699669967,1.3602077151335312,9.69874074074074,0,0,2
Burgers,26384,Urban Burgers Tavern,QSR,North Shore,1.03,38.79,1616,323,12529.17,582,323,388,22575.78,12529.17,15050.52,0.255428561922163,0.355401323363185,0.31,12,3.54,1373.52,4875.98,1787.33,991.94,4483.69,0.25,0.45,0.25,0.3,12138.939999999999,7.511720297029703,0.1998762376237624,0.36014851485148514,0.1998762376237624,0.24009900990099012,0.255428561922163,0.355401323363185,0.610829885285348,0.1395,0.0775,1.062,1664.48,64565.1792,15.049320987654319,3.0657461406518007,3.061543209876543,11.526195372750642,0,3,1
Burgers,26090,Classic Burgers Kitchen,Cafe,CBD,0.99,38.97,838,178,6936.66,297,165,198,11574.09,6430.05,7716.06,0.246713898573071,0.372519539762288,0.31,11,3.25,643.5,2641.25,819.06,455.03,2294.52,0.27,0.45,0.25,0.3,6209.860000000001,7.410334128878282,0.21241050119331742,0.35441527446300713,0.19689737470167065,0.2362768496420048,0.246713898573071,0.372519539762288,0.619233438335359,0.1395,0.0775,0.975,829.62,32330.291400000002,14.755586592178771,2.748523489932886,2.7411445783132526,11.530251256281407,0,0,0
Burgers,25601,Urban Burgers Tavern,QSR,West Auckland,1.04,35.83,1436,259,9279.97,530,294,353,18989.9,10534.02,12647.99,0.223330447860062,0.410070207272656,0.32,14,4.13,1457.89,3402.03,884.92,490.88,3178.85,0.22,0.45,0.25,0.3,7956.68,5.540863509749304,0.18036211699164345,0.3690807799442897,0.20473537604456826,0.24582172701949861,0.223330447860062,0.410070207272656,0.633400655132718,0.14400000000000002,0.08,1.2389999999999999,1493.44,53509.9552,13.08473076923077,1.6665160075329566,1.664,8.979802259887006,0,3,3
Burgers,25359,Lucky Burgers Kitchen,Cafe,West Auckland,1.04,39.61,1699,350,13863.5,607,337,405,24043.27,13348.57,16042.05,0.273720501009375,0.435513705620542,0.32,14,4.13,1672.65,4031.03,-702.89,-390.23,2991.83,0.26,0.45,0.25,0.3,5929.74,3.490135373749264,0.20600353148911124,0.3572689817539729,0.1983519717480871,0.23837551500882873,0.273720501009375,0.435513705620542,0.709234206629917,0.14400000000000002,0.08,1.2389999999999999,1766.96,69989.2856,11.484415954415955,-1.1560690789473684,-1.154526627218935,7.369039408866995,0,0,3
Burgers,25958,Top Burgers Cafe,QSR,North Shore,1.03,45.69,566,106,4843.14,207,115,138,9457.83,5254.35,6305.22,0.200906160548329,0.379106372431852,0.3,4,1.18,162.84,2034.06,1134.82,630.46,2485.27,0.23,0.45,0.25,0.3,6284.610000000001,11.103551236749118,0.1872791519434629,0.3657243816254417,0.20318021201413428,0.24381625441696114,0.200906160548329,0.379106372431852,0.5800125329801811,0.135,0.075,0.354,582.98,26636.356200000002,19.009906542056076,5.455865384615384,5.4350000000000005,17.879640287769785,0,3,1
Burgers,26658,Classic Burgers Grill,Ghost Kitchen,CBD,0.99,34.09,1088,80,2727.2,454,252,302,15476.86,8590.68,10295.18,0.274295223562513,0.32992309757974,0.28,12,3.54,1069.08,1079.38,1791.94,994.64,3005.56,0.08,0.45,0.25,0.3,6871.52,6.315735294117648,0.07352941176470588,0.4172794117647059,0.23161764705882354,0.2775735294117647,0.274295223562513,0.32992309757974,0.6042183211422529,0.12600000000000003,0.07,1.062,1077.12,36719.0208,13.325679012345681,3.9383296703296704,3.931383399209486,9.919339933993399,0,2,0
Burgers,25727,Urban Burgers Diner,Full-service,North Shore,1.03,36.25,1782,544,19720.0,557,310,371,20191.25,11237.5,13448.75,0.366730907279998,0.509351468947716,0.3,15,4.43,1643.53,2443.66,-3555.32,-1978.73,23.01,0.44,0.45,0.25,0.3,-3067.38,-1.7213131313131314,0.3052749719416386,0.31257014590347926,0.1739618406285073,0.20819304152637486,0.366730907279998,0.509351468947716,0.876082376227714,0.135,0.075,1.329,1835.46,66535.425,4.483779816513761,-6.371541218637993,-6.362475884244373,0.06185483870967742,0,1,1
Burgers,25120,Urban Burgers Eatery,Cafe,West Auckland,1.04,42.45,1226,268,11376.6,431,240,287,18295.95,10188.0,12183.15,0.237274351101369,0.355845061386935,0.28,10,2.95,846.65,4628.92,2321.4,1292.66,4110.44,0.28,0.45,0.25,0.3,12353.419999999998,10.076199021207177,0.21859706362153344,0.35154975530179444,0.1957585644371941,0.23409461663947795,0.237274351101369,0.355845061386935,0.593119412488304,0.12600000000000003,0.07,0.885,1275.04,54125.448000000004,17.207881040892193,5.373611111111111,5.363734439834025,14.27236111111111,0,0,3
Burgers,25381,King Burgers Diner,Cafe,CBD,0.99,39.54,1330,337,13324.98,447,248,298,17674.38,9805.92,11782.92,0.241751656010747,0.440042150276713,0.31,6,1.77,527.46,4240.09,145.04,80.47,3221.94,0.34,0.45,0.25,0.3,7687.540000000001,5.780105263157895,0.25338345864661654,0.33609022556390983,0.18646616541353384,0.22406015037593988,0.241751656010747,0.440042150276713,0.68179380628746,0.1395,0.0775,0.531,1316.7,52062.318,12.544644970414202,0.32375,0.3231726907630522,10.77571906354515,0,0,0
Burgers,26440,Urban Burgers Eatery,Cafe,North Shore,1.03,45.52,1211,327,14885.04,398,221,265,18116.96,10059.92,12062.8,0.212935674451292,0.376308752084151,0.32,15,4.43,1173.95,6114.11,1644.22,912.99,3780.91,0.37,0.45,0.25,0.3,12452.23,10.282601156069363,0.2700247729149463,0.32865400495458297,0.18249380677126342,0.21882741535920724,0.212935674451292,0.376308752084151,0.589244426535443,0.14400000000000002,0.08,1.329,1247.33,56778.4616,18.640579268292683,4.120852130325814,4.1125675675675675,14.213947368421053,0,0,1
Burgers,25148,Lucky Burgers Cafe,QSR,West Auckland,1.04,46.63,1277,230,10724.9,471,262,314,21962.73,12217.06,14641.82,0.262106711957604,0.36200443492271,0.29,8,2.36,741.04,4031.37,1886.35,1049.31,4762.66,0.22,0.45,0.25,0.3,11729.689999999999,9.185348472983554,0.18010963194988255,0.3688332028191073,0.20516836335160532,0.24588880187940487,0.262106711957604,0.36200443492271,0.624111146880314,0.1305,0.0725,0.708,1328.0800000000002,61928.3704,17.451818181818183,3.996504237288135,3.9897718631178707,15.119555555555555,0,3,3
Burgers,26158,Top Burgers Tavern,Full-service,North Shore,1.03,38.36,1107,327,12543.72,351,195,234,13464.36,7480.2,8976.24,0.351834394095931,0.472950530657545,0.3,15,4.43,1036.62,2197.85,-1680.15,-933.42,536.15,0.42,0.45,0.25,0.3,120.42999999999984,0.10878952122854547,0.2953929539295393,0.3170731707317074,0.1761517615176152,0.21138211382113822,0.351834394095931,0.472950530657545,0.824784924753476,0.135,0.075,1.329,1140.21,43738.4556,6.700762195121951,-4.773153409090909,-4.76234693877551,2.2814893617021275,0,1,1
Burgers,26612,Classic Burgers House,Full-service,West Auckland,1.04,31.69,696,247,7827.43,202,112,135,6401.38,3549.28,4278.15,0.380892307125032,0.515172828827053,0.27,5,1.48,199.8,813.54,-1063.05,-589.41,244.85,0.55,0.45,0.25,0.3,-594.0699999999999,-0.8535488505747125,0.3548850574712644,0.29022988505747127,0.16091954022988508,0.1939655172413793,0.380892307125032,0.515172828827053,0.896065135952085,0.12150000000000001,0.0675,0.444,723.84,22938.489599999997,3.2804032258064515,-5.2366995073891625,-5.216017699115044,1.8003676470588235,0,1,3
Burgers,25430,Lucky Burgers Kitchen,Full-service,CBD,0.99,38.32,1929,531,20347.92,629,350,419,24103.28,13412.0,16056.08,0.351228577585425,0.52257246428635,0.27,9,2.66,1114.54,2567.89,-3466.08,-1928.66,911.72,0.38,0.45,0.25,0.3,-1915.1300000000003,-0.9928097459823745,0.2752721617418351,0.32607568688439603,0.18144116122343185,0.21721099015033696,0.351228577585425,0.52257246428635,0.873801041871775,0.12150000000000001,0.0675,0.798,1909.71,73180.0872,4.826860902255639,-5.501714285714286,-5.494757834757835,2.1707619047619047,0,1,0
Burgers,26197,Urban Burgers Corner,Ghost Kitchen,North Shore,1.03,36.93,826,68,2511.24,341,190,227,12593.13,7016.7,8383.11,0.252041992987506,0.301198174175806,0.32,17,5.02,1139.54,1121.92,1596.3,889.44,2605.7,0.09,0.45,0.25,0.3,6213.360000000001,7.52222760290557,0.08232445520581114,0.4128329297820823,0.23002421307506052,0.27481840193704604,0.252041992987506,0.301198174175806,0.553240167163312,0.14400000000000002,0.08,1.5059999999999998,850.78,31419.3054,16.25971014492754,4.667543859649123,4.656753926701571,11.428508771929824,0,2,1
Burgers,25559,Top Burgers Eatery,Cafe,West Auckland,1.04,31.56,1981,421,13286.76,702,390,468,22155.12,12308.4,14770.08,0.22628895400092,0.432838282175362,0.29,15,4.43,2073.24,4529.09,1127.09,626.16,2961.48,0.27,0.45,0.25,0.3,9243.82,4.666239273094397,0.21251892983341747,0.35436648157496214,0.19687026754164563,0.23624432104997475,0.22628895400092,0.432838282175362,0.659127236176282,0.1305,0.0725,1.329,2060.2400000000002,65021.1744,10.732440758293839,1.60325746799431,1.6014322250639386,6.314456289978678,0,0,3
Burgers,25742,Lucky Burgers Eatery,QSR,North Shore,1.03,31.12,1518,263,8184.56,565,314,376,17582.8,9771.68,11701.12,0.254061599932611,0.443246988719329,0.31,13,3.84,1443.84,2477.4,-128.51,-71.42,2097.99,0.21,0.45,0.25,0.3,4375.46,2.8823847167325427,0.1732542819499341,0.3722002635046113,0.20685111989459815,0.24769433465085638,0.254061599932611,0.443246988719329,0.69730858865194,0.1395,0.0775,1.152,1563.54,48657.3648,9.38409090909091,-0.2270494699646643,-0.22673015873015873,5.564960212201591,0,3,1
Burgers,25763,King Burgers Bistro,Cafe,CBD,0.99,42.59,535,120,5110.8,187,104,124,7964.33,4429.36,5281.16,0.251316444799304,0.351504382374696,0.3,14,4.13,512.12,2029.9,773.97,430.44,1585.45,0.29,0.45,0.25,0.3,4819.76,9.008897196261684,0.22429906542056074,0.3495327102803738,0.19439252336448595,0.23177570093457942,0.251316444799304,0.351504382374696,0.602820827174,0.135,0.075,1.2389999999999999,529.65,22557.7935,16.77603305785124,4.11686170212766,4.099428571428572,12.6836,0,0,0
Burgers,25998,Lucky Burgers House,Cafe,West Auckland,1.04,33.37,672,185,6173.45,219,122,146,7308.03,4071.14,4872.02,0.246737139690667,0.419577346136793,0.28,5,1.48,216.08,2059.99,392.34,218.56,1409.64,0.38,0.45,0.25,0.3,4080.5299999999997,6.072217261904761,0.27529761904761907,0.32589285714285715,0.18154761904761904,0.2172619047619048,0.246737139690667,0.419577346136793,0.66631448582746,0.12600000000000003,0.07,0.444,698.88,23321.6256,11.07521505376344,1.7833636363636363,1.776910569105691,9.589387755102042,0,0,3
Burgers,26533,Top Burgers Diner,Ghost Kitchen,West Auckland,1.04,37.94,1147,44,1669.36,496,276,331,18818.24,10471.44,12558.14,0.264851968921721,0.217537490196992,0.29,14,4.13,1367.03,864.08,4283.23,2383.41,5133.2,0.04,0.45,0.25,0.3,12663.919999999998,11.040906713164777,0.038360941586748035,0.43243243243243246,0.24062772449869224,0.2885789014821273,0.264851968921721,0.217537490196992,0.482389459118713,0.1305,0.0725,1.2389999999999999,1192.88,45257.8672,19.201777777777778,8.618169014084506,8.60436823104693,15.461445783132529,0,2,3
Burgers,25914,Urban Burgers Diner,Cafe,North Shore,1.03,31.66,1372,348,11017.68,461,256,307,14595.26,8104.96,9719.62,0.240962068364024,0.423614705004729,0.28,10,2.95,905.65,3695.59,808.92,449.2,2354.54,0.34,0.45,0.25,0.3,7308.25,5.326712827988338,0.2536443148688046,0.33600583090379005,0.18658892128279883,0.22376093294460642,0.240962068364024,0.423614705004729,0.664576773368753,0.12600000000000003,0.07,0.885,1413.16,44740.6456,10.589083094555875,1.7509090909090907,1.7478599221789883,7.644610389610389,0,0,1
Burgers,25957,Classic Burgers Cafe,Full-service,CBD,0.99,31.88,1549,434,13835.92,502,279,334,16003.76,8894.52,10647.92,0.394481476955116,0.455416793772019,0.32,11,3.25,1085.5,2076.8,-2719.01,-1511.16,512.77,0.39,0.45,0.25,0.3,-1640.6,-1.0591349257585538,0.28018076178179474,0.3240800516462234,0.18011620400258233,0.21562298256939963,0.394481476955116,0.455416793772019,0.849898270727135,0.14400000000000002,0.08,0.975,1533.51,48888.2988,4.774252873563219,-5.40558648111332,-5.397,1.5306567164179103,0,1,0
Burgers,26169,Classic Burgers House,QSR,South Auckland,1.05,41.73,1289,232,9681.36,476,264,317,19863.48,11016.72,13228.41,0.254704414848238,0.368392519257031,0.31,5,1.48,469.16,3648.93,1328.93,737.05,4516.67,0.22,0.45,0.25,0.3,10231.58,7.937610550814585,0.1799844840961986,0.36927851047323507,0.20480993017843288,0.24592707525213342,0.254704414848238,0.368392519257031,0.623096934105269,0.1395,0.0775,0.444,1353.45,56479.4685,15.660643776824033,2.7860167714884696,2.781320754716981,14.203364779874214,0,3,2
Burgers,25432,King Burgers Eatery,Cafe,North Shore,1.03,40.76,876,207,8437.32,301,167,201,12268.76,6806.92,8192.76,0.241914646159858,0.409190202481113,0.3,18,5.31,1067.31,2943.74,599.88,332.83,1791.1,0.31,0.45,0.25,0.3,5667.549999999999,6.469805936073058,0.23630136986301367,0.343607305936073,0.1906392694063927,0.22945205479452055,0.241914646159858,0.409190202481113,0.651104848640971,0.135,0.075,1.5929999999999997,902.28,36776.9328,14.152596153846153,1.9863576158940397,1.9811309523809524,8.866831683168316,0,0,1
Burgers,26165,Classic Burgers Corner,QSR,South Auckland,1.05,39.13,1578,315,12325.95,568,316,379,22225.84,12365.08,14830.27,0.262688679732382,0.415173901803792,0.33,7,2.07,784.53,3970.65,-174.75,-97.22,3992.85,0.25,0.45,0.25,0.3,7691.530000000001,4.874226869455007,0.19961977186311788,0.35994930291508237,0.2002534854245881,0.24017743979721168,0.262688679732382,0.415173901803792,0.6778625815361741,0.14850000000000002,0.0825,0.6209999999999999,1656.9,64834.497,12.565348101265823,-0.3071177504393673,-0.3066876971608833,10.5075,0,3,2
Burgers,26406,Top Burgers Grill,Full-service,West Auckland,1.04,37.89,1724,492,18641.88,554,308,370,20991.06,11670.12,14019.3,0.399093572411221,0.50796096350532,0.32,7,2.07,765.9,1732.68,-4766.12,-2649.75,537.13,0.4,0.45,0.25,0.3,-5146.0599999999995,-2.9849535962877027,0.28538283062645015,0.3213457076566125,0.17865429234338748,0.21461716937354988,0.399093572411221,0.50796096350532,0.9070545359165411,0.14400000000000002,0.08,0.6209999999999999,1792.96,67935.2544,3.514563894523327,-8.587603603603604,-8.575242718446601,1.447789757412399,0,1,3
Burgers,26696,Top Burgers House,Full-service,West Auckland,1.04,40.31,988,277,11165.87,320,178,213,12899.2,7175.18,8586.03,0.364305329415947,0.49765848305542,0.29,5,1.48,315.24,1541.29,-1960.21,-1090.37,869.94,0.39,0.45,0.25,0.3,-639.3499999999999,-0.6471153846153845,0.28036437246963564,0.32388663967611336,0.18016194331983806,0.215587044534413,0.364305329415947,0.49765848305542,0.861963812471367,0.1305,0.0725,0.444,1027.52,41419.3312,5.544208633093525,-6.106573208722741,-6.0914525139664795,4.0651401869158885,0,1,3
Burgers,26640,Urban Burgers Cafe,Full-service,North Shore,1.03,34.45,1497,420,14469.0,485,269,323,16708.25,9267.05,11127.35,0.356300590571482,0.514156293822452,0.32,8,2.36,762.28,1874.36,-3182.2,-1764.97,679.19,0.39,0.45,0.25,0.3,-2393.62,-1.5989445557782231,0.280561122244489,0.3239812959251837,0.17969271877087506,0.21576486305945225,0.356300590571482,0.514156293822452,0.870456884393934,0.14400000000000002,0.08,0.708,1541.91,53118.7995,4.452161520190024,-6.5477366255144025,-6.536925925925926,2.0962654320987655,0,1,1
Burgers,25600,Classic Burgers Tavern,QSR,West Auckland,1.04,44.6,1185,221,9856.6,434,241,289,19356.4,10748.6,12889.4,0.219056067727506,0.381411945819855,0.28,17,5.02,1450.78,3938.03,2313.71,1284.8,3698.95,0.23,0.45,0.25,0.3,11235.49,9.481426160337552,0.18649789029535865,0.36624472573839667,0.20337552742616036,0.24388185654008437,0.219056067727506,0.381411945819855,0.600468013547361,0.12600000000000003,0.07,1.5059999999999998,1232.4,54965.04,17.738873873873874,5.318873563218391,5.309090909090909,12.754999999999999,0,3,3
Burgers,25840,Top Burgers Diner,QSR,West Auckland,1.04,40.44,615,123,4974.12,221,123,148,8937.24,4974.12,5985.12,0.207354236282408,0.405242015910335,0.28,3,0.89,131.72,1926.99,959.89,534.24,2186.94,0.25,0.45,0.25,0.3,5608.0599999999995,9.11879674796748,0.2,0.359349593495935,0.2,0.24065040650406505,0.207354236282408,0.405242015910335,0.612596252192743,0.12600000000000003,0.07,0.267,639.6,25865.424,15.540241935483872,4.3238288288288285,4.308387096774194,14.677449664429531,0,3,3
Burgers,26449,Lucky Burgers Tavern,Cafe,West Auckland,1.04,31.69,1081,314,9950.66,345,192,230,10933.05,6084.48,7288.7,0.218144442792982,0.355344521906227,0.31,16,4.72,1085.6,4244.07,1273.82,708.91,2023.11,0.41,0.45,0.25,0.3,8249.91,7.631739130434783,0.2904717853839038,0.3191489361702127,0.17761332099907493,0.2127659574468085,0.218144442792982,0.355344521906227,0.573488964699209,0.1395,0.0775,1.416,1124.24,35627.1656,13.473238095238095,3.6815606936416185,3.6731088082901553,8.758051948051948,0,0,3
Burgers,25321,Urban Burgers Diner,Full-service,CBD,0.99,43.59,1149,340,14820.6,364,202,243,15866.76,8805.18,10592.37,0.387669529230334,0.542980143497698,0.27,11,3.25,789.75,1027.81,-3183.66,-1766.76,-55.17,0.42,0.45,0.25,0.3,-3977.7799999999997,-3.4619495213228895,0.2959094865100087,0.3167972149695387,0.17580504786771103,0.21148825065274152,0.387669529230334,0.542980143497698,0.930649672728032,0.12150000000000001,0.0675,0.975,1137.51,49584.060900000004,3.0141055718475074,-8.72235616438356,-8.703251231527094,-0.22610655737704918,0,1,0
Chicken Dishes,26442,Classic Chicken Dishes Diner,Full-service,North Shore,1.03,44.65,1872,544,24289.6,797,332,199,35586.05,14823.8,8885.35,0.361944254953414,0.465298340911977,0.3,12,3.54,704.46,4196.21,-4528.06,-1886.22,830.55,0.41,0.6,0.25,0.15,-1387.5200000000007,-0.7411965811965816,0.29059829059829057,0.4257478632478633,0.17735042735042733,0.1063034188034188,0.361944254953414,0.465298340911977,0.8272425958653911,0.18,0.075,0.531,1928.16,86092.34400000001,7.699467889908257,-5.674260651629073,-5.664324324324324,4.15275,1,1,1
Chicken Dishes,25027,Urban Chicken Dishes Cafe,Cafe,North Shore,1.03,39.82,1377,407,16206.74,582,242,146,23175.24,9636.44,5813.72,0.244531283825636,0.439912853459828,0.28,11,3.25,474.5,5114.13,824.02,342.63,1360.05,0.42,0.6,0.25,0.15,7640.83,5.548896151053014,0.29557007988380535,0.42265795206971674,0.1757443718228032,0.10602759622367465,0.244531283825636,0.439912853459828,0.6844441372854639,0.168,0.07,0.4875,1418.31,56477.10420000001,12.534632352941177,1.4134133790737564,1.41,9.25204081632653,1,0,1
Chicken Dishes,26400,Urban Chicken Dishes Tavern,QSR,South Auckland,1.05,46.2,1073,221,10210.2,511,213,128,23608.2,9840.6,5913.6,0.249170163515955,0.397989060007967,0.27,10,2.95,377.6,3602.57,1955.72,815.2,1708.96,0.26,0.6,0.25,0.15,8082.45,7.532572227399814,0.2059645852749301,0.4762348555452004,0.1985088536812675,0.11929170549860206,0.249170163515955,0.397989060007967,0.6471592235239221,0.162,0.0675,0.4425,1126.65,52051.23,16.227792792792794,3.819765625,3.8093457943925237,13.247751937984496,1,3,2
Chicken Dishes,26078,Urban Chicken Dishes Diner,QSR,West Auckland,1.04,41.28,1546,319,13168.32,736,307,184,30382.08,12672.96,7595.52,0.232272156216204,0.429688364639878,0.33,16,4.72,868.48,4451.41,244.26,101.88,1699.11,0.26,0.6,0.25,0.15,6496.66,4.202238033635187,0.20633893919793012,0.4760672703751617,0.1985769728331177,0.11901681759379043,0.232272156216204,0.429688364639878,0.6619605208560819,0.198,0.0825,0.708,1607.8400000000001,66371.6352,13.910656249999999,0.3314246947082768,0.3307792207792208,9.184378378378378,1,3,3
Chicken Dishes,25610,King Chicken Dishes Tavern,Cafe,South Auckland,1.05,43.18,600,165,7124.7,261,109,65,11269.98,4706.62,2806.7,0.215217293072492,0.433281878195703,0.33,8,2.36,153.4,2504.34,242.31,101.2,833.16,0.38,0.6,0.25,0.15,3681.0099999999998,6.135016666666666,0.27499999999999997,0.435,0.18166666666666667,0.10833333333333332,0.215217293072492,0.433281878195703,0.648499171268195,0.198,0.0825,0.354,630.0,27203.4,15.086385542168676,0.9248473282442748,0.92,12.623636363636363,1,0,2
Chicken Dishes,25524,Lucky Chicken Dishes Eatery,QSR,South Auckland,1.05,46.25,1163,247,11423.75,550,229,137,25437.5,10591.25,6336.25,0.224442921560258,0.412300766445696,0.29,6,1.77,242.49,4149.75,1863.46,775.88,2059.19,0.27,0.6,0.25,0.15,8848.28,7.608151332760103,0.2123817712811694,0.472914875322442,0.19690455717970765,0.117798796216681,0.224442921560258,0.412300766445696,0.636743688005954,0.174,0.0725,0.2655,1221.15,56478.1875,16.732862903225808,3.381960072595281,3.373391304347826,14.921666666666667,1,3,2
Chicken Dishes,26183,Classic Chicken Dishes Kitchen,Full-service,North Shore,1.03,40.63,1724,559,22712.17,699,291,175,28400.37,11823.33,7110.25,0.362177372106817,0.518651018803939,0.27,13,3.84,672.0,2706.65,-4283.58,-1783.29,175.34,0.48,0.6,0.25,0.15,-3184.8799999999997,-1.8473781902552202,0.324245939675174,0.4054524361948956,0.16879350348027844,0.10150812064965198,0.362177372106817,0.518651018803939,0.880828390910756,0.162,0.0675,0.576,1775.72,72147.5036,4.833303571428572,-6.1194,-6.107157534246575,0.99625,1,1,1
Chicken Dishes,26144,Top Chicken Dishes Eatery,Ghost Kitchen,CBD,0.99,34.35,1071,88,3022.8,590,246,147,20266.5,8450.1,5049.45,0.292466923908796,0.265248913434334,0.33,14,4.13,607.11,1336.94,2275.61,948.81,1626.18,0.09,0.6,0.25,0.15,6187.540000000001,5.777348272642391,0.08216619981325865,0.5508870214752568,0.2296918767507003,0.13725490196078433,0.292466923908796,0.265248913434334,0.5577158373431299,0.198,0.0825,0.6194999999999999,1060.29,36420.9615,15.02179775280899,3.850439932318105,3.841336032388664,10.987702702702704,1,2,0
Chicken Dishes,25269,Top Chicken Dishes Tavern,QSR,South Auckland,1.05,42.92,1256,217,9313.64,623,260,156,26739.16,11159.2,6695.52,0.23040033986792,0.402880302700214,0.29,5,1.48,230.88,3415.49,2051.41,856.13,2224.5,0.21,0.6,0.25,0.15,8547.529999999999,6.805358280254776,0.17277070063694266,0.49601910828025475,0.2070063694267516,0.12420382165605096,0.23040033986792,0.402880302700214,0.633280642568134,0.174,0.0725,0.222,1318.8,56602.89600000001,15.667385321100916,3.2875160256410254,3.280191570881226,14.168789808917197,1,3,2
Chicken Dishes,25069,Urban Chicken Dishes Bistro,Full-service,South Auckland,1.05,44.53,1059,313,13937.89,448,186,112,19949.44,8282.58,4987.36,0.371326761401724,0.544503274257295,0.31,6,1.77,198.24,1173.15,-4505.18,-1870.46,221.55,0.42,0.6,0.25,0.15,-4980.94,-4.703437204910292,0.29556185080264397,0.42304060434372043,0.17563739376770537,0.10576015108593011,0.371326761401724,0.544503274257295,0.915830035659019,0.186,0.0775,0.2655,1111.95,49515.1335,3.736146496815287,-10.03380846325167,-10.002459893048128,1.9606194690265488,1,1,2
Chicken Dishes,25246,Lucky Chicken Dishes Diner,Full-service,CBD,0.99,37.12,844,241,8945.92,362,151,90,13437.44,5605.12,3340.8,0.364447359659243,0.499855996808037,0.28,10,2.95,265.5,1213.93,-1939.07,-808.84,187.84,0.4,0.6,0.25,0.15,-1346.14,-1.5949526066350712,0.2855450236966825,0.4289099526066351,0.1789099526066351,0.1066350710900474,0.364447359659243,0.499855996808037,0.86430335646728,0.168,0.07,0.4425,835.56,31015.9872,5.016239669421488,-5.341790633608816,-5.321315789473684,2.064175824175824,1,1,0
Chicken Dishes,25026,Lucky Chicken Dishes Eatery,Full-service,CBD,0.99,36.56,1959,617,22557.52,805,336,201,29430.8,12284.16,7348.56,0.368867105338722,0.478825511829928,0.29,11,3.25,653.25,3435.68,-4052.4,-1691.44,465.99,0.46,0.6,0.25,0.15,-1842.1700000000003,-0.9403624298111283,0.3149566105155692,0.4109239407861154,0.17151607963246557,0.10260336906584994,0.368867105338722,0.478825511829928,0.8476926171686501,0.174,0.0725,0.4875,1939.41,70904.8296,5.559352750809062,-5.027791563275434,-5.019109792284866,2.306881188118812,1,1,0
Chicken Dishes,25715,Classic Chicken Dishes Corner,Cafe,CBD,0.99,36.98,627,159,5879.82,281,117,70,10391.38,4326.66,2588.6,0.269088426344097,0.443697705469094,0.31,16,4.72,330.4,1688.77,-236.78,-98.59,413.08,0.34,0.6,0.25,0.15,1766.48,2.8173524720893144,0.2535885167464115,0.44816586921850077,0.18660287081339713,0.11164274322169059,0.269088426344097,0.443697705469094,0.712786131813191,0.186,0.0775,0.708,620.73,22954.5954,10.5548125,-0.839645390070922,-0.8355084745762712,5.8180281690140845,1,0,0
Chicken Dishes,25618,Urban Chicken Dishes Bistro,Full-service,CBD,0.99,31.17,581,144,4488.48,262,109,66,8166.54,3397.53,2057.22,0.381881071231328,0.546755018993281,0.3,18,5.31,350.46,320.32,-1867.17,-776.8,-203.65,0.33,0.6,0.25,0.15,-2527.3,-4.349913941480207,0.2478485370051635,0.450946643717728,0.18760757314974183,0.1135972461273666,0.381881071231328,0.546755018993281,0.928636090224609,0.18,0.075,0.7964999999999999,575.1899999999999,17928.672300000002,2.209103448275862,-7.099505703422054,-7.0618181818181816,-3.03955223880597,1,1,0
Chicken Dishes,25334,Classic Chicken Dishes Grill,Full-service,South Auckland,1.05,33.05,1046,247,8163.35,479,200,120,15830.95,6610.0,3966.0,0.386459062178619,0.501272463728674,0.28,10,2.95,354.0,916.49,-2655.35,-1108.71,91.26,0.31,0.6,0.25,0.15,-2756.3099999999995,-2.6350956022944545,0.23613766730401528,0.45793499043977054,0.19120458891013384,0.1147227533460803,0.386459062178619,0.501272463728674,0.8877315259072929,0.168,0.07,0.4425,1098.3,36298.815,3.6955241935483873,-5.531979166666667,-5.515970149253731,0.7542148760330579,1,1,2
Chicken Dishes,25995,Urban Chicken Dishes Kitchen,Cafe,North Shore,1.03,41.85,1676,366,15317.1,786,328,196,32894.1,13726.8,8202.6,0.216816678419709,0.415236765076406,0.28,3,0.89,174.44,5635.87,2892.92,1207.22,2843.68,0.28,0.6,0.25,0.15,12579.69,7.5057816229116945,0.21837708830548924,0.4689737470167064,0.19570405727923626,0.11694510739856802,0.216816678419709,0.415236765076406,0.632053443496115,0.168,0.07,0.1335,1726.28,72244.81800000001,15.35659400544959,3.6758831003811947,3.6693617021276594,14.43492385786802,1,0,1
Chicken Dishes,25615,Lucky Chicken Dishes Diner,Cafe,West Auckland,1.04,41.26,1751,444,18319.44,784,327,196,32347.84,13492.02,8086.96,0.243740165624768,0.438862110255286,0.29,3,0.89,174.44,5814.55,886.26,369.65,2392.34,0.34,0.6,0.25,0.15,9462.8,5.40422615648201,0.25356938892061676,0.4477441462021701,0.18675042832667046,0.11193603655054253,0.243740165624768,0.438862110255286,0.682602275880054,0.174,0.0725,0.1335,1821.04,75136.1104,13.066404494382024,1.1289936305732484,1.1269817073170731,12.143857868020305,1,0,3
Chicken Dishes,25297,King Chicken Dishes Tavern,Ghost Kitchen,South Auckland,1.05,40.44,1513,125,5055.0,833,347,208,33686.52,14032.68,8411.52,0.292890322674066,0.321109368395992,0.32,13,3.84,798.72,1951.23,2223.32,926.16,2448.13,0.09,0.6,0.25,0.15,7548.84,4.989319233311302,0.08261731658955716,0.5505617977528089,0.2293456708526107,0.13747521480502314,0.292890322674066,0.321109368395992,0.613999691070058,0.192,0.08,0.576,1588.65,64245.006,15.485952380952382,2.6658513189448443,2.6613793103448273,11.71354066985646,1,2,2
Chicken Dishes,26336,Classic Chicken Dishes Diner,QSR,West Auckland,1.04,34.75,1560,321,11154.75,743,310,186,25819.25,10772.5,6463.5,0.233758511506021,0.37409615800716,0.28,8,2.36,438.96,4374.28,2895.51,1208.09,2095.67,0.26,0.6,0.25,0.15,10573.55,6.777916666666666,0.20576923076923076,0.47628205128205126,0.1987179487179487,0.11923076923076924,0.233758511506021,0.37409615800716,0.607854669513181,0.168,0.07,0.354,1622.4,56378.4,13.584720496894409,3.8918145161290325,3.8845337620578775,11.206791443850268,1,3,3
Chicken Dishes,25108,Urban Chicken Dishes Eatery,Cafe,West Auckland,1.04,46.15,1739,380,17537.0,815,340,204,37612.25,15691.0,9414.6,0.253589859586209,0.356753990403377,0.28,16,4.72,962.88,6833.4,4124.41,1720.61,2705.58,0.28,0.6,0.25,0.15,15384.0,8.846463484761356,0.21851638872915466,0.4686601495112133,0.19551466359976996,0.11730879815986199,0.253589859586209,0.356753990403377,0.610343849989586,0.168,0.07,0.708,1808.5600000000002,83465.04400000001,17.93543307086614,5.054424019607843,5.045777126099707,13.197951219512195,1,0,3
Chicken Dishes,26023,Classic Chicken Dishes Cafe,Cafe,North Shore,1.03,39.76,2199,682,27116.32,910,379,228,36181.6,15069.04,9065.28,0.252683397009969,0.378598331613466,0.28,7,2.07,471.96,9998.28,3209.97,1336.9,2870.57,0.45,0.6,0.25,0.15,17415.72,7.919836289222374,0.3101409731696226,0.41382446566621195,0.1723510686675762,0.10368349249658938,0.252683397009969,0.378598331613466,0.631281728623435,0.168,0.07,0.31049999999999994,2264.9700000000003,90055.20719999999,14.638770131771597,3.523567508232711,3.5181578947368424,12.53524017467249,1,0,1
Chicken Dishes,26153,Classic Chicken Dishes Bistro,Full-service,CBD,0.99,30.05,1767,581,17459.05,712,296,178,21395.6,8894.8,5348.9,0.363809832581319,0.534899391676299,0.27,17,5.02,893.56,1768.44,-3609.64,-1500.63,-351.77,0.49,0.6,0.25,0.15,-3693.6,-2.0903225806451613,0.3288058856819468,0.4029428409734012,0.16751556310130164,0.1007357102433503,0.363809832581319,0.534899391676299,0.898709224257618,0.162,0.0675,0.7529999999999999,1749.33,52567.3665,3.038556701030928,-5.062608695652174,-5.052626262626263,-1.965195530726257,1,1,0
Chicken Dishes,25766,Lucky Chicken Dishes Diner,QSR,South Auckland,1.05,40.28,1342,223,8982.44,671,280,168,27027.88,11278.4,6767.04,0.248494998831302,0.410611086990684,0.29,16,4.72,792.96,3062.06,1375.55,574.0,1513.88,0.2,0.6,0.25,0.15,6525.49,4.862511177347243,0.1661698956780924,0.5,0.20864381520119224,0.12518628912071533,0.248494998831302,0.410611086990684,0.6591060858219859,0.174,0.0725,0.708,1409.1000000000001,56758.548,13.669910714285715,2.0469494047619046,2.0427046263345194,8.957869822485208,1,3,2
Chicken Dishes,25710,King Chicken Dishes Eatery,Cafe,South Auckland,1.05,33.32,915,242,8063.44,404,168,101,13461.28,5597.76,3365.32,0.224992689006031,0.362242970848456,0.29,11,3.25,328.25,3328.3,1652.57,687.21,1060.83,0.36,0.6,0.25,0.15,6728.91,7.354,0.26448087431693984,0.4415300546448087,0.18360655737704917,0.11038251366120218,0.224992689006031,0.362242970848456,0.587235659854487,0.174,0.0725,0.4875,960.75,32012.190000000006,13.696707818930042,4.08041975308642,4.066331360946746,10.400294117647059,1,0,2
Chicken Dishes,26525,King Chicken Dishes Cafe,Full-service,North Shore,1.03,35.83,2195,722,25869.26,884,368,221,31673.72,13185.44,7918.43,0.393687132711057,0.517130615399219,0.28,11,3.25,718.25,2307.08,-6043.91,-2516.02,-12.07,0.49,0.6,0.25,0.15,-6264.92,-2.8541776765375855,0.3289293849658314,0.40273348519362184,0.16765375854214123,0.10068337129840546,0.393687132711057,0.517130615399219,0.9108177481102759,0.168,0.07,0.4875,2260.85,81006.25550000001,3.190982019363762,-6.829276836158192,-6.818482384823848,-0.05436936936936937,1,1,1
Chicken Dishes,25712,Classic Chicken Dishes House,Cafe,North Shore,1.03,44.49,1359,395,17573.55,578,241,145,25715.22,10722.09,6451.05,0.252607616316527,0.449872615956701,0.3,8,2.36,342.2,5228.48,-63.78,-26.59,1577.11,0.41,0.6,0.25,0.15,6715.219999999999,4.941295069904341,0.2906548933038999,0.4253127299484915,0.17733627667402502,0.10669610007358352,0.252607616316527,0.449872615956701,0.702480232273228,0.18,0.075,0.354,1399.77,62275.76730000001,13.203232323232323,-0.11015544041450777,-0.10987603305785124,10.802123287671233,1,0,1
Chicken Dishes,25349,Classic Chicken Dishes Cafe,QSR,CBD,0.99,31.62,486,87,2750.94,239,100,60,7557.18,3162.0,1897.2,0.273522344883531,0.437762876972556,0.31,8,2.36,141.6,794.24,-160.86,-67.3,406.15,0.22,0.6,0.25,0.15,972.23,2.0004732510288066,0.17901234567901234,0.49176954732510286,0.20576131687242796,0.12345679012345678,0.273522344883531,0.437762876972556,0.711285221856087,0.186,0.0775,0.354,481.14,15213.646800000002,9.025454545454545,-0.67025,-0.6663366336633663,6.658196721311475,1,3,0
Chicken Dishes,25795,Classic Chicken Dishes Diner,Full-service,CBD,0.99,39.3,1886,509,20003.7,826,344,207,32461.8,13519.2,8135.1,0.387120260915253,0.481964347464964,0.3,12,3.54,732.78,2618.79,-5488.79,-2285.89,332.23,0.37,0.6,0.25,0.15,-4823.66,-2.557613997879109,0.2698833510074231,0.43796394485683987,0.1823966065747614,0.10975609756097561,0.387120260915253,0.481964347464964,0.8690846083802171,0.18,0.075,0.531,1867.1399999999999,73378.602,5.134882352941176,-6.636989117291415,-6.625768115942028,1.5972596153846155,1,1,0
Chicken Dishes,26008,King Chicken Dishes Bistro,QSR,CBD,0.99,38.11,761,166,6326.26,357,149,89,13605.27,5678.39,3391.79,0.250427420157939,0.40718239499256,0.31,13,3.84,341.76,2166.05,440.68,183.92,819.56,0.28,0.6,0.25,0.15,3610.21,4.744034165571616,0.21813403416557164,0.4691195795006571,0.19579500657030224,0.11695137976346912,0.250427420157939,0.40718239499256,0.657609815150499,0.186,0.0775,0.576,753.39,28711.6929,12.970359281437126,1.230949720670391,1.2261333333333333,9.106222222222222,1,3,0
Chicken Dishes,25850,Top Chicken Dishes Eatery,QSR,West Auckland,1.04,42.53,1220,259,11015.27,577,240,144,24539.81,10207.2,6124.32,0.272642806898803,0.430930687393993,0.32,3,0.89,128.16,3265.22,-578.49,-240.62,1687.25,0.27,0.6,0.25,0.15,4133.36,3.388,0.21229508196721314,0.4729508196721312,0.19672131147540986,0.1180327868852459,0.272642806898803,0.430930687393993,0.703573494292796,0.192,0.08,0.1335,1268.8,53962.064,12.558538461538461,-1.000847750865052,-0.9984232365145228,11.636206896551725,1,3,3
Chicken Dishes,26015,King Chicken Dishes Kitchen,QSR,West Auckland,1.04,39.58,1621,354,14011.32,760,317,190,30080.8,12546.86,7520.2,0.278203928302974,0.431124492408708,0.32,4,1.18,224.2,4072.69,-882.22,-367.98,1961.71,0.28,0.6,0.25,0.15,4784.200000000001,2.951388032078964,0.21838371375694018,0.4688463911165947,0.1955582973473165,0.11721159777914868,0.278203928302974,0.431124492408708,0.709328420711682,0.192,0.08,0.177,1685.8400000000001,66725.5472,11.4723661971831,-1.1592904073587385,-1.1571698113207547,10.270732984293193,1,3,3
Chicken Dishes,25422,Urban Chicken Dishes House,Full-service,West Auckland,1.04,39.75,1299,329,13077.75,582,242,146,23134.5,9619.5,5803.5,0.351225982652977,0.451469495147467,0.31,15,4.43,646.78,2580.3,-2607.15,-1084.07,498.28,0.34,0.6,0.25,0.15,-612.6399999999999,-0.47162432640492674,0.25327174749807546,0.44803695150115475,0.18629715165511931,0.11239414934565051,0.351225982652977,0.451469495147467,0.802695477800444,0.186,0.0775,0.6645,1350.96,53700.66,7.819090909090909,-4.471955403087478,-4.46119341563786,3.389659863945578,1,1,3
Chicken Dishes,26012,Urban Chicken Dishes Eatery,Cafe,South Auckland,1.05,39.07,2084,551,21527.57,920,383,230,35944.4,14963.81,8986.1,0.268489274159074,0.367201791936532,0.32,3,0.89,204.7,7842.69,1592.66,663.03,3069.02,0.36,0.6,0.25,0.15,13167.400000000001,6.318330134357007,0.26439539347408825,0.44145873320537427,0.18378119001919385,0.11036468330134357,0.268489274159074,0.367201791936532,0.635691066095606,0.192,0.08,0.1335,2188.2000000000003,85492.974,14.207771739130434,1.7292725298588492,1.726640625,13.285800865800866,1,0,2
Chicken Dishes,25425,Lucky Chicken Dishes Diner,Ghost Kitchen,West Auckland,1.04,32.36,1105,52,1682.72,632,263,158,20451.52,8510.68,5112.88,0.296541053603869,0.223851376934908,0.29,17,5.02,793.16,807.05,3877.76,1613.69,1659.02,0.05,0.6,0.25,0.15,7957.52,7.20137556561086,0.047058823529411764,0.571945701357466,0.23800904977375564,0.1429864253393665,0.296541053603869,0.223851376934908,0.520392430538777,0.174,0.0725,0.7529999999999999,1149.2,37188.112,15.227358490566036,6.126003159557662,6.112462121212121,10.434088050314465,1,2,3
Chicken Dishes,26099,Classic Chicken Dishes Cafe,QSR,CBD,0.99,35.98,580,123,4425.54,274,114,69,9858.52,4101.72,2482.62,0.270001643337309,0.35182688809,0.32,16,4.72,325.68,1673.61,573.48,238.6,613.18,0.27,0.6,0.25,0.15,3098.87,5.342879310344827,0.21206896551724136,0.4724137931034483,0.19655172413793104,0.1189655172413793,0.270001643337309,0.35182688809,0.6218285314273091,0.192,0.08,0.708,574.2,20659.716,13.496854838709677,2.0853818181818182,2.074782608695652,8.759714285714285,1,3,0
Chicken Dishes,25128,Classic Chicken Dishes Cafe,QSR,North Shore,1.03,40.82,925,179,7306.78,448,186,112,18287.36,7592.52,4571.84,0.269563127625734,0.368867952888832,0.32,4,1.18,132.16,2641.9,760.19,315.61,1520.88,0.24,0.6,0.25,0.15,5238.58,5.66332972972973,0.1935135135135135,0.4843243243243243,0.20108108108108108,0.12108108108108108,0.269563127625734,0.368867952888832,0.638431080514566,0.192,0.08,0.177,952.75,38891.255,14.677222222222223,1.693073496659243,1.6877540106951872,13.459115044247788,1,3,1
Chicken Dishes,26088,Lucky Chicken Dishes Bistro,QSR,South Auckland,1.05,39.76,1254,258,10258.08,598,249,149,23776.48,9900.24,5924.24,0.278205859009176,0.377555389888585,0.3,16,4.72,703.28,3531.23,1051.84,437.97,1336.07,0.26,0.6,0.25,0.15,6357.11,5.069465709728868,0.2057416267942584,0.47687400318979273,0.19856459330143542,0.11881977671451356,0.278205859009176,0.377555389888585,0.655761248897761,0.18,0.075,0.708,1316.7,52351.992,13.634092664092664,1.7559933222036725,1.75188,8.907133333333332,1,3,2
Chicken Dishes,25254,Urban Chicken Dishes Kitchen,QSR,North Shore,1.03,34.75,817,141,4899.75,406,169,101,14108.5,5872.75,3509.75,0.220611839685589,0.445624218787998,0.27,13,3.84,387.84,1635.36,899.61,374.47,783.59,0.21,0.6,0.25,0.15,3693.0299999999997,4.520232558139535,0.17258261933904528,0.4969400244798042,0.20685434516523868,0.12362301101591187,0.220611839685589,0.445624218787998,0.666236058473587,0.162,0.0675,0.576,841.51,29242.4725,11.516619718309858,2.21034398034398,2.202764705882353,7.682254901960785,1,3,1
Chicken Dishes,26102,Lucky Chicken Dishes Corner,Full-service,South Auckland,1.05,36.99,982,270,9987.3,427,178,107,15794.73,6584.22,3957.93,0.382685287308414,0.470556372473948,0.29,7,2.07,221.49,1465.72,-2262.46,-943.13,359.37,0.38,0.6,0.25,0.15,-1380.5,-1.4058044806517311,0.27494908350305497,0.43482688391038693,0.18126272912423627,0.10896130346232179,0.382685287308414,0.470556372473948,0.853241659782362,0.174,0.0725,0.31049999999999994,1031.1000000000001,38140.389,5.408560885608856,-5.2861214953271025,-5.2688826815642456,3.3275,1,1,2
Chicken Dishes,26224,Top Chicken Dishes Corner,Ghost Kitchen,CBD,0.99,35.98,1538,126,4533.48,847,353,212,30475.06,12700.94,7627.76,0.285154600034002,0.312763985386118,0.3,11,3.25,689.0,1822.83,3110.94,1296.53,2377.98,0.09,0.6,0.25,0.15,8608.28,5.5970611183355015,0.08192457737321195,0.5507152145643693,0.229518855656697,0.1378413524057217,0.285154600034002,0.312763985386118,0.59791858542012,0.18,0.075,0.4875,1522.62,54783.867600000005,14.352992125984251,3.668561320754717,3.6625141242937853,11.164225352112677,1,2,0
Chicken Dishes,25728,Top Chicken Dishes House,Full-service,South Auckland,1.05,45.72,1358,388,17739.36,582,242,146,26609.04,11064.24,6675.12,0.36910094980849,0.538826958462596,0.3,5,1.48,216.08,1633.3,-5532.76,-2300.56,398.51,0.4,0.6,0.25,0.15,-5801.51,-4.272098674521355,0.2857142857142857,0.42857142857142855,0.17820324005891014,0.10751104565537555,0.36910094980849,0.538826958462596,0.907927908271086,0.18,0.075,0.222,1425.9,65192.14800000001,4.198714652956298,-9.49015437392796,-9.467325102880658,2.710952380952381,1,1,2
Chicken Dishes,26106,Lucky Chicken Dishes Corner,Cafe,North Shore,1.03,31.58,927,274,8652.92,392,163,98,12379.36,5147.54,3094.84,0.244575531296432,0.411475085932761,0.33,8,2.36,231.28,2976.17,172.68,71.81,833.19,0.42,0.6,0.25,0.15,4053.85,4.373085221143474,0.29557713052858686,0.4228694714131608,0.17583603020496225,0.1057173678532902,0.244575531296432,0.411475085932761,0.656050617229193,0.198,0.0825,0.354,954.8100000000001,30152.8998,10.822436363636363,0.43938931297709927,0.4378658536585366,8.416060606060606,1,0,1
Chicken Dishes,25499,Lucky Chicken Dishes Cafe,Full-service,CBD,0.99,34.67,1345,417,14457.39,557,232,139,19311.19,8043.44,4819.13,0.392548737919424,0.529197091492824,0.33,6,1.77,246.03,1131.35,-4861.51,-2024.9,131.09,0.45,0.6,0.25,0.15,-5623.97,-4.181390334572491,0.3100371747211896,0.41412639405204454,0.1724907063197026,0.1033457249070632,0.392548737919424,0.529197091492824,0.921745829412248,0.198,0.0825,0.2655,1331.55,46164.8385,2.706578947368421,-8.712383512544804,-8.690557939914164,0.9363571428571429,1,1,0
Chicken Dishes,26459,King Chicken Dishes Cafe,Full-service,South Auckland,1.05,41.58,1157,287,11933.46,522,218,130,21704.76,9064.44,5405.4,0.379103111242875,0.474927577609196,0.32,3,0.89,115.7,1741.92,-3777.29,-1577.49,673.32,0.33,0.6,0.25,0.15,-2939.5399999999995,-2.5406568712186686,0.24805531547104576,0.4511668107173724,0.18841832324978391,0.11235955056179774,0.379103111242875,0.474927577609196,0.854030688852071,0.192,0.08,0.1335,1214.8500000000001,50513.46300000001,6.048333333333334,-7.222351816443594,-7.203150684931507,5.139847328244275,1,1,2
Chicken Dishes,25124,Top Chicken Dishes Cafe,QSR,South Auckland,1.05,37.23,1946,401,14929.23,927,386,232,34512.21,14370.78,8637.36,0.200368717927486,0.363881417782977,0.29,18,5.31,1231.92,6505.41,5030.15,2094.54,2531.81,0.26,0.6,0.25,0.15,16161.909999999998,8.305195272353545,0.20606372045220964,0.47636176772867417,0.19835560123329907,0.11921891058581706,0.200368717927486,0.363881417782977,0.564250135710463,0.174,0.0725,0.7964999999999999,2043.3000000000002,76072.05900000001,16.182611940298507,5.420420258620689,5.412248062015504,10.866137339055793,1,3,2
Chicken Dishes,25669,Classic Chicken Dishes Diner,Full-service,North Shore,1.03,38.18,1710,452,17257.36,755,314,189,28825.9,11988.52,7216.02,0.374131189403124,0.463714917493053,0.29,17,5.02,948.78,2798.35,-3685.28,-1532.69,221.33,0.36,0.6,0.25,0.15,-2198.2900000000004,-1.2855497076023394,0.26432748538011697,0.4415204678362573,0.18362573099415205,0.11052631578947368,0.374131189403124,0.463714917493053,0.837846106896177,0.174,0.0725,0.7529999999999999,1761.3,67246.43400000001,6.177373068432671,-4.874708994708995,-4.86568253968254,1.1648947368421054,1,1,1
Chicken Dishes,25503,Lucky Chicken Dishes Corner,QSR,South Auckland,1.05,34.98,1278,271,9479.58,604,252,151,21127.92,8814.96,5281.98,0.232261857353151,0.388033886486664,0.28,7,2.07,312.57,3599.44,2106.54,878.89,1693.02,0.27,0.6,0.25,0.15,8277.89,6.477222222222221,0.21205007824726133,0.4726134585289514,0.19718309859154926,0.11815336463223786,0.232261857353151,0.388033886486664,0.620295743839815,0.168,0.07,0.31049999999999994,1341.9,46939.662000000004,13.233235294117648,3.481884297520661,3.4738735177865614,11.13828947368421,1,3,2
Chicken Dishes,25747,Lucky Chicken Dishes Cafe,Full-service,North Shore,1.03,45.55,1170,340,15487.0,498,208,124,22683.9,9474.4,5648.2,0.358018621860538,0.47737461978104,0.29,10,2.95,365.8,2549.26,-2844.41,-1188.03,563.93,0.41,0.6,0.25,0.15,-919.2499999999997,-0.7856837606837604,0.2905982905982906,0.4256410256410257,0.17777777777777778,0.10598290598290598,0.358018621860538,0.47737461978104,0.835393241641578,0.174,0.0725,0.4425,1205.1000000000001,54892.305,7.4758357771261,-5.700220440881763,-5.684354066985645,4.5114399999999995,1,1,1
Chicken Dishes,25263,Lucky Chicken Dishes Kitchen,Full-service,West Auckland,1.04,32.66,1394,458,14958.28,562,234,140,18354.92,7642.44,4572.4,0.377910198504105,0.545449625281617,0.32,4,1.18,165.2,1146.41,-4466.85,-1859.86,185.23,0.49,0.6,0.25,0.15,-4995.070000000001,-3.583263988522239,0.3285509325681492,0.40315638450502145,0.16786226685796268,0.10043041606886656,0.377910198504105,0.545449625281617,0.923359823785722,0.192,0.08,0.177,1449.76,47349.1616,2.4976252723311547,-7.934014209591475,-7.914297872340425,1.3136879432624113,1,1,3
Chicken Dishes,26196,Classic Chicken Dishes Grill,QSR,CBD,0.99,44.09,1348,286,12609.74,637,266,159,28085.33,11727.94,7010.31,0.276163032259792,0.403236617078073,0.31,6,1.77,281.43,4042.69,297.71,124.32,1966.08,0.27,0.6,0.25,0.15,6430.799999999999,4.7706231454005925,0.21216617210682492,0.4725519287833828,0.19732937685459942,0.11795252225519288,0.276163032259792,0.403236617078073,0.679399649337865,0.186,0.0775,0.2655,1334.52,58838.9868,14.08602787456446,0.4666300940438871,0.46561797752808987,12.288,1,3,0
Chicken Dishes,25266,Urban Chicken Dishes Kitchen,Cafe,West Auckland,1.04,39.33,1694,410,16125.3,770,321,193,30284.1,12624.93,7590.69,0.219555714428425,0.416442147921771,0.33,9,2.66,513.38,5869.64,1029.72,429.27,2249.65,0.32,0.6,0.25,0.15,9578.28,5.654238488783943,0.24203069657615114,0.4545454545454546,0.18949232585596226,0.11393152302243212,0.219555714428425,0.416442147921771,0.635997862350196,0.198,0.0825,0.399,1761.76,69290.0208,14.281362530413626,1.3355642023346304,1.333136645962733,11.596134020618557,1,0,3
Chicken Dishes,26560,Lucky Chicken Dishes Diner,Ghost Kitchen,South Auckland,1.05,36.31,847,24,871.44,494,206,123,17937.14,7479.86,4466.13,0.256718570971861,0.219190210534725,0.27,13,3.84,472.32,456.71,4557.67,1900.57,1868.34,0.03,0.6,0.25,0.15,8783.289999999999,10.369881936245571,0.028335301062573794,0.5832349468713105,0.24321133412042503,0.14521841794569068,0.256718570971861,0.219190210534725,0.475908781506586,0.162,0.0675,0.576,889.35,32292.2985,18.2684,9.20741414141414,9.181497584541063,15.067258064516128,1,2,2
Chicken Dishes,26601,Top Chicken Dishes Tavern,Full-service,South Auckland,1.05,36.06,1239,307,11070.42,559,233,140,20157.54,8401.98,5048.4,0.391479629848618,0.542518933513202,0.32,8,2.36,330.4,730.66,-5119.99,-2134.09,2.8,0.33,0.6,0.25,0.15,-6520.62,-5.262808716707021,0.24778046811945115,0.45117029862792574,0.18805488297013717,0.11299435028248586,0.391479629848618,0.542518933513202,0.93399856336182,0.192,0.08,0.354,1300.95,46912.257000000005,2.372272727272727,-9.142839285714285,-9.120042735042736,0.019858156028368792,1,1,2
Chicken Dishes,26225,King Chicken Dishes Eatery,Ghost Kitchen,South Auckland,1.05,36.32,574,47,1707.04,316,132,79,11477.12,4794.24,2869.28,0.259631792397704,0.24871460768627,0.32,7,2.07,163.53,839.27,1970.09,822.95,1247.16,0.09,0.6,0.25,0.15,4879.469999999999,8.500818815331009,0.08188153310104529,0.5505226480836237,0.22996515679442509,0.13763066202090593,0.259631792397704,0.24871460768627,0.508346400083974,0.192,0.08,0.31049999999999994,602.7,21890.064000000002,17.484791666666666,6.2147949526813875,6.187593984962406,15.589500000000001,1,2,2
Chicken Dishes,26563,Top Chicken Dishes Diner,Full-service,CBD,0.99,34.46,776,188,6478.48,353,147,88,12164.38,5065.62,3032.48,0.390167050494347,0.484435608796775,0.32,9,2.66,234.08,812.38,-2367.22,-985.78,146.18,0.32,0.6,0.25,0.15,-2394.44,-3.085618556701031,0.2422680412371134,0.45489690721649484,0.18943298969072164,0.1134020618556701,0.390167050494347,0.484435608796775,0.874602659291122,0.192,0.08,0.399,768.24,26473.5504,4.298306878306878,-6.6870621468926545,-6.660675675675676,1.6424719101123597,1,1,0
Chicken Dishes,25755,Classic Chicken Dishes Diner,Cafe,North Shore,1.03,38.31,1698,411,15745.41,772,322,193,29575.32,12335.82,7393.83,0.264337462056428,0.376248777471483,0.32,18,5.31,1024.83,5659.12,1165.67,486.2,1632.61,0.32,0.6,0.25,0.15,8943.6,5.26713780918728,0.2420494699646643,0.4546525323910483,0.18963486454652534,0.11366313309776208,0.264337462056428,0.376248777471483,0.6405862395279109,0.192,0.08,0.7964999999999999,1748.94,67001.8914,13.735728155339805,1.5079818887451488,1.5052631578947369,8.415515463917526,1,0,1
Chicken Dishes,26605,Urban Chicken Dishes Grill,Full-service,North Shore,1.03,34.49,968,245,8450.05,434,181,108,14968.66,6242.69,3724.92,0.350764283211902,0.542664917814545,0.31,4,1.18,127.44,900.53,-3045.06,-1269.95,269.53,0.34,0.6,0.25,0.15,-3144.95,-3.2489152892561983,0.25309917355371897,0.44834710743801653,0.18698347107438015,0.1115702479338843,0.350764283211902,0.542664917814545,0.893429201026447,0.186,0.0775,0.177,997.0400000000001,34387.9096,3.660691056910569,-7.000137931034483,-6.977747252747253,2.4727522935779813,1,1,1
Chicken Dishes,25100,Urban Chicken Dishes Cafe,Cafe,CBD,0.99,39.0,1716,481,18759.0,741,309,185,28899.0,12051.0,7215.0,0.226575082670897,0.356397570972331,0.33,16,4.72,873.2,7823.02,2515.0,1048.77,2135.65,0.39,0.6,0.25,0.15,13522.44,7.880209790209791,0.2803030303030303,0.4318181818181818,0.18006993006993008,0.10780885780885781,0.226575082670897,0.356397570972331,0.582972653643228,0.198,0.0825,0.708,1698.84,66254.76,16.23033195020747,3.3894878706199463,3.3831290322580645,11.481989247311828,1,0,0
Chicken Dishes,25988,Urban Chicken Dishes Grill,QSR,West Auckland,1.04,32.14,1986,434,13948.76,931,388,233,29922.34,12470.32,7488.62,0.274404364507645,0.42480582697317,0.31,12,3.54,824.82,4195.64,-275.59,-114.85,1427.68,0.28,0.6,0.25,0.15,5232.88,2.634884189325277,0.21852970795568982,0.4687814702920443,0.19536757301107754,0.11732124874118831,0.274404364507645,0.42480582697317,0.699210191480815,0.186,0.0775,0.531,2065.44,66383.24160000001,9.645149425287357,-0.29569742489270384,-0.2952442159383033,6.101196581196581,1,3,3
Chicken Dishes,25194,Top Chicken Dishes Grill,Full-service,CBD,0.99,42.13,906,219,9226.47,412,172,103,17357.56,7246.36,4339.39,0.380105295253452,0.477796747698449,0.32,17,5.02,517.06,1311.06,-3087.95,-1289.14,99.56,0.32,0.6,0.25,0.15,-2966.47,-3.27424944812362,0.24172185430463575,0.4547461368653422,0.18984547461368653,0.11368653421633555,0.380105295253452,0.477796747698449,0.857902042951901,0.192,0.08,0.7529999999999999,896.9399999999999,37788.0822,5.959363636363636,-7.476876513317191,-7.451676300578035,0.9573076923076923,1,1,0
Chicken Dishes,26488,Urban Chicken Dishes Kitchen,Cafe,North Shore,1.03,40.1,1532,397,15919.7,681,284,170,27308.1,11388.4,6817.0,0.227174992673099,0.391697818483226,0.3,4,1.18,200.6,6067.43,2215.43,923.91,2397.54,0.35,0.6,0.25,0.15,11604.310000000001,7.574614882506529,0.2591383812010444,0.4445169712793733,0.18537859007832896,0.11096605744125325,0.227174992673099,0.391697818483226,0.618872811156325,0.18,0.075,0.177,1577.96,63276.196,15.244798994974875,3.248431085043988,3.2417894736842103,14.020701754385964,1,0,1
Chicken Dishes,26409,King Chicken Dishes Grill,QSR,CBD,0.99,35.86,699,157,5630.02,325,136,81,11654.5,4876.96,2904.66,0.212010084744543,0.381449992023408,0.3,15,4.43,358.83,2288.83,1241.67,519.59,822.03,0.29,0.6,0.25,0.15,4872.12,6.970128755364807,0.22460658082975682,0.46494992846924177,0.19456366237482117,0.11587982832618025,0.212010084744543,0.381449992023408,0.593460076767951,0.18,0.075,0.6645,692.01,24815.4786,14.48626582278481,3.8088036809815953,3.7926277372262778,10.024756097560974,1,3,0
Chicken Dishes,25278,King Chicken Dishes Bistro,Cafe,North Shore,1.03,35.66,975,283,10091.78,415,173,104,14798.9,6169.18,3708.64,0.243387985173613,0.42571567571722,0.31,17,5.02,522.08,3339.33,309.24,128.91,705.1,0.41,0.6,0.25,0.15,4482.58,4.5975179487179485,0.2902564102564103,0.4256410256410256,0.17743589743589744,0.10666666666666666,0.243387985173613,0.42571567571722,0.669103660890833,0.186,0.0775,0.7529999999999999,1004.25,35811.555,11.758204225352113,0.7433653846153846,0.7408620689655172,6.715238095238096,1,0,1
Chicken Dishes,25035,King Chicken Dishes House,QSR,West Auckland,1.04,43.39,733,137,5944.43,358,149,89,15533.62,6465.11,3861.71,0.279572833776474,0.427455027331598,0.28,4,1.18,105.02,1741.55,201.5,83.87,1026.35,0.23,0.6,0.25,0.15,3053.27,4.165443383356071,0.1869031377899045,0.4884038199181446,0.20327421555252384,0.121418826739427,0.279572833776474,0.427455027331598,0.707027861108072,0.168,0.07,0.177,762.32,33077.06480000001,12.619927536231884,0.5612813370473537,0.5591333333333334,11.403888888888888,1,3,3
Chicken Dishes,26452,King Chicken Dishes Tavern,Full-service,South Auckland,1.05,46.38,1671,494,22911.72,706,294,177,32744.28,13635.72,8209.26,0.396182681852952,0.468002405646257,0.31,13,3.84,679.68,3111.75,-5703.57,-2375.14,435.26,0.42,0.6,0.25,0.15,-4531.699999999999,-2.7119688809096343,0.2956313584679833,0.42250149611011373,0.17594254937163376,0.10592459605026931,0.396182681852952,0.468002405646257,0.864185087499209,0.186,0.0775,0.576,1754.5500000000002,81376.029,6.286363636363636,-8.067284299858557,-8.051322033898305,2.4452808988764043,1,1,2
Chicken Dishes,25281,Top Chicken Dishes Tavern,Full-service,North Shore,1.03,45.08,1054,322,14515.76,439,183,110,19790.12,8249.64,4958.8,0.357244657352567,0.452993982331827,0.28,10,2.95,324.5,2754.53,-1785.83,-744.44,616.49,0.44,0.6,0.25,0.15,840.7500000000002,0.7976755218216321,0.3055028462998102,0.41650853889943074,0.17362428842504743,0.10436432637571158,0.357244657352567,0.452993982331827,0.810238639684394,0.168,0.07,0.4425,1085.6200000000001,48939.7496,8.527956656346749,-4.058704545454545,-4.045869565217392,5.553963963963964,1,1,1
Chicken Dishes,25632,Classic Chicken Dishes House,Full-service,North Shore,1.03,40.05,1279,384,15379.2,537,224,134,21506.85,8971.2,5366.7,0.353959595959168,0.499846138083376,0.31,11,3.25,435.5,2248.35,-3522.95,-1469.53,349.08,0.43,0.6,0.25,0.15,-2395.05,-1.8725957779515248,0.30023455824863177,0.41985926505082094,0.17513682564503522,0.10476935105551212,0.353959595959168,0.499846138083376,0.853805734042544,0.186,0.0775,0.4875,1317.3700000000001,52760.6685,5.839870129870129,-6.548234200743494,-6.531244444444444,2.5857777777777775,1,1,1
Chicken Dishes,26616,Classic Chicken Dishes Kitchen,Cafe,West Auckland,1.04,36.03,822,230,8286.9,355,148,89,12790.65,5332.44,3206.67,0.26196017023176,0.404206880182028,0.29,12,3.54,315.06,2766.44,560.65,233.74,755.43,0.39,0.6,0.25,0.15,4316.26,5.250924574209246,0.2798053527980536,0.4318734793187348,0.18004866180048662,0.10827250608272508,0.26196017023176,0.404206880182028,0.666167050413788,0.174,0.0725,0.531,854.88,30801.326399999998,11.975930735930737,1.5748595505617977,1.568724832214765,8.393666666666666,1,0,3
Chicken Dishes,25485,Classic Chicken Dishes Diner,Ghost Kitchen,South Auckland,1.05,36.15,1549,101,3651.15,869,362,217,31414.35,13086.3,7844.55,0.298081421875395,0.201828700664919,0.33,16,4.72,1024.24,1825.9,5343.26,2225.85,2898.74,0.07,0.6,0.25,0.15,12293.75,7.936571981923822,0.06520335700451904,0.5610071013557133,0.2336991607488702,0.14009038089089734,0.298081421875395,0.201828700664919,0.499910122540314,0.198,0.0825,0.708,1626.45,58796.16750000001,17.900980392156864,6.1416781609195406,6.131818181818182,13.29697247706422,1,2,2
Chicken Dishes,25526,Lucky Chicken Dishes Grill,Full-service,North Shore,1.03,39.19,864,251,9836.69,368,153,92,14421.92,5996.07,3605.48,0.381625039479695,0.452628683648072,0.29,8,2.36,217.12,1630.39,-1791.98,-745.03,380.47,0.41,0.6,0.25,0.15,-526.1499999999999,-0.6089699074074072,0.29050925925925924,0.4259259259259259,0.17708333333333331,0.10648148148148147,0.381625039479695,0.452628683648072,0.834253723127767,0.174,0.0725,0.354,889.9200000000001,34875.9648,6.469801587301587,-4.856314363143632,-4.837857142857143,4.091075268817205,1,1,1
Chicken Dishes,25690,Urban Chicken Dishes Eatery,QSR,West Auckland,1.04,34.72,1548,329,11422.88,731,305,183,25380.32,10589.6,6353.76,0.211169311255217,0.353692920994945,0.32,9,2.66,486.78,4970.53,2922.23,1219.26,2277.98,0.27,0.6,0.25,0.15,11390.0,7.357881136950905,0.21253229974160207,0.4722222222222222,0.19702842377260985,0.11821705426356591,0.211169311255217,0.353692920994945,0.564862232250162,0.192,0.08,0.399,1609.92,55896.4224,15.06221212121212,3.992117486338798,3.9845098039215685,12.380326086956522,1,3,3
Chicken Dishes,25164,King Chicken Dishes Eatery,Cafe,CBD,0.99,33.91,1708,404,13699.64,782,326,196,26517.62,11054.66,6646.36,0.275084480158985,0.434299941756763,0.31,13,3.84,752.64,3981.33,-514.03,-214.29,1178.9,0.31,0.6,0.25,0.15,4431.91,2.594795081967213,0.23653395784543324,0.45784543325526933,0.19086651053864168,0.11475409836065574,0.275084480158985,0.434299941756763,0.709384421915748,0.186,0.0775,0.576,1690.92,57339.0972,9.830444444444444,-0.6564878671775223,-0.6553211009174311,5.984263959390863,1,0,0
Chicken Dishes,26581,Top Chicken Dishes Bistro,Full-service,South Auckland,1.05,35.77,708,175,6259.75,320,133,80,11446.4,4757.41,2861.6,0.359229356178548,0.543293463112786,0.3,13,3.84,307.2,610.18,-2318.16,-963.48,-28.26,0.33,0.6,0.25,0.15,-2699.7200000000003,-3.81316384180791,0.24717514124293785,0.4519774011299435,0.18785310734463276,0.11299435028248588,0.359229356178548,0.543293463112786,0.902522819291334,0.18,0.075,0.576,743.4,26591.418,3.466931818181818,-7.221682242990654,-7.190149253731343,-0.3488888888888889,1,1,2
Chicken Dishes,25410,Classic Chicken Dishes Tavern,Full-service,North Shore,1.03,38.6,1792,493,19029.8,779,325,195,30069.4,12545.0,7527.0,0.385923194221687,0.500383127992973,0.28,10,2.95,575.25,2163.57,-5000.73,-2086.31,280.52,0.38,0.6,0.25,0.15,-4642.949999999999,-2.5909319196428564,0.27511160714285715,0.43470982142857145,0.18136160714285715,0.10881696428571429,0.385923194221687,0.500383127992973,0.8863063222146601,0.168,0.07,0.4425,1845.76,71246.336,4.379696356275304,-6.411192307692307,-6.399723926380368,1.4312244897959183,1,1,1
Chicken Dishes,25370,Urban Chicken Dishes Tavern,Cafe,West Auckland,1.04,34.22,1902,503,17212.66,839,350,210,28710.58,11977.0,7186.2,0.200822497606277,0.443855504575185,0.28,13,3.84,806.4,6116.04,2162.54,902.13,1747.01,0.36,0.6,0.25,0.15,10927.72,5.7453838065194525,0.26445846477392215,0.4411146161934806,0.18401682439537329,0.11041009463722397,0.200822497606277,0.443855504575185,0.644678002181462,0.168,0.07,0.576,1978.0800000000002,67689.89760000001,12.135,2.5744523809523807,2.5701709401709403,8.279668246445498,1,0,3
Chicken Dishes,25532,Urban Chicken Dishes Diner,Full-service,CBD,0.99,32.81,1776,559,18340.79,730,304,183,23951.3,9974.24,6004.23,0.366434603743255,0.460967471939512,0.3,18,5.31,971.73,3165.58,-3051.45,-1270.74,64.59,0.46,0.6,0.25,0.15,-1092.02,-0.6148761261261261,0.3147522522522523,0.41103603603603606,0.17117117117117117,0.10304054054054054,0.366434603743255,0.460967471939512,0.8274020756827669,0.18,0.075,0.7964999999999999,1758.24,57687.8544,5.652821428571428,-4.174350205198358,-4.166360655737705,0.35103260869565217,1,1,0
Chicken Dishes,26464,Urban Chicken Dishes Grill,QSR,North Shore,1.03,35.82,917,200,7164.0,430,179,108,15402.6,6411.78,3868.56,0.254136428367347,0.36182637065649,0.28,12,3.54,382.32,2751.24,1602.44,667.06,1103.35,0.28,0.6,0.25,0.15,6124.09,6.678396946564885,0.21810250817884408,0.4689203925845148,0.19520174482006544,0.1177753544165758,0.254136428367347,0.36182637065649,0.615962799023837,0.168,0.07,0.531,944.51,33832.34819999999,13.68776119402985,3.7179582366589328,3.7058888888888886,10.122477064220183,1,3,1
Chicken Dishes,25778,Lucky Chicken Dishes Grill,Cafe,South Auckland,1.05,43.68,1907,451,19699.68,874,364,218,38176.32,15899.52,9522.24,0.247065822742879,0.448757321154699,0.3,10,2.95,643.1,5992.19,159.46,66.41,2253.35,0.31,0.6,0.25,0.15,8471.41,4.442270582066072,0.2364971158888306,0.45831148400629257,0.19087572102779232,0.11431567907708441,0.247065822742879,0.448757321154699,0.695823143897578,0.18,0.075,0.4425,2002.3500000000001,87462.64800000002,13.257057522123892,0.18224,0.18194520547945203,10.289269406392693,1,0,2
Chicken Dishes,25899,Lucky Chicken Dishes Kitchen,QSR,South Auckland,1.05,42.28,577,122,5158.16,273,114,68,11542.44,4819.92,2875.04,0.215359400771558,0.375734021747485,0.29,6,1.77,120.36,2109.21,1372.47,573.12,1055.26,0.27,0.6,0.25,0.15,5110.06,8.85625649913345,0.21143847487001735,0.47313691507798966,0.19757365684575393,0.11785095320623917,0.215359400771558,0.375734021747485,0.591093422519043,0.174,0.0725,0.2655,605.85,25615.338,17.148048780487805,5.009014598540146,4.983652173913043,15.293623188405798,1,3,2
Chicken Dishes,25051,Top Chicken Dishes Kitchen,QSR,South Auckland,1.05,36.53,1539,317,11580.01,733,306,183,26776.49,11178.18,6684.99,0.265349924974144,0.408302287640981,0.32,11,3.25,594.75,3779.11,169.97,70.96,1586.88,0.26,0.6,0.25,0.15,5606.92,3.643222871994802,0.2059779077322937,0.4762833008447044,0.19883040935672516,0.1189083820662768,0.265349924974144,0.408302287640981,0.673652212615125,0.192,0.08,0.4875,1615.95,59030.6535,11.883993710691824,0.231566757493188,0.23114006514657978,8.624347826086957,1,3,2
Chicken Dishes,26508,Lucky Chicken Dishes Corner,Cafe,North Shore,1.03,31.08,1351,335,10411.8,610,254,152,18958.8,7894.32,4724.16,0.226666594538838,0.354756896616891,0.32,6,1.77,269.04,4358.13,1868.89,778.19,1708.38,0.33,0.6,0.25,0.15,8713.59,6.449733530717987,0.2479644707623982,0.45151739452257583,0.18800888230940044,0.11250925240562545,0.226666594538838,0.354756896616891,0.581423491155729,0.192,0.08,0.2655,1391.53,43248.752400000005,12.970625,3.0587397708674304,3.0517254901960786,11.165882352941177,1,0,1
Chicken Dishes,26146,Lucky Chicken Dishes Grill,Cafe,West Auckland,1.04,32.19,1034,306,9850.14,437,182,109,14067.03,5858.58,3508.71,0.232472664527595,0.365741711459123,0.27,16,4.72,514.48,3957.64,1853.83,772.08,895.27,0.42,0.6,0.25,0.15,7478.82,7.232901353965183,0.29593810444874274,0.4226305609284333,0.17601547388781433,0.10541586073500968,0.232472664527595,0.365741711459123,0.598214375986718,0.162,0.0675,0.708,1075.3600000000001,34615.8384,12.891335504885992,4.232488584474885,4.219016393442623,8.138818181818182,1,0,3
Chicken Dishes,26267,Top Chicken Dishes Kitchen,Full-service,South Auckland,1.05,34.82,1242,361,12570.02,529,220,132,18419.78,7660.4,4596.24,0.38730479341466,0.520932093821466,0.31,12,3.54,467.28,1153.46,-4019.88,-1671.78,-45.51,0.41,0.6,0.25,0.15,-4583.71,-3.6905877616747182,0.2906602254428342,0.42592592592592593,0.17713365539452497,0.10628019323671499,0.38730479341466,0.520932093821466,0.908236887236126,0.186,0.0775,0.531,1304.1000000000001,45408.761999999995,3.186353591160221,-7.584679245283019,-7.564615384615385,-0.34218045112781953,1,1,2
Chicken Dishes,25176,King Chicken Dishes Corner,Full-service,North Shore,1.03,36.42,884,270,9833.4,368,154,92,13402.56,5608.68,3350.64,0.390852915146388,0.547322647483088,0.32,8,2.36,217.12,607.94,-3460.21,-1448.02,-9.97,0.44,0.6,0.25,0.15,-4310.26,-4.8758597285067875,0.3054298642533937,0.416289592760181,0.1742081447963801,0.10407239819004525,0.390852915146388,0.547322647483088,0.938175562629476,0.192,0.08,0.354,910.52,33161.138399999996,2.243321033210332,-9.377262872628727,-9.342064516129032,-0.10720430107526882,1,1,1
Chicken Dishes,26512,Lucky Chicken Dishes Bistro,Ghost Kitchen,North Shore,1.03,31.45,528,20,629.0,305,127,76,9592.25,3994.15,2390.2,0.2813045074814,0.336554414918646,0.31,10,2.95,224.2,240.37,692.0,288.14,689.19,0.04,0.6,0.25,0.15,1909.7,3.616856060606061,0.03787878787878788,0.5776515151515152,0.24053030303030307,0.14393939393939395,0.2813045074814,0.336554414918646,0.617858922400046,0.186,0.0775,0.4425,543.84,17103.768,11.446190476190477,2.261437908496732,2.25109375,8.950519480519482,1,2,1
Chicken Dishes,26513,Lucky Chicken Dishes Bistro,Full-service,CBD,0.99,40.96,1045,324,13271.04,433,180,108,17735.68,7372.8,4423.68,0.352179892244749,0.497592388815247,0.32,6,1.77,191.16,1993.68,-3011.03,-1251.7,473.4,0.45,0.6,0.25,0.15,-1795.65,-1.7183253588516747,0.31004784688995213,0.4143540669856459,0.17224880382775118,0.10334928229665072,0.352179892244749,0.497592388815247,0.8497722810599959,0.192,0.08,0.2655,1034.55,42375.168000000005,6.1344,-6.937857142857143,-6.915469613259669,4.343119266055045,1,1,0
Chicken Dishes,25543,Classic Chicken Dishes Eatery,Full-service,South Auckland,1.05,44.93,1141,314,14108.02,496,207,124,22285.28,9300.51,5571.32,0.351122852961998,0.460182573297061,0.33,5,1.48,183.52,2662.11,-3149.03,-1314.21,867.76,0.38,0.6,0.25,0.15,-933.3700000000001,-0.818028045574058,0.2751971954425942,0.4347063978965819,0.18141980718667833,0.10867659947414547,0.351122852961998,0.460182573297061,0.8113054262590591,0.198,0.0825,0.222,1198.05,53828.38650000001,8.451142857142857,-6.336076458752515,-6.318317307692308,6.94208,1,1,2
Chicken Dishes,25545,Lucky Chicken Dishes Eatery,Full-service,West Auckland,1.04,42.07,851,211,8876.77,384,160,96,16154.88,6731.2,4038.72,0.363002442847937,0.472114739613608,0.3,17,5.02,481.92,1463.63,-2182.8,-909.5,184.0,0.33,0.6,0.25,0.15,-1444.67,-1.697614571092832,0.24794359576968275,0.4512338425381903,0.18801410105757932,0.11280846063454758,0.363002442847937,0.472114739613608,0.835117182461545,0.18,0.075,0.7529999999999999,885.0400000000001,37233.6328,6.903915094339623,-5.66961038961039,-5.649068322981367,1.8969072164948453,1,1,3
Chicken Dishes,25909,Top Chicken Dishes Tavern,Full-service,South Auckland,1.05,38.01,828,223,8476.23,363,151,91,13797.63,5739.51,3458.91,0.356276580388658,0.51907343599014,0.3,15,4.43,403.13,1056.56,-2419.41,-1006.42,28.02,0.37,0.6,0.25,0.15,-2341.25,-2.827596618357488,0.2693236714975845,0.4384057971014492,0.1823671497584541,0.10990338164251207,0.356276580388658,0.51907343599014,0.875350016378798,0.18,0.075,0.6645,869.4000000000001,33045.89400000001,4.716785714285714,-6.646730769230769,-6.621184210526316,0.3045652173913043,1,1,2
Chicken Dishes,25992,Classic Chicken Dishes Corner,QSR,CBD,0.99,37.15,903,197,7318.55,424,176,106,15751.6,6538.4,3937.9,0.275219822190702,0.385960437194444,0.28,10,2.95,312.7,2479.67,926.51,384.59,1021.54,0.28,0.6,0.25,0.15,4812.31,5.329246954595792,0.21816168327796231,0.46954595791805087,0.19490586932447393,0.11738648947951272,0.275219822190702,0.385960437194444,0.661180259385146,0.168,0.07,0.4425,893.97,33210.9855,12.523585858585859,2.1800235294117645,2.172824858757062,9.547102803738317,1,3,0
Chicken Dishes,26397,Urban Chicken Dishes Diner,Full-service,South Auckland,1.05,44.41,1117,295,13100.95,493,206,123,21894.13,9148.46,5462.43,0.373765610810369,0.488650142215192,0.32,11,3.25,399.75,1802.48,-3993.83,-1668.82,351.79,0.36,0.6,0.25,0.15,-3508.38,-3.140895255147717,0.26410026857654434,0.44136078782453,0.18442256042972244,0.11011638316920323,0.373765610810369,0.488650142215192,0.862415753025561,0.192,0.08,0.4875,1172.8500000000001,52086.268500000006,6.0894594594594595,-8.084676113360324,-8.061932367149758,2.8370161290322584,1,1,2
Chicken Dishes,25994,Classic Chicken Dishes House,Cafe,North Shore,1.03,38.81,1208,306,11875.86,541,226,135,20996.21,8771.06,5239.35,0.279093513116241,0.403864918788895,0.33,7,2.07,279.45,3765.14,-272.08,-113.66,1381.64,0.34,0.6,0.25,0.15,4761.04,3.9412582781456953,0.2533112582781457,0.44784768211920534,0.1870860927152318,0.11175496688741723,0.279093513116241,0.403864918788895,0.682958431905136,0.198,0.0825,0.31049999999999994,1244.24,48288.954399999995,12.2642996742671,-0.5019926199261993,-0.500704845814978,10.159117647058824,1,0,1
Chicken Dishes,26035,Top Chicken Dishes Corner,Full-service,West Auckland,1.04,46.7,1772,497,23209.9,765,319,191,35725.5,14897.3,8919.7,0.371603379561566,0.546367139532231,0.3,10,2.95,563.45,1903.9,-7787.11,-3247.17,168.23,0.39,0.6,0.25,0.15,-8962.15,-5.057646726862302,0.2804740406320542,0.4317155756207675,0.18002257336343117,0.1077878103837472,0.371603379561566,0.546367139532231,0.917970519093797,0.18,0.075,0.4425,1842.88,86062.496,3.8230923694779118,-10.165939947780679,-10.14740625,0.8761979166666666,1,1,3
Chicken Dishes,26157,Lucky Chicken Dishes Cafe,QSR,West Auckland,1.04,40.3,1585,327,13178.1,755,314,189,30426.5,12654.2,7616.7,0.23987269192934,0.437369135953486,0.3,3,0.89,168.21,4253.34,692.45,287.99,2290.14,0.26,0.6,0.25,0.15,7523.92,4.746952681388013,0.20630914826498423,0.47634069400630913,0.19810725552050473,0.11924290220820188,0.23987269192934,0.437369135953486,0.6772418278828259,0.18,0.075,0.1335,1648.4,66430.52,12.967500000000001,0.9159391534391536,0.9142539682539683,12.053368421052632,1,3,3
Chicken Dishes,25511,Classic Chicken Dishes Cafe,Cafe,West Auckland,1.04,41.47,778,179,7423.13,359,150,90,14887.73,6220.5,3732.3,0.206451105829328,0.418182221613824,0.28,10,2.95,265.5,2786.4,1419.79,593.23,1135.48,0.3,0.6,0.25,0.15,5934.9,7.628406169665809,0.2300771208226221,0.461439588688946,0.1928020565552699,0.11568123393316196,0.206451105829328,0.418182221613824,0.624633327443152,0.168,0.07,0.4425,809.12,33554.2064,15.48,3.943861111111111,3.928675496688742,12.477802197802198,1,0,3
Chicken Dishes,25552,Classic Chicken Dishes Kitchen,QSR,West Auckland,1.04,37.01,858,160,5921.6,419,174,105,15507.19,6439.74,3886.05,0.262482558079064,0.391402517212555,0.32,11,3.25,341.25,2049.55,404.97,168.17,1003.77,0.23,0.6,0.25,0.15,3626.4600000000005,4.226643356643357,0.1864801864801865,0.4883449883449884,0.2027972027972028,0.1223776223776224,0.262482558079064,0.391402517212555,0.653885075291619,0.192,0.08,0.4875,892.32,33024.7632,12.730124223602486,0.9642142857142858,0.9609714285714285,9.469528301886792,1,3,3
Chicken Dishes,26403,Classic Chicken Dishes Eatery,QSR,South Auckland,1.05,39.74,1090,231,9179.94,515,215,129,20466.1,8544.1,5126.46,0.236420505195856,0.442328492319211,0.3,10,2.95,380.55,2949.06,434.93,181.57,1266.33,0.27,0.6,0.25,0.15,4831.889999999999,4.432926605504587,0.21192660550458717,0.4724770642201835,0.19724770642201836,0.11834862385321102,0.236420505195856,0.442328492319211,0.678748997515067,0.18,0.075,0.4425,1144.5,45482.43,12.711465517241379,0.8428875968992248,0.8406018518518518,9.741,1,3,2
Chicken Dishes,25636,King Chicken Dishes Grill,QSR,South Auckland,1.05,41.3,860,193,7970.9,400,167,100,16520.0,6897.1,4130.0,0.216888165101409,0.41051693004556,0.3,7,2.07,207.0,2969.92,1199.27,500.69,1331.82,0.29,0.6,0.25,0.15,6001.7,6.978720930232558,0.22441860465116278,0.46511627906976744,0.1941860465116279,0.11627906976744186,0.216888165101409,0.41051693004556,0.627405095146969,0.18,0.075,0.31049999999999994,903.0,37293.9,15.308865979381444,2.99069825436409,2.980297619047619,13.186336633663366,1,3,2
Chicken Dishes,26526,King Chicken Dishes Eatery,QSR,South Auckland,1.05,47.14,1669,365,17206.1,782,326,196,36863.48,15367.64,9239.44,0.205915519483387,0.41907460920047,0.32,9,2.66,521.36,6452.46,2027.86,845.37,2943.52,0.28,0.6,0.25,0.15,12269.210000000001,7.351234272019174,0.2186938286399041,0.4685440383463152,0.19532654284002396,0.11743559017375674,0.205915519483387,0.41907460920047,0.6249901286838571,0.192,0.08,0.399,1752.45,82610.493,17.62967213114754,2.5898595146871006,2.5852293577981653,14.941725888324873,1,3,2
Chicken Dishes,26002,Top Chicken Dishes Bistro,Cafe,North Shore,1.03,37.74,574,161,6076.14,248,103,62,9359.52,3887.22,2339.88,0.265319737531245,0.413660392141901,0.31,17,5.02,311.24,1950.56,103.14,42.84,439.91,0.39,0.6,0.25,0.15,2536.45,4.41890243902439,0.28048780487804875,0.43205574912891986,0.17944250871080136,0.10801393728222997,0.265319737531245,0.413660392141901,0.6789801296731459,0.186,0.0775,0.7529999999999999,591.22,22312.6428,12.040493827160493,0.4142168674698795,0.41192307692307695,6.982698412698413,1,0,1
Chicken Dishes,26407,Urban Chicken Dishes Eatery,Cafe,West Auckland,1.04,42.96,729,201,8634.96,317,132,79,13618.32,5670.72,3393.84,0.217929768580943,0.430856885272078,0.29,17,5.02,396.58,3032.71,833.62,347.12,795.38,0.38,0.6,0.25,0.15,5008.83,6.87082304526749,0.27572016460905346,0.4348422496570645,0.18106995884773663,0.10836762688614542,0.217929768580943,0.430856885272078,0.648786653853021,0.174,0.0725,0.7529999999999999,758.1600000000001,32570.553600000003,15.013415841584159,2.621446540880503,2.609924812030075,9.94225,1,0,3
Chicken Dishes,26650,Urban Chicken Dishes Grill,QSR,CBD,0.99,44.38,972,200,8876.0,463,193,116,20547.94,8565.34,5148.08,0.261481612157077,0.361943576228805,0.3,6,1.77,205.32,3342.48,1573.45,655.89,1733.32,0.26,0.6,0.25,0.15,7305.14,7.515576131687243,0.205761316872428,0.47633744855967075,0.19855967078189302,0.11934156378600823,0.261481612157077,0.361943576228805,0.623425188385882,0.18,0.075,0.2655,962.28,42705.9864,16.629253731343283,3.3910560344827587,3.3808762886597936,14.814700854700854,1,3,0
Chicken Dishes,25195,Classic Chicken Dishes Tavern,Ghost Kitchen,West Auckland,1.04,45.12,1002,38,1714.56,578,241,145,26079.36,10873.92,6542.4,0.277063583978452,0.22255689316662,0.31,15,4.43,642.35,857.93,4964.98,2070.17,2631.33,0.04,0.6,0.25,0.15,10524.41,10.503403193612774,0.03792415169660678,0.5768463073852295,0.24051896207584827,0.14471057884231533,0.277063583978452,0.22255689316662,0.49962047714507196,0.186,0.0775,0.6645,1042.08,47018.649600000004,21.998205128205125,8.57509499136442,8.554421487603307,18.02280821917808,1,2,3
Chicken Dishes,25075,Lucky Chicken Dishes Corner,Cafe,West Auckland,1.04,43.83,1005,260,11395.8,447,186,112,19592.01,8152.38,4908.96,0.254103430975229,0.431581871630624,0.27,8,2.36,264.32,3581.87,868.21,361.27,1278.64,0.35,0.6,0.25,0.15,6089.990000000001,6.059691542288558,0.2587064676616916,0.4447761194029851,0.18507462686567167,0.11144278606965176,0.254103430975229,0.431581871630624,0.685685302605853,0.162,0.0675,0.354,1045.2,45811.115999999995,13.723639846743295,1.93796875,1.9319251336898395,11.315398230088496,1,0,3
Chicken Dishes,25197,Lucky Chicken Dishes Diner,Cafe,West Auckland,1.04,46.02,984,291,13391.82,416,173,104,19144.32,7961.46,4786.08,0.220303283929825,0.406533859437332,0.29,10,2.95,306.8,4997.33,1592.1,662.1,1479.19,0.42,0.6,0.25,0.15,8730.720000000001,8.872682926829269,0.29573170731707316,0.4227642276422764,0.1758130081300813,0.1056910569105691,0.220303283929825,0.406533859437332,0.626837143367157,0.174,0.0725,0.4425,1023.36,47095.027200000004,17.11414383561644,3.817985611510791,3.8051724137931036,14.08752380952381,1,0,3
Chicken Dishes,25158,Urban Chicken Dishes Diner,QSR,CBD,0.99,42.41,538,111,4707.51,256,107,64,10856.96,4537.87,2714.24,0.205707859862596,0.422846574056894,0.29,17,5.02,321.28,1748.58,884.25,369.59,686.91,0.26,0.6,0.25,0.15,3689.33,6.857490706319703,0.20631970260223048,0.4758364312267657,0.19888475836431224,0.11895910780669143,0.205707859862596,0.422846574056894,0.62855443391949,0.174,0.0725,0.7529999999999999,532.62,22588.414200000003,15.612321428571429,3.440661478599222,3.4221296296296293,10.567846153846153,1,3,0
Chicken Dishes,25607,Top Chicken Dishes Bistro,QSR,South Auckland,1.05,35.09,1951,390,13685.1,937,390,234,32879.33,13685.1,8211.06,0.213525548540056,0.382258386537433,0.31,9,2.66,622.44,5531.74,3097.76,1289.36,2696.6,0.25,0.6,0.25,0.15,12615.460000000001,6.466150691952845,0.19989748846745262,0.4802665299846233,0.19989748846745262,0.11993849308047155,0.213525548540056,0.382258386537433,0.595783935077489,0.186,0.0775,0.399,2048.55,71883.6195,14.1476726342711,3.3025159914712154,3.2975959079283883,11.474893617021277,1,3,2
Chicken Dishes,25928,Lucky Chicken Dishes Diner,Cafe,North Shore,1.03,32.62,1331,352,11482.24,587,245,147,19147.94,7991.9,4795.14,0.255863533467054,0.374861979205161,0.28,13,3.84,564.48,4240.1,1709.42,713.47,1206.24,0.36,0.6,0.25,0.15,7869.2300000000005,5.912268970698723,0.2644628099173554,0.4410217881292261,0.18407212622088653,0.11044327573253193,0.255863533467054,0.374861979205161,0.630725512672215,0.168,0.07,0.576,1370.93,44719.736600000004,12.011614730878188,2.9071768707482994,2.9002845528455286,8.150270270270271,1,0,1
Chicken Dishes,25081,Lucky Chicken Dishes Bistro,QSR,South Auckland,1.05,44.48,1028,218,9696.64,486,202,122,21617.28,8984.96,5426.56,0.217780247461051,0.429491965961643,0.32,16,4.72,575.84,3420.27,707.49,294.06,1338.26,0.27,0.6,0.25,0.15,5760.080000000001,5.6031906614786005,0.21206225680933855,0.47276264591439693,0.19649805447470817,0.11867704280155644,0.217780247461051,0.429491965961643,0.647272213422694,0.192,0.08,0.708,1079.4,48011.712,15.617671232876713,1.4527515400410678,1.4485714285714286,10.880162601626017,1,3,2
Chicken Dishes,25445,Top Chicken Dishes Eatery,Full-service,North Shore,1.03,44.76,1663,403,18038.28,756,315,189,33838.56,14099.4,8459.64,0.385186138481367,0.481903146370314,0.33,16,4.72,892.08,2397.48,-6669.22,-2778.84,232.3,0.32,0.6,0.25,0.15,-6818.28,-4.099987973541792,0.24233313289236322,0.45460012026458213,0.18941671677690922,0.11365003006614553,0.385186138481367,0.481903146370314,0.867089284851681,0.198,0.0825,0.708,1712.89,76668.9564,5.934356435643564,-8.81006605019815,-8.79379746835443,1.2226315789473685,1,1,1
Chicken Dishes,25367,Urban Chicken Dishes Tavern,QSR,West Auckland,1.04,35.22,1993,448,15778.56,927,386,232,32648.94,13594.92,8171.04,0.249436927586794,0.424369999393821,0.32,11,3.25,754.0,5146.86,202.2,84.19,1911.34,0.29,0.6,0.25,0.15,7344.589999999999,3.685193176116407,0.22478675363773207,0.4651279478173608,0.1936778725539388,0.1164074259909684,0.249436927586794,0.424369999393821,0.673806926980615,0.192,0.08,0.4875,2072.7200000000003,73001.1984,11.462939866369709,0.21788793103448276,0.2175452196382429,8.203175965665237,1,3,3
Chicken Dishes,26539,Urban Chicken Dishes Diner,Ghost Kitchen,North Shore,1.03,34.09,700,20,681.8,408,170,102,13908.72,5795.3,3477.18,0.290788418869488,0.280518082971685,0.32,15,4.43,451.86,292.28,1511.79,629.91,1038.78,0.03,0.6,0.25,0.15,3472.76,4.961085714285715,0.02857142857142857,0.5828571428571429,0.24285714285714285,0.1457142857142857,0.290788418869488,0.280518082971685,0.5713065018411729,0.192,0.08,0.6645,721.0,24578.89,13.918095238095237,3.6963080684596576,3.6836842105263155,10.085242718446601,1,2,1
Chicken Dishes,25165,King Chicken Dishes Bistro,Cafe,West Auckland,1.04,35.01,1272,315,11028.15,574,239,144,20095.74,8367.39,5041.44,0.245988546796143,0.3992873826297,0.32,13,3.84,552.96,3911.95,697.81,290.55,1235.36,0.33,0.6,0.25,0.15,6135.67,4.823639937106918,0.24764150943396224,0.45125786163522014,0.18789308176100628,0.11320754716981131,0.245988546796143,0.3992873826297,0.645275929425843,0.192,0.08,0.576,1322.88,46314.0288,12.379588607594936,1.213582608695652,1.210625,8.519724137931034,1,0,3
Chicken Dishes,25085,Urban Chicken Dishes Bistro,QSR,West Auckland,1.04,42.01,1073,186,7813.86,532,222,133,22349.32,9326.22,5587.33,0.212877042852342,0.391266911453567,0.29,18,5.31,706.23,3093.16,2365.81,987.24,1505.55,0.21,0.6,0.25,0.15,7951.759999999999,7.410773532152842,0.17334575955265608,0.49580615097856473,0.2068965517241379,0.12395153774464118,0.212877042852342,0.391266911453567,0.6041439543059091,0.174,0.0725,0.7964999999999999,1115.92,46879.79920000001,16.540962566844918,4.438667917448405,4.427085201793722,11.23544776119403,1,3,3
Chicken Dishes,25167,Classic Chicken Dishes Kitchen,Full-service,North Shore,1.03,43.09,759,184,7928.56,345,144,86,14866.05,6204.96,3705.74,0.35448792935349,0.494046525796875,0.32,12,3.54,304.44,1200.9,-2505.44,-1045.75,256.85,0.32,0.6,0.25,0.15,-2093.44,-2.758155467720685,0.24242424242424246,0.45454545454545453,0.18972332015810278,0.11330698287220027,0.35448792935349,0.494046525796875,0.8485344551503651,0.192,0.08,0.531,781.77,33686.4693,6.491351351351351,-7.241156069364162,-7.212068965517242,2.9522988505747128,1,1,1
Chicken Dishes,26179,King Chicken Dishes Bistro,QSR,CBD,0.99,31.41,795,183,5748.03,367,153,92,11527.47,4805.73,2889.72,0.259624825064093,0.393279615207575,0.32,7,2.07,190.44,1995.12,312.34,130.21,812.57,0.3,0.6,0.25,0.15,3250.2400000000002,4.088352201257862,0.230188679245283,0.4616352201257861,0.19245283018867923,0.11572327044025156,0.259624825064093,0.393279615207575,0.6529044402716679,0.192,0.08,0.31049999999999994,787.05,24721.2405,10.843043478260869,0.8487499999999999,0.8455194805194806,8.73731182795699,1,3,0
Chicken Dishes,25776,King Chicken Dishes Eatery,QSR,North Shore,1.03,37.2,1258,226,8407.2,619,258,155,23026.8,9597.6,5766.0,0.213880963716656,0.395282943965867,0.27,11,3.25,503.75,3285.84,2782.47,1159.74,1749.81,0.22,0.6,0.25,0.15,8977.859999999999,7.136613672496025,0.1796502384737679,0.49205087440381556,0.20508744038155804,0.12321144674085852,0.213880963716656,0.395282943965867,0.609163907682523,0.162,0.0675,0.4875,1295.74,48201.528,14.475066079295155,4.487854838709677,4.477760617760618,11.216730769230768,1,3,1
Chicken Dishes,25171,King Chicken Dishes House,Full-service,CBD,0.99,33.41,1672,469,15669.29,722,301,180,24122.02,10056.41,6013.8,0.370620962081011,0.480717744282447,0.32,13,3.84,691.2,2329.42,-4133.04,-1723.05,202.82,0.39,0.6,0.25,0.15,-3323.85,-1.9879485645933013,0.2805023923444976,0.43181818181818177,0.18002392344497606,0.10765550239234449,0.370620962081011,0.480717744282447,0.851338706363458,0.192,0.08,0.576,1655.28,55302.904800000004,4.956212765957447,-5.716514522821576,-5.70546357615894,1.1205524861878453,1,1,0
Chicken Dishes,25333,Urban Chicken Dishes Kitchen,Full-service,South Auckland,1.05,44.8,858,236,10572.8,373,156,93,16710.4,6988.8,4166.4,0.3708173648105,0.458023537439294,0.32,18,5.31,493.83,1809.63,-2487.19,-1040.22,219.29,0.38,0.6,0.25,0.15,-1498.49,-1.7464918414918416,0.275058275058275,0.4347319347319348,0.18181818181818182,0.10839160839160837,0.3708173648105,0.458023537439294,0.828840902249794,0.192,0.08,0.7964999999999999,900.9000000000001,40360.32,7.635569620253165,-6.65024064171123,-6.625605095541402,2.332872340425532,1,1,2
Chicken Dishes,25212,King Chicken Dishes Bistro,QSR,North Shore,1.03,42.99,1568,293,12596.07,765,319,191,32887.35,13713.81,8211.09,0.258225029017776,0.397926656459458,0.31,9,2.66,508.06,4331.14,1113.18,464.19,2315.31,0.23,0.6,0.25,0.15,8223.82,5.244783163265306,0.1868622448979592,0.4878826530612245,0.20344387755102042,0.12181122448979594,0.258225029017776,0.397926656459458,0.656151685477234,0.186,0.0775,0.399,1615.04,69430.56959999999,14.731768707482994,1.4532375979112273,1.45059375,12.05890625,1,3,1
Chicken Dishes,25456,Lucky Chicken Dishes Diner,Ghost Kitchen,CBD,0.99,39.07,731,66,2578.62,399,166,100,15588.93,6485.62,3907.0,0.298259165755007,0.260742055915762,0.31,13,3.84,384.0,1137.17,2042.13,849.61,1338.98,0.1,0.6,0.25,0.15,5367.89,7.343214774281806,0.09028727770177838,0.545827633378933,0.2270861833105335,0.13679890560875513,0.298259165755007,0.260742055915762,0.5590012216707689,0.186,0.0775,0.576,723.6899999999999,28274.5683,16.972686567164182,5.105325000000001,5.08748502994012,13.257227722772278,1,2,0
Chicken Dishes,25256,Top Chicken Dishes House,Full-service,West Auckland,1.04,35.63,1171,334,11900.42,502,209,126,17886.26,7446.67,4489.38,0.388174420711584,0.47237464452628,0.3,10,2.95,371.7,1659.52,-2871.62,-1195.56,254.35,0.4,0.6,0.25,0.15,-2153.31,-1.838864218616567,0.28522630230572166,0.4286934244235696,0.17847993168232282,0.10760034158838601,0.388174420711584,0.47237464452628,0.860549065237864,0.18,0.075,0.4425,1217.8400000000001,43391.6392,4.9537910447761195,-5.708986083499005,-5.693142857142857,2.002755905511811,1,1,3
Chicken Dishes,25215,Top Chicken Dishes Eatery,QSR,West Auckland,1.04,46.68,1998,461,21519.48,922,384,231,43038.96,17925.12,10783.08,0.204193348046392,0.439557751268148,0.3,8,2.36,545.16,7666.29,2420.89,1008.27,3296.3,0.3,0.6,0.25,0.15,14391.75,7.203078078078078,0.23073073073073072,0.46146146146146144,0.1921921921921922,0.11561561561561562,0.204193348046392,0.439557751268148,0.64375109931454,0.18,0.075,0.354,2077.92,96997.3056,16.593701298701298,2.6228494041170096,2.618883116883117,14.208189655172415,1,3,3
Chicken Dishes,26066,Classic Chicken Dishes Cafe,Full-service,North Shore,1.03,36.88,2016,488,17997.44,917,382,229,33818.96,14088.16,8445.52,0.364424720557872,0.490821451018564,0.32,6,1.77,405.33,2605.2,-5926.64,-2468.9,817.19,0.32,0.6,0.25,0.15,-4973.15,-2.4668402777777776,0.24206349206349204,0.4548611111111111,0.18948412698412698,0.11359126984126984,0.364424720557872,0.490821451018564,0.855246171576436,0.192,0.08,0.2655,2076.48,76580.5824,5.32760736196319,-6.4560348583878,-6.446214099216711,3.5530000000000004,1,1,1
Chicken Dishes,25340,Lucky Chicken Dishes Eatery,Ghost Kitchen,North Shore,1.03,37.17,1603,90,3345.3,908,378,227,33750.36,14050.26,8437.59,0.286825301346835,0.303219975659158,0.28,12,3.54,803.58,1371.42,4386.02,1825.9,2655.45,0.06,0.6,0.25,0.15,10238.79,6.387267623206489,0.0561447286338116,0.5664379288833437,0.2358078602620087,0.1416094822208359,0.286825301346835,0.303219975659158,0.590045277005993,0.168,0.07,0.531,1651.0900000000001,61371.015300000014,15.070549450549452,4.8251045104510455,4.817678100263852,11.646710526315788,1,2,1
Chicken Dishes,26068,Classic Chicken Dishes Diner,QSR,South Auckland,1.05,34.06,680,113,3848.78,340,142,85,11580.4,4836.52,2895.1,0.230005491450429,0.352446301886812,0.33,14,4.13,351.05,1607.05,1013.84,423.43,857.79,0.2,0.6,0.25,0.15,3902.1099999999997,5.738397058823529,0.16617647058823531,0.5,0.20882352941176474,0.125,0.230005491450429,0.352446301886812,0.582451793337241,0.198,0.0825,0.6194999999999999,714.0,24318.84,14.096929824561403,2.9731378299120235,2.961048951048951,9.974302325581395,1,3,2
Chicken Dishes,25828,Top Chicken Dishes House,QSR,West Auckland,1.04,39.41,1595,308,12138.28,772,322,193,30424.52,12690.02,7606.13,0.214307933114469,0.385674491571262,0.27,17,5.02,968.86,4855.53,3955.72,1649.93,2073.73,0.24,0.6,0.25,0.15,12534.91,7.858877742946708,0.19310344827586207,0.48401253918495296,0.2018808777429467,0.12100313479623824,0.214307933114469,0.385674491571262,0.599982424685731,0.162,0.0675,0.7529999999999999,1658.8,65373.308000000005,15.71368932038835,5.117360931435964,5.108142414860681,10.689329896907216,1,3,3
Chicken Dishes,26192,King Chicken Dishes Kitchen,Cafe,South Auckland,1.05,41.18,607,150,6177.0,274,114,69,11283.32,4694.52,2841.42,0.203506287503988,0.445038418960758,0.31,4,1.18,81.42,2170.94,467.75,194.61,917.21,0.33,0.6,0.25,0.15,3750.51,6.1787644151565075,0.24711696869851726,0.45140032948929154,0.18780889621087316,0.11367380560131796,0.203506287503988,0.445038418960758,0.648544706464746,0.186,0.0775,0.177,637.35,26246.073000000004,14.377086092715231,1.700909090909091,1.6922608695652175,13.103,1,0,2
Chicken Dishes,26556,Lucky Chicken Dishes Bistro,QSR,North Shore,1.03,42.62,947,201,8566.62,448,186,112,19093.76,7927.32,4773.44,0.200384865794331,0.403270493354648,0.32,9,2.66,297.92,3395.33,1457.71,605.21,1594.01,0.27,0.6,0.25,0.15,7052.26,7.446948257655755,0.21224920802534322,0.4730728616684266,0.19640971488912354,0.11826821541710665,0.200384865794331,0.403270493354648,0.603655359148979,0.192,0.08,0.399,975.4100000000001,41571.9742,16.808564356435642,3.2465701559020044,3.2364171122994656,14.106283185840708,1,3,1
Chicken Dishes,25546,Top Chicken Dishes Bistro,Ghost Kitchen,CBD,0.99,39.82,1553,101,4021.82,871,363,218,34683.22,14454.66,8680.76,0.282705360825639,0.204562456498388,0.31,16,4.72,1028.96,2062.12,7031.4,2930.42,3421.95,0.07,0.6,0.25,0.15,15445.89,9.945840309079202,0.06503541532517708,0.5608499678042499,0.23374114616870573,0.14037347070186737,0.282705360825639,0.204562456498388,0.487267817324027,0.186,0.0775,0.708,1537.47,61222.0554,20.216862745098037,8.063532110091742,8.050604395604395,15.625342465753423,1,2,0
Chicken Dishes,25102,Lucky Chicken Dishes House,Cafe,West Auckland,1.04,46.17,988,301,13897.17,412,172,103,19022.04,7941.24,4755.51,0.276689210943878,0.434818431828171,0.28,4,1.18,121.54,4009.23,161.54,67.44,1250.39,0.44,0.6,0.25,0.15,5488.6,5.555263157894737,0.30465587044534415,0.417004048582996,0.17408906882591094,0.104251012145749,0.276689210943878,0.434818431828171,0.711507642772049,0.168,0.07,0.177,1027.52,47440.5984,13.275596026490065,0.391138014527845,0.3898265895953757,12.02298076923077,1,0,3
Chicken Dishes,25831,Classic Chicken Dishes Cafe,QSR,West Auckland,1.04,33.86,1119,216,7313.76,542,226,135,18352.12,7652.36,4571.1,0.230185089539737,0.372177442302927,0.33,9,2.66,359.1,2908.23,1241.29,517.59,1458.54,0.24,0.6,0.25,0.15,6125.650000000001,5.474218051831993,0.193029490616622,0.484361036639857,0.20196604110813227,0.12064343163538876,0.230185089539737,0.372177442302927,0.602362531842664,0.198,0.0825,0.399,1163.76,39404.9136,13.401981566820277,2.2859852670349907,2.2801321585903085,10.724558823529412,1,3,3
Chicken Dishes,26317,King Chicken Dishes Bistro,Full-service,North Shore,1.03,42.14,1368,376,15844.64,595,248,149,25073.3,10450.72,6278.86,0.382143007102422,0.537774474616163,0.31,7,2.07,308.43,1268.88,-5764.79,-2402.8,194.4,0.38,0.6,0.25,0.15,-6704.31,-4.900811403508772,0.27485380116959063,0.43494152046783624,0.1812865497076023,0.10891812865497075,0.382143007102422,0.537774474616163,0.919917481718585,0.186,0.0775,0.31049999999999994,1409.04,59376.94560000001,3.3657294429708227,-9.67246644295302,-9.64979919678715,1.296,1,1,1
Chicken Dishes,26561,Urban Chicken Dishes Cafe,Full-service,North Shore,1.03,37.96,2020,556,21105.76,878,366,220,33328.88,13893.36,8351.2,0.368885997275356,0.511095896852203,0.27,11,3.25,715.0,2533.07,-4998.73,-2083.75,287.3,0.38,0.6,0.25,0.15,-4262.11,-2.1099554455445544,0.2752475247524752,0.43465346534653465,0.1811881188118812,0.10891089108910892,0.368885997275356,0.511095896852203,0.879981894127559,0.162,0.0675,0.4875,2080.6,78979.576,4.54770197486535,-5.68683731513083,-5.677792915531335,1.3,1,1,1
Chicken Dishes,25227,Top Chicken Dishes House,Cafe,West Auckland,1.04,43.03,1650,409,17599.27,745,310,186,32057.35,13339.3,8003.58,0.27914120843634,0.358007818041369,0.29,11,3.25,604.5,6385.91,2335.41,971.78,2299.61,0.33,0.6,0.25,0.15,11992.710000000001,7.268309090909091,0.2478787878787879,0.4515151515151515,0.18787878787878787,0.11272727272727273,0.27914120843634,0.358007818041369,0.637149026477709,0.174,0.0725,0.4875,1716.0,73839.48,15.575390243902438,3.130576407506702,3.124694533762058,12.297379679144386,1,0,3
Chicken Dishes,26684,Urban Chicken Dishes Cafe,Cafe,West Auckland,1.04,38.07,1869,453,17245.71,850,354,212,32359.5,13476.78,8070.84,0.24827335441485,0.353594812029041,0.28,18,5.31,1125.72,6866.07,3822.69,1592.04,2087.54,0.32,0.6,0.25,0.15,14368.34,7.687715355805244,0.2423756019261637,0.45478865703584803,0.18940609951845908,0.11342964151952915,0.24827335441485,0.353594812029041,0.601868166443891,0.168,0.07,0.7964999999999999,1943.76,73998.94320000001,15.123502202643172,4.491997649823737,4.484619718309859,9.800657276995304,1,0,3
Chicken Dishes,25229,Urban Chicken Dishes Bistro,Full-service,South Auckland,1.05,35.28,1240,321,11324.88,551,230,138,19439.28,8114.4,4868.64,0.378113026753999,0.511406652932055,0.28,18,5.31,732.78,1251.18,-3295.34,-1375.55,-194.89,0.35,0.6,0.25,0.15,-3614.6,-2.915,0.25887096774193546,0.4443548387096774,0.18548387096774194,0.11129032258064518,0.378113026753999,0.511406652932055,0.889519679686054,0.168,0.07,0.7964999999999999,1302.0,45934.56,3.885652173913044,-5.969818840579711,-5.954761904761905,-1.4020863309352516,1,1,2
Chicken Dishes,26282,Lucky Chicken Dishes Eatery,Full-service,North Shore,1.03,43.95,595,160,7032.0,261,109,65,11470.95,4790.55,2856.75,0.357106717023998,0.460605021612719,0.3,9,2.66,172.9,1281.85,-1350.27,-563.9,347.85,0.37,0.6,0.25,0.15,-284.47,-0.4781008403361345,0.2689075630252101,0.438655462184874,0.18319327731092439,0.1092436974789916,0.357106717023998,0.460605021612719,0.817711738636717,0.18,0.075,0.399,612.85,26934.7575,7.9618012422360245,-5.153702290076335,-5.126363636363636,5.2704545454545455,1,1,1
Chicken Dishes,26687,Classic Chicken Dishes Grill,Cafe,CBD,0.99,42.69,857,249,10629.81,365,152,91,15581.85,6488.88,3884.79,0.203195755705237,0.435937949130312,0.27,14,4.13,375.83,3835.94,1415.86,589.62,1026.06,0.41,0.6,0.25,0.15,6867.48,8.013395565927654,0.29054842473745623,0.425904317386231,0.17736289381563594,0.10618436406067677,0.203195755705237,0.435937949130312,0.639133704835549,0.162,0.0675,0.6194999999999999,848.43,36219.4767,15.34376,3.868469945355191,3.8537254901960782,11.152826086956521,1,0,0
Chicken Dishes,26163,Urban Chicken Dishes Eatery,Cafe,South Auckland,1.05,32.18,1634,458,14738.44,706,294,176,22719.08,9460.92,5663.68,0.23119045805186,0.391849460615776,0.29,9,2.66,468.16,5555.8,1975.65,822.72,1666.82,0.39,0.6,0.25,0.15,10020.99,6.132796817625459,0.2802937576499388,0.4320685434516524,0.1799265605875153,0.10771113831089352,0.23119045805186,0.391849460615776,0.6230399186676361,0.174,0.0725,0.399,1715.7,55211.226,12.104139433551198,2.7944130127298443,2.7888813559322037,9.417062146892656,1,0,2
Chicken Dishes,25233,Top Chicken Dishes Eatery,Cafe,South Auckland,1.05,32.49,1018,285,9259.65,440,183,110,14295.6,5945.67,3573.9,0.243077787533402,0.413106628856622,0.27,11,3.25,357.5,3183.61,1055.24,438.88,871.26,0.39,0.6,0.25,0.15,5548.990000000001,5.450874263261297,0.2799607072691552,0.43222003929273084,0.17976424361493124,0.10805500982318271,0.243077787533402,0.413106628856622,0.656184416390024,0.162,0.0675,0.4875,1068.9,34728.561,11.131503496503496,2.3928344671201813,2.385217391304348,7.849189189189189,1,0,2
Chicken Dishes,25599,King Chicken Dishes Kitchen,Ghost Kitchen,South Auckland,1.05,42.03,768,36,1513.08,439,183,110,18451.17,7691.49,4623.3,0.294218092900701,0.279581973724999,0.32,15,4.43,487.3,644.87,1959.51,816.84,1483.15,0.05,0.6,0.25,0.15,4904.370000000001,6.385898437500001,0.046875,0.5716145833333334,0.23828125,0.14322916666666669,0.294218092900701,0.279581973724999,0.5738000666256999,0.192,0.08,0.6645,806.4000000000001,33892.992,17.428918918918917,4.453431818181818,4.439347826086957,13.361711711711713,1,2,2
Chicken Dishes,25963,Urban Chicken Dishes Cafe,Full-service,South Auckland,1.05,40.27,1319,327,13168.29,595,248,149,23960.65,9986.96,6000.23,0.352103648032062,0.511164162075147,0.3,16,4.72,703.28,1800.53,-3912.0,-1630.55,117.14,0.33,0.6,0.25,0.15,-3624.8800000000006,-2.748203184230478,0.24791508718726307,0.45109931766489764,0.1880212282031842,0.11296436694465502,0.352103648032062,0.511164162075147,0.8632678101072091,0.18,0.075,0.708,1384.95,55771.93650000001,5.489420731707317,-6.563758389261745,-6.548393574297188,0.7809333333333334,1,1,2
Chicken Dishes,26571,Lucky Chicken Dishes Eatery,QSR,CBD,0.99,31.03,1240,223,6919.69,610,254,153,18928.3,7881.62,4747.59,0.269377892632037,0.38240882458631,0.32,17,5.02,768.06,2409.53,534.03,222.37,885.11,0.22,0.6,0.25,0.15,4051.0400000000004,3.2669677419354843,0.17983870967741936,0.49193548387096775,0.20483870967741938,0.12338709677419356,0.269377892632037,0.38240882458631,0.6517867172183469,0.192,0.08,0.7529999999999999,1227.6,38092.428,10.756830357142858,0.874026186579378,0.8720392156862745,5.747467532467533,1,3,0
Chicken Dishes,25481,Top Chicken Dishes Cafe,QSR,North Shore,1.03,33.85,711,137,4637.45,344,144,86,11644.4,4874.4,2911.1,0.226030572131276,0.377481628861278,0.3,8,2.36,202.96,1838.69,1123.54,470.32,951.26,0.24,0.6,0.25,0.15,4383.81,6.165696202531646,0.19268635724331928,0.4838255977496484,0.20253164556962025,0.1209563994374121,0.226030572131276,0.377481628861278,0.603512200992554,0.18,0.075,0.354,732.33,24789.3705,13.323840579710145,3.25663768115942,3.2435862068965515,10.934022988505747,1,3,1
Chicken Dishes,26209,King Chicken Dishes Kitchen,Full-service,CBD,0.99,39.44,883,282,11122.08,361,150,90,14237.84,5916.0,3549.6,0.390112645179033,0.508231322001666,0.29,13,3.84,345.6,1130.63,-2681.61,-1114.24,15.24,0.47,0.6,0.25,0.15,-2649.9800000000005,-3.0011098527746323,0.3193657984144961,0.40883352208380525,0.16987542468856173,0.10192525481313704,0.390112645179033,0.508231322001666,0.898343967180699,0.174,0.0725,0.576,874.17,34477.2648,3.995159010600707,-7.4077624309392265,-7.379072847682119,0.16747252747252747,1,1,0
Chicken Dishes,26130,Top Chicken Dishes Bistro,Cafe,South Auckland,1.05,37.21,1126,349,12986.29,466,194,117,17339.86,7218.74,4353.57,0.229364178944379,0.437281638849527,0.31,17,5.02,587.34,4329.03,404.96,168.59,863.94,0.45,0.6,0.25,0.15,5766.52,5.121243339253997,0.3099467140319716,0.413854351687389,0.17229129662522202,0.1039076376554174,0.229364178944379,0.437281638849527,0.666645817793906,0.186,0.0775,0.7529999999999999,1182.3,43993.383,12.368657142857142,0.8671520342612419,0.8645641025641025,7.321525423728814,1,0,2
Chicken Dishes,25726,Lucky Chicken Dishes Cafe,Full-service,North Shore,1.03,36.99,1237,320,11836.8,550,229,138,20344.5,8470.71,5104.62,0.391483740136027,0.501660358789377,0.31,6,1.77,244.26,1264.83,-4132.87,-1720.77,301.2,0.35,0.6,0.25,0.15,-4287.61,-3.4661358124494743,0.2586903799514956,0.444624090541633,0.185125303152789,0.11156022635408246,0.391483740136027,0.501660358789377,0.893144098925404,0.186,0.0775,0.2655,1274.1100000000001,47129.3289,3.9402803738317753,-7.500671506352087,-7.481608695652174,2.1669064748201436,1,1,1
Chinese,25891,Lotus Cafe,Cafe,West Auckland,1.04,36.32,1084,141,5121.12,471,236,236,17106.72,8571.52,8571.52,0.274584447238594,0.354812013567425,0.27,8,2.36,556.96,1897.91,1721.0,862.33,2619.68,0.15,0.5,0.25,0.25,7100.92,6.550664206642066,0.13007380073800737,0.4345018450184502,0.2177121771217712,0.2177121771217712,0.274584447238594,0.354812013567425,0.629396460806019,0.135,0.0675,0.59,1127.3600000000001,40945.715200000006,13.36556338028169,3.6461864406779663,3.638523206751055,11.05350210970464,2,0,3
Chinese,25301,Red Cafe,Full-service,North Shore,1.03,34.49,1068,240,8277.6,414,207,207,14278.86,7139.43,7139.43,0.365031025419012,0.484951268648729,0.28,9,2.66,550.62,1241.79,-1856.0,-928.0,520.42,0.29,0.5,0.25,0.25,-1021.7900000000001,-0.9567322097378278,0.22471910112359553,0.38764044943820225,0.19382022471910113,0.19382022471910113,0.365031025419012,0.484951268648729,0.8499822940677411,0.14,0.07,0.665,1100.04,37940.3796,5.152655601659751,-4.472289156626506,-4.461538461538462,2.5020192307692306,2,1,1
Chinese,26352,Golden Tavern,QSR,West Auckland,1.04,31.28,1474,214,6693.92,630,315,315,19706.4,9853.2,9853.2,0.250756796356291,0.419234266947024,0.28,8,2.36,743.4,2209.05,985.5,492.75,2508.24,0.17,0.5,0.25,0.25,6195.54,4.2032157394843965,0.1451831750339213,0.42740841248303935,0.21370420624151967,0.21370420624151967,0.250756796356291,0.419234266947024,0.669991063303315,0.14,0.07,0.59,1532.96,47950.98880000001,10.274651162790699,1.5618066561014263,1.5593354430379747,7.937468354430379,2,3,3
Chinese,26528,Red House,Cafe,West Auckland,1.04,41.4,1455,211,8735.4,622,311,311,25750.8,12875.4,12875.4,0.246883442923427,0.396020104503259,0.32,11,3.25,1010.75,3119.38,955.26,477.63,3587.01,0.17,0.5,0.25,0.25,8139.280000000001,5.594006872852234,0.14501718213058418,0.4274914089347079,0.21374570446735394,0.21374570446735394,0.246883442923427,0.396020104503259,0.642903547426686,0.16,0.08,0.8125,1513.2,62646.48,14.714056603773585,1.533322632423756,1.5308653846153846,11.496826923076924,2,0,3
Chinese,26348,Golden Corner,Full-service,CBD,0.99,31.1,936,257,7992.7,339,170,170,10542.9,5287.0,5287.0,0.35566976229893,0.523437610222027,0.32,6,1.77,300.9,966.26,-2099.17,-1052.68,338.26,0.38,0.5,0.25,0.25,-1847.3300000000002,-1.9736431623931625,0.2745726495726496,0.36217948717948717,0.18162393162393164,0.18162393162393164,0.35566976229893,0.523437610222027,0.8791073725209569,0.16,0.08,0.4425,926.64,28818.503999999997,3.745193798449612,-6.174029411764706,-6.156023391812866,1.9781286549707602,2,1,0
Chinese,25417,Sakura Diner,Ghost Kitchen,South Auckland,1.05,36.67,850,62,2273.54,394,197,197,14447.98,7223.99,7223.99,0.260499544837512,0.25565929756267,0.31,10,2.95,581.15,1100.03,2511.65,1255.83,2914.11,0.08,0.5,0.25,0.25,7781.620000000001,9.154847058823531,0.07294117647058823,0.46352941176470586,0.23176470588235293,0.23176470588235293,0.260499544837512,0.25565929756267,0.516158842400182,0.155,0.0775,0.7375,892.5,32727.975000000002,17.46079365079365,6.358607594936709,6.342575757575757,14.717727272727274,2,2,2
Chinese,25149,Dragon Bistro,QSR,North Shore,1.03,44.95,1199,183,8225.85,508,254,254,22834.6,11417.3,11417.3,0.238834160473198,0.372866330621764,0.31,16,4.72,1198.88,3194.09,1787.94,893.97,3234.45,0.18,0.5,0.25,0.25,9110.45,7.598373644703921,0.15262718932443703,0.42368640533778146,0.21184320266889073,0.21184320266889073,0.238834160473198,0.372866330621764,0.6117004910949619,0.155,0.0775,1.18,1234.97,55511.90150000001,17.359184782608697,3.5126522593320235,3.505764705882353,12.684117647058823,2,3,1
Chinese,25770,Red Cafe,Full-service,West Auckland,1.04,34.29,1784,500,17145.0,642,321,321,22014.18,11007.09,11007.09,0.366976936731953,0.461949086771347,0.29,13,3.84,1232.64,2933.06,-2618.06,-1309.03,650.39,0.39,0.5,0.25,0.25,-343.64,-0.19262331838565022,0.2802690582959641,0.3598654708520179,0.17993273542600896,0.17993273542600896,0.366976936731953,0.461949086771347,0.8289260235033,0.145,0.0725,0.96,1855.3600000000001,63620.294400000006,5.85441117764471,-4.07163297045101,-4.065310559006211,2.0198447204968946,2,1,3
Chinese,25488,Dragon House,Full-service,CBD,0.99,38.44,586,158,6073.52,214,107,107,8226.16,4113.08,4113.08,0.373289461212698,0.532252552453429,0.31,3,0.89,95.23,573.69,-1773.08,-886.54,293.28,0.37,0.5,0.25,0.25,-1792.6499999999999,-3.0591296928327645,0.26962457337883955,0.36518771331058014,0.18259385665529007,0.18259385665529007,0.373289461212698,0.532252552453429,0.905542013666127,0.155,0.0775,0.2225,580.14,22300.581600000005,3.60811320754717,-8.246883720930231,-8.208703703703703,2.7155555555555555,2,1,0
Chinese,25907,Lotus Eatery,Full-service,North Shore,1.03,45.17,1209,369,16667.73,420,210,210,18971.4,9485.7,9485.7,0.368693778640591,0.496579301008023,0.31,16,4.72,991.2,2245.59,-3325.18,-1662.59,286.78,0.44,0.5,0.25,0.25,-2455.3999999999996,-2.030934656741108,0.3052109181141439,0.3473945409429281,0.17369727047146405,0.17369727047146405,0.368693778640591,0.496579301008023,0.865273079648614,0.155,0.0775,1.18,1245.27,56248.8459,6.069162162162162,-7.898289786223278,-7.8795734597156395,1.3591469194312795,2,1,1
Chinese,26150,Red Cafe,QSR,South Auckland,1.05,45.05,1474,214,9640.7,630,315,315,28381.5,14190.75,14190.75,0.256000085063279,0.385093395994045,0.31,7,2.07,652.05,3460.11,1388.04,694.02,4441.1,0.17,0.5,0.25,0.25,9983.27,6.772910447761194,0.1451831750339213,0.42740841248303935,0.21370420624151967,0.21370420624151967,0.256000085063279,0.385093395994045,0.641093481057324,0.155,0.0775,0.5175,1547.7,69723.885,16.09353488372093,2.1997464342313786,2.19626582278481,14.054113924050634,2,3,2
Chinese,25097,Sakura Corner,Full-service,South Auckland,1.05,33.03,1807,543,17935.29,632,316,316,20874.96,10437.48,10437.48,0.379762011836283,0.530885064089671,0.3,4,1.18,372.88,1602.57,-4397.25,-2198.62,559.74,0.43,0.5,0.25,0.25,-4433.56,-2.4535473159933594,0.3004980630879912,0.34975096845600445,0.17487548422800223,0.17487548422800223,0.379762011836283,0.530885064089671,0.910647075925954,0.15,0.075,0.295,1897.3500000000001,62669.470499999996,2.9459007352941176,-6.946682464454977,-6.935709779179811,1.7657413249211358,2,1,2
Chinese,25637,Sakura Kitchen,Ghost Kitchen,South Auckland,1.05,38.02,1259,71,2699.42,594,297,297,22583.88,11291.94,11291.94,0.281819669611286,0.258577361528296,0.28,12,3.54,1051.38,1240.66,4056.13,2028.07,4138.43,0.06,0.5,0.25,0.25,11463.29,9.105075456711676,0.05639396346306592,0.471803018268467,0.2359015091342335,0.2359015091342335,0.281819669611286,0.258577361528296,0.540397031139582,0.14,0.07,0.885,1321.95,50260.53900000001,17.23138888888889,6.817025210084034,6.8056040268456375,13.887348993288592,2,2,2
Chinese,25662,Golden Corner,Full-service,South Auckland,1.05,41.59,1675,396,16469.64,639,320,320,26576.01,13308.8,13308.8,0.361879253701773,0.480557127622887,0.31,11,3.25,1040.0,2595.02,-4051.15,-2028.75,1056.98,0.31,0.5,0.25,0.25,-2427.9,-1.4494925373134329,0.2364179104477612,0.3814925373134328,0.191044776119403,0.191044776119403,0.361879253701773,0.480557127622887,0.84243638132466,0.155,0.0775,0.8125,1758.75,73146.4125,6.536574307304786,-6.329921875,-6.320093457943925,3.292772585669782,2,1,2
Chinese,25010,Lotus Bistro,Cafe,CBD,0.99,30.23,1591,307,9280.61,642,321,321,19407.66,9703.83,9703.83,0.257294937353581,0.371753470180556,0.31,17,5.02,1611.42,3442.66,1182.93,591.46,1988.23,0.24,0.5,0.25,0.25,7205.280000000001,4.5287743557511,0.19296040226272784,0.4035197988686361,0.20175989943431805,0.20175989943431805,0.257294937353581,0.371753470180556,0.6290484075341369,0.155,0.0775,1.255,1575.09,47614.9707,11.177467532467531,1.8397045101088647,1.836832298136646,6.174627329192546,2,0,0
Chinese,25698,Golden Corner,QSR,West Auckland,1.04,43.01,1251,199,8558.99,526,263,263,22623.26,11311.63,11311.63,0.237678518630564,0.418252494675107,0.31,12,3.54,931.02,2944.88,770.75,385.38,2960.96,0.19,0.5,0.25,0.25,7061.97,5.64505995203837,0.15907274180655476,0.42046362909672264,0.21023181454836132,0.21023181454836132,0.237678518630564,0.418252494675107,0.655931013305671,0.155,0.0775,0.885,1301.04,55957.73039999999,14.724400000000001,1.4625237191650853,1.4597727272727272,11.215757575757577,2,3,3
Chinese,25496,Dragon Cafe,Ghost Kitchen,South Auckland,1.05,40.74,1493,57,2322.18,718,359,359,29251.32,14625.66,14625.66,0.258602636668365,0.259722995967604,0.28,7,2.07,743.13,1118.53,5899.24,2949.62,6301.68,0.04,0.5,0.25,0.25,16269.07,10.89689886135298,0.03817816476892163,0.4809109176155391,0.24045545880776956,0.24045545880776956,0.258602636668365,0.259722995967604,0.5183256326359691,0.14,0.07,0.5175,1567.65,63866.06100000001,19.285,8.204784422809457,8.193388888888888,17.50466666666667,2,2,2
Chinese,26547,Sakura Kitchen,QSR,South Auckland,1.05,32.83,588,93,3053.19,247,124,124,8109.01,4070.92,4070.92,0.27995999859646,0.387278385646641,0.3,4,1.18,146.32,1015.98,265.66,133.37,1208.33,0.19,0.5,0.25,0.25,2623.34,4.461462585034014,0.15816326530612246,0.4200680272108843,0.21088435374149658,0.21088435374149658,0.27995999859646,0.387278385646641,0.667238384243101,0.15,0.075,0.295,617.4,20269.242000000002,10.808297872340425,1.071209677419355,1.0669600000000001,9.66664,2,3,2
Chinese,25741,Golden Kitchen,Ghost Kitchen,West Auckland,1.04,39.1,1263,71,2776.1,596,298,298,23303.6,11651.8,11651.8,0.256131520692725,0.265237062855158,0.27,13,3.84,1144.32,1328.73,4861.86,2430.93,4432.6,0.06,0.5,0.25,0.25,13054.12,10.335803642121933,0.056215360253365,0.4718923198733174,0.2359461599366587,0.2359461599366587,0.256131520692725,0.265237062855158,0.521368583547883,0.135,0.0675,0.96,1313.52,51358.632000000005,18.454583333333332,8.143819095477387,8.13020066889632,14.8247491638796,2,2,3
Chinese,25284,Lotus Corner,QSR,South Auckland,1.05,44.83,1205,157,7038.31,524,262,262,23490.92,11745.46,11745.46,0.215055879279971,0.411211355123669,0.3,15,4.43,1160.66,2630.45,1732.05,866.03,3229.0,0.15,0.5,0.25,0.25,8457.529999999999,7.018697095435684,0.13029045643153528,0.4348547717842323,0.21742738589211616,0.21742738589211616,0.215055879279971,0.411211355123669,0.62626723440364,0.15,0.075,1.1075,1265.25,56721.1575,16.648417721518985,3.299142857142857,3.2928897338403043,12.277566539923955,2,3,2
Chinese,26589,Lotus Cafe,Cafe,West Auckland,1.04,45.91,1730,238,10926.58,746,373,373,34248.86,17124.43,17124.43,0.27576122097671,0.44832505309023,0.33,10,2.95,1100.35,3014.79,-1852.39,-926.2,3624.52,0.16,0.5,0.25,0.25,3860.72,2.2316300578034682,0.1375722543352601,0.43121387283236995,0.21560693641618497,0.21560693641618497,0.27576122097671,0.44832505309023,0.72408627406694,0.165,0.0825,0.7375,1799.2,82601.27200000001,12.61418410041841,-2.479772423025435,-2.476470588235294,9.691229946524064,2,0,3
Chinese,26590,Golden House,Cafe,North Shore,1.03,46.24,594,82,3791.68,256,128,128,11837.44,5918.72,5918.72,0.233806893564761,0.354515470890328,0.28,16,4.72,604.16,1560.95,1558.73,779.36,1832.44,0.16,0.5,0.25,0.25,5731.4800000000005,9.64895622895623,0.13804713804713803,0.43097643097643096,0.21548821548821548,0.21548821548821548,0.233806893564761,0.354515470890328,0.588322364455089,0.14,0.07,1.18,611.82,28290.556800000002,18.8066265060241,6.065097276264591,6.041550387596899,14.204961240310078,2,0,1
Chinese,25971,Sakura Corner,Full-service,North Shore,1.03,42.46,1573,449,19064.54,562,281,281,23862.52,11931.26,11931.26,0.370759552379604,0.479933631652966,0.31,18,5.31,1492.11,2846.47,-3834.54,-1917.27,289.31,0.4,0.5,0.25,0.25,-2616.03,-1.6630832803560078,0.28544183089637637,0.35727908455181184,0.17863954227590592,0.17863954227590592,0.370759552379604,0.479933631652966,0.85069318403257,0.155,0.0775,1.3275,1620.19,68793.2674,6.325488888888889,-6.810905861456483,-6.798829787234043,1.0259219858156028,2,1,1
Chinese,26688,Dragon Diner,Cafe,South Auckland,1.05,31.55,1315,295,9307.25,510,255,255,16090.5,8045.25,8045.25,0.211062989011407,0.356571935652755,0.31,5,1.48,377.4,4024.13,1968.92,984.46,3101.09,0.29,0.5,0.25,0.25,10078.6,7.664334600760457,0.22433460076045628,0.38783269961977185,0.19391634980988592,0.19391634980988592,0.211062989011407,0.356571935652755,0.567634924664162,0.155,0.0775,0.37,1380.75,43562.6625,13.595033783783784,3.8530724070450098,3.845546875,12.1136328125,2,0,2
Chinese,26256,Lotus Eatery,Full-service,South Auckland,1.05,32.39,1989,422,13668.58,783,392,392,25361.37,12696.88,12696.88,0.381001684686635,0.529079919587821,0.33,13,3.84,1505.28,1229.06,-6088.8,-3048.29,-363.6,0.27,0.5,0.25,0.25,-8271.63,-4.15868778280543,0.212166918049271,0.39366515837104077,0.19708396178984416,0.19708396178984416,0.381001684686635,0.529079919587821,0.910081604274456,0.165,0.0825,0.96,2088.4500000000003,67644.8955,2.905579196217494,-7.766326530612245,-7.756463104325699,-0.9251908396946565,2,1,2
Chinese,25623,Red Diner,Full-service,South Auckland,1.05,33.61,2022,546,18351.06,738,369,369,24804.18,12402.09,12402.09,0.360080362763256,0.475989112141542,0.28,3,0.89,328.41,3008.3,-2879.01,-1439.5,1704.67,0.37,0.5,0.25,0.25,394.46000000000004,0.19508407517309595,0.2700296735905045,0.3649851632047478,0.1824925816023739,0.1824925816023739,0.360080362763256,0.475989112141542,0.836069474904798,0.14,0.07,0.2225,2123.1,71357.391,5.499634369287021,-3.895818673883627,-3.8905405405405404,4.607216216216217,2,1,2
Chinese,25869,Red Corner,Cafe,CBD,0.99,40.52,629,100,4052.0,265,132,132,10737.8,5348.64,5348.64,0.237807046491653,0.386706903576851,0.29,6,1.77,233.64,1521.47,917.93,457.23,1774.7,0.19,0.5,0.25,0.25,4671.33,7.426597774244833,0.1589825119236884,0.42130365659777425,0.2098569157392687,0.2098569157392687,0.237807046491653,0.386706903576851,0.624513950068504,0.145,0.0725,0.4425,622.71,25232.209199999998,15.064059405940593,3.450864661654135,3.4378195488721808,13.343609022556391,2,0,0
Chinese,25290,Dragon House,Full-service,North Shore,1.03,32.16,1806,458,14729.28,674,337,337,21675.84,10837.92,10837.92,0.356901510525495,0.542302481713705,0.31,10,2.95,994.15,1484.65,-4534.67,-2267.34,98.27,0.34,0.5,0.25,0.25,-5219.09,-2.8898615725359913,0.25359911406423036,0.37320044296788485,0.18660022148394242,0.18660022148394242,0.356901510525495,0.542302481713705,0.8992039922392,0.155,0.0775,0.7375,1860.18,59823.3888,3.2345315904139436,-6.71802962962963,-6.70810650887574,0.2907396449704142,2,1,1
Chinese,25050,Golden Kitchen,Full-service,South Auckland,1.05,39.81,1551,358,14251.98,597,298,298,23766.57,11863.38,11863.38,0.350292355078272,0.522167931729928,0.27,9,2.66,792.68,1817.69,-3385.79,-1690.06,720.37,0.3,0.5,0.25,0.25,-2537.79,-1.636228239845261,0.2308188265635074,0.3849129593810445,0.19213410702772404,0.19213410702772404,0.350292355078272,0.522167931729928,0.8724602868082001,0.135,0.0675,0.665,1628.5500000000002,64832.5755,5.063203342618385,-5.66185618729097,-5.6523745819397995,2.409264214046823,2,1,2
Chinese,25859,Red Grill,QSR,South Auckland,1.05,33.58,556,72,2417.76,242,121,121,8126.36,4063.18,4063.18,0.266177356019616,0.439760041795671,0.29,14,4.13,499.73,710.97,33.01,16.51,695.1,0.15,0.5,0.25,0.25,1455.5900000000001,2.617967625899281,0.12949640287769787,0.4352517985611511,0.21762589928057555,0.21762589928057555,0.266177356019616,0.439760041795671,0.705937397815287,0.145,0.0725,1.0325,583.8000000000001,19604.004,9.73931506849315,0.13584362139917694,0.13532786885245904,5.697540983606557,2,3,2
Chinese,26506,Lotus House,Cafe,CBD,0.99,34.0,474,65,2210.0,205,102,102,6970.0,3468.0,3468.0,0.243390622306615,0.360807614657097,0.31,17,5.02,512.04,874.72,598.04,297.56,860.6,0.16,0.5,0.25,0.25,2630.92,5.550464135021097,0.1371308016877637,0.43248945147679324,0.21518987341772153,0.21518987341772153,0.243390622306615,0.360807614657097,0.604198236963712,0.155,0.0775,1.255,469.26,15954.84,13.253333333333334,2.9031067961165045,2.8889320388349513,8.355339805825244,2,0,0
Chinese,25898,Sakura Cafe,Cafe,CBD,0.99,32.68,1701,340,11111.2,681,340,340,22255.08,11111.2,11111.2,0.208316560052335,0.400746957305819,0.29,6,1.77,601.8,4343.77,2246.35,1121.53,3741.97,0.25,0.5,0.25,0.25,11453.62,6.733462669018225,0.19988242210464435,0.4003527336860671,0.19988242210464435,0.19988242210464435,0.208316560052335,0.400746957305819,0.609063517358154,0.145,0.0725,0.4425,1683.99,55032.79319999999,12.738328445747802,3.2937683284457475,3.288944281524927,10.973519061583577,2,0,0
Chinese,26226,Lotus Tavern,QSR,South Auckland,1.05,35.12,840,128,4495.36,356,178,178,12502.72,6251.36,6251.36,0.247846257165074,0.387540715374052,0.29,16,4.72,840.16,1639.07,932.87,466.43,1439.17,0.18,0.5,0.25,0.25,4477.54,5.330404761904762,0.15238095238095237,0.4238095238095238,0.2119047619047619,0.2119047619047619,0.247846257165074,0.387540715374052,0.635386972539126,0.145,0.0725,1.18,882.0,30975.84,12.705968992248062,2.613081232492997,2.6057541899441343,8.040055865921788,2,3,2
Chinese,25875,Golden Bistro,Full-service,South Auckland,1.05,44.3,1265,341,15106.3,462,231,231,20466.6,10233.3,10233.3,0.373555360687897,0.543085670750588,0.29,7,2.07,478.17,1259.25,-4229.24,-2114.62,374.87,0.37,0.5,0.25,0.25,-4709.74,-3.7231146245059286,0.26956521739130435,0.3652173913043478,0.1826086956521739,0.1826086956521739,0.373555360687897,0.543085670750588,0.916641031438485,0.145,0.0725,0.5175,1328.25,58841.475000000006,3.682017543859649,-9.134427645788337,-9.114741379310344,1.6158189655172415,2,1,2
Chinese,25997,Red Kitchen,Full-service,North Shore,1.03,43.91,1864,396,17388.36,734,367,367,32229.94,16114.97,16114.97,0.356088494323194,0.508300179825164,0.27,17,5.02,1842.34,2358.06,-4331.34,-2165.67,343.03,0.27,0.5,0.25,0.25,-3795.920000000001,-2.036437768240344,0.21244635193133046,0.3937768240343347,0.19688841201716736,0.19688841201716736,0.356088494323194,0.508300179825164,0.864388674148358,0.135,0.0675,1.255,1919.92,84303.6872,5.939697732997481,-5.892979591836735,-5.8849728260869565,0.9321467391304347,2,1,1
Chinese,25055,Golden Diner,Cafe,North Shore,1.03,44.9,934,162,7273.8,386,193,193,17331.4,8665.7,8665.7,0.277956389933825,0.36283928162884,0.31,6,1.77,341.61,2612.78,852.78,426.39,2771.15,0.21,0.5,0.25,0.25,6663.1,7.133940042826553,0.17344753747323338,0.41327623126338325,0.20663811563169163,0.20663811563169163,0.277956389933825,0.36283928162884,0.640795671562665,0.155,0.0775,0.4425,962.02,43194.698000000004,16.029325153374234,2.203565891472868,2.1978865979381443,14.284278350515464,2,0,1
Chinese,26511,Dragon Cafe,Cafe,CBD,0.99,40.22,803,175,7038.5,314,157,157,12629.08,6314.54,6314.54,0.222104107923806,0.445675386348739,0.3,15,4.43,695.51,2338.33,406.92,203.46,1402.31,0.28,0.5,0.25,0.25,4351.02,5.4184557907845585,0.2179327521793275,0.3910336239103362,0.1955168119551681,0.1955168119551681,0.222104107923806,0.445675386348739,0.667779494272545,0.15,0.075,1.1075,794.97,31973.693400000004,13.285965909090908,1.291809523809524,1.2877215189873419,8.875379746835442,2,0,0
Chinese,26594,Golden House,Cafe,North Shore,1.03,44.33,1329,257,11392.81,536,268,268,23760.88,11880.44,11880.44,0.220839058440179,0.399295595102012,0.28,17,5.02,1345.36,4327.73,2372.89,1186.44,3167.61,0.24,0.5,0.25,0.25,11054.67,8.31803611738149,0.19337848006019562,0.4033107599699022,0.2016553799849511,0.2016553799849511,0.220839058440179,0.399295595102012,0.620134653542191,0.14,0.07,1.255,1368.8700000000001,60682.00710000001,16.774147286821705,4.4187895716945995,4.410557620817844,11.77550185873606,2,0,1
Chinese,25920,Lotus Bistro,QSR,South Auckland,1.05,37.12,1014,162,6013.44,426,213,213,15813.12,7906.56,7906.56,0.259220902975649,0.425805063312873,0.3,10,2.95,628.35,1894.08,236.79,118.39,1862.01,0.19,0.5,0.25,0.25,4111.2699999999995,4.054506903353056,0.15976331360946744,0.4201183431952663,0.21005917159763315,0.21005917159763315,0.259220902975649,0.425805063312873,0.685025966288522,0.15,0.075,0.7375,1064.7,39521.664000000004,11.620122699386503,0.5545433255269321,0.5532242990654206,8.700981308411215,2,3,2
Chinese,26405,Lotus Tavern,QSR,West Auckland,1.04,37.35,1649,149,5565.15,750,375,375,28012.5,14006.25,14006.25,0.239304473921657,0.441628631856292,0.3,17,5.02,1882.5,1775.66,534.11,267.06,2586.43,0.1,0.5,0.25,0.25,5163.26,3.131146149181322,0.09035779260157671,0.45482110369921164,0.22741055184960582,0.22741055184960582,0.239304473921657,0.441628631856292,0.680933105777949,0.15,0.075,1.255,1714.96,64053.756,11.837733333333334,0.7111984021304927,0.7102659574468085,6.878803191489362,2,3,3
Chinese,25625,Dragon Eatery,QSR,West Auckland,1.04,32.95,1208,184,6062.8,512,256,256,16870.4,8435.2,8435.2,0.25560559829697,0.44796227386687,0.3,13,3.84,983.04,1797.21,-60.19,-30.1,1517.42,0.18,0.5,0.25,0.25,3224.34,2.669155629139073,0.15231788079470196,0.423841059602649,0.2119205298013245,0.2119205298013245,0.25560559829697,0.44796227386687,0.70356787216384,0.15,0.075,0.96,1256.32,41395.744000000006,9.714648648648648,-0.11732943469785574,-0.11712062256809339,5.904357976653697,2,3,3
Chinese,25372,Red Cafe,Cafe,North Shore,1.03,32.17,849,129,4149.93,360,180,180,11581.2,5790.6,5790.6,0.221574617959559,0.445364090171643,0.32,10,2.95,531.0,1382.18,151.27,75.63,1397.62,0.18,0.5,0.25,0.25,3006.7,3.5414605418138985,0.1519434628975265,0.42402826855123676,0.21201413427561838,0.21201413427561838,0.221574617959559,0.445364090171643,0.666938708131202,0.16,0.08,0.7375,874.47,28131.699900000003,10.632153846153846,0.41903047091412743,0.4178453038674033,7.721657458563535,2,0,1
Chinese,26221,Sakura Tavern,Cafe,South Auckland,1.05,42.24,534,110,4646.4,212,106,106,8954.88,4477.44,4477.44,0.262173140645027,0.448612350015901,0.3,11,3.25,344.5,1343.81,-96.58,-48.29,950.44,0.26,0.5,0.25,0.25,2149.38,4.025056179775281,0.2059925093632959,0.3970037453183521,0.19850187265917604,0.19850187265917604,0.262173140645027,0.448612350015901,0.710785490660928,0.15,0.075,0.8125,560.7,23683.967999999997,12.106396396396397,-0.45342723004694835,-0.45130841121495324,8.882616822429908,2,0,2
Chinese,25277,Dragon House,Ghost Kitchen,North Shore,1.03,37.34,1239,59,2203.06,590,295,295,22030.6,11015.3,11015.3,0.2733644403168,0.272526845289394,0.29,4,1.18,348.1,1000.43,3615.41,1807.71,4654.04,0.05,0.5,0.25,0.25,11077.59,8.940750605326876,0.04761904761904762,0.4761904761904762,0.2380952380952381,0.2380952380952381,0.2733644403168,0.272526845289394,0.545891285606194,0.145,0.0725,0.295,1276.17,47652.18779999999,16.67383333333333,6.117445008460237,6.107128378378379,15.723108108108107,2,2,1
Chinese,26237,Red Tavern,QSR,CBD,0.99,43.44,1068,155,6733.2,457,228,228,19852.08,9904.32,9904.32,0.237549209091812,0.363282232708298,0.27,4,1.18,269.04,2687.68,2564.26,1279.33,3684.45,0.17,0.5,0.25,0.25,10215.720000000001,9.565280898876406,0.14513108614232206,0.42790262172284643,0.2134831460674157,0.2134831460674157,0.237549209091812,0.363282232708298,0.60083144180011,0.135,0.0675,0.295,1057.32,45929.980800000005,17.228717948717946,5.59882096069869,5.5865938864628815,16.089301310043666,2,3,0
Chinese,25391,Lotus Kitchen,Ghost Kitchen,South Auckland,1.05,36.38,1190,77,2801.26,557,278,278,20263.66,10113.64,10113.64,0.269855546893086,0.335844626626931,0.27,3,0.89,247.42,1104.54,2518.77,1257.12,3740.39,0.07,0.5,0.25,0.25,8620.82,7.244386554621848,0.06470588235294118,0.4680672268907563,0.23361344537815126,0.23361344537815126,0.269855546893086,0.335844626626931,0.6057001735200169,0.135,0.0675,0.2225,1249.5,45456.81,14.16076923076923,4.5139247311827955,4.505806451612903,13.406415770609318,2,2,2
Chinese,25645,Dragon Tavern,QSR,South Auckland,1.05,44.24,1546,246,10883.04,650,325,325,28756.0,14378.0,14378.0,0.251995091866702,0.374067268520594,0.33,10,2.95,958.75,4069.58,1263.47,631.74,4417.73,0.19,0.5,0.25,0.25,10382.52,6.715730918499354,0.15912031047865458,0.42043984476067264,0.21021992238033632,0.21021992238033632,0.251995091866702,0.374067268520594,0.626062360387296,0.165,0.0825,0.7375,1623.3000000000002,71814.79200000002,16.476032388663967,1.9408141321044547,1.9378527607361964,13.551319018404907,2,3,2
Chinese,25162,Red Diner,Cafe,CBD,0.99,43.3,705,112,4849.6,297,148,148,12860.1,6408.4,6408.4,0.226821953151375,0.431672479095869,0.28,8,2.36,349.28,1656.17,790.97,394.15,1839.22,0.19,0.5,0.25,0.25,4680.51,6.639021276595745,0.15886524822695036,0.42127659574468085,0.2099290780141844,0.2099290780141844,0.226821953151375,0.431672479095869,0.6584944322472439,0.14,0.07,0.59,697.95,30221.235,14.65637168141593,2.654261744966443,2.6453020134228185,12.343758389261746,2,0,0
Chinese,25890,Sakura Cafe,QSR,North Shore,1.03,34.06,754,98,3337.88,328,164,164,11171.68,5585.84,5585.84,0.245192879214883,0.423429430532269,0.3,13,3.84,629.76,1106.1,350.54,175.27,1221.26,0.15,0.5,0.25,0.25,2853.17,3.7840450928381966,0.129973474801061,0.4350132625994695,0.21750663129973474,0.21750663129973474,0.245192879214883,0.423429430532269,0.668622309747152,0.15,0.075,0.96,776.62,26451.677200000002,11.172727272727272,1.0654711246200608,1.0622424242424242,7.401575757575758,2,3,1
Chinese,26011,Lotus Grill,Cafe,CBD,0.99,41.83,1605,310,12967.3,647,324,324,27064.01,13552.92,13552.92,0.264956160262227,0.382143744057976,0.32,17,5.02,1626.48,4576.16,890.41,445.89,3156.35,0.24,0.5,0.25,0.25,9068.81,5.65034890965732,0.19314641744548286,0.4031152647975078,0.20186915887850468,0.20186915887850468,0.264956160262227,0.382143744057976,0.647099904320203,0.16,0.08,1.255,1588.95,66465.7785,14.71434083601286,1.3740895061728395,1.3719692307692308,9.711846153846153,2,0,0
Chinese,26364,Red Bistro,Cafe,South Auckland,1.05,34.81,1022,223,7762.63,399,200,200,13889.19,6962.0,6962.0,0.2789976436086,0.404858949477784,0.27,13,3.84,768.0,2454.1,640.89,321.25,1432.99,0.28,0.5,0.25,0.25,4849.23,4.744843444227006,0.21819960861056753,0.3904109589041096,0.19569471624266144,0.19569471624266144,0.2789976436086,0.404858949477784,0.683856593086384,0.135,0.0675,0.96,1073.1000000000001,37354.611000000004,10.955803571428572,1.602225,1.5982587064676617,7.129303482587065,2,0,2
Chinese,26580,Dragon Grill,Cafe,North Shore,1.03,46.09,849,141,6498.69,354,177,177,16315.86,8157.93,8157.93,0.265335303582251,0.384225417394191,0.28,17,5.02,888.54,2277.4,1149.28,574.64,1970.32,0.2,0.5,0.25,0.25,5971.64,7.033733804475855,0.16607773851590105,0.41696113074204944,0.20848056537102472,0.20848056537102472,0.265335303582251,0.384225417394191,0.649560720976442,0.14,0.07,1.255,874.47,40304.32230000001,16.038028169014087,3.2374084507042253,3.228314606741573,11.069213483146067,2,0,1
Chinese,26541,Sakura House,QSR,North Shore,1.03,37.75,1018,162,6115.5,428,214,214,16157.0,8078.5,8078.5,0.267915664128959,0.425599699211307,0.33,12,3.54,757.56,1874.31,-379.94,-189.97,1718.38,0.19,0.5,0.25,0.25,3022.7799999999997,2.9693320235756384,0.15913555992141454,0.4204322200392927,0.21021611001964635,0.21021611001964635,0.267915664128959,0.425599699211307,0.693515363340266,0.165,0.0825,0.885,1048.54,39582.385,11.49883435582822,-0.8856410256410256,-0.8835813953488372,7.99246511627907,2,3,1
Chinese,25034,Golden Bistro,Full-service,West Auckland,1.04,37.94,2048,625,23712.5,711,356,356,26975.34,13506.64,13506.64,0.359857416327577,0.467711940500885,0.32,14,4.13,1470.28,4088.76,-3980.73,-1993.17,858.68,0.44,0.5,0.25,0.25,-1026.46,-0.501201171875,0.30517578125,0.34716796875,0.173828125,0.173828125,0.359857416327577,0.467711940500885,0.827569356828462,0.16,0.08,1.0325,2129.92,80809.1648,6.531565495207668,-5.590912921348314,-5.583109243697479,2.405266106442577,2,1,3
Chinese,26461,Lotus Bistro,Ghost Kitchen,CBD,0.99,34.34,1024,48,1648.32,488,244,244,16757.92,8378.96,8378.96,0.27413561620051,0.279559344158042,0.3,9,2.66,649.04,735.65,2451.77,1225.88,3090.53,0.05,0.5,0.25,0.25,7503.83,7.327958984375,0.046875,0.4765625,0.23828125,0.23828125,0.27413561620051,0.279559344158042,0.553694960358552,0.15,0.075,0.665,1013.76,34812.51839999999,15.013265306122449,5.013844580777096,5.003591836734694,12.614408163265306,2,2,0
Chinese,25126,Lotus Diner,Ghost Kitchen,South Auckland,1.05,32.55,994,65,2115.75,465,232,232,15135.75,7551.6,7551.6,0.270323122420814,0.246959132619668,0.31,17,5.02,1164.64,1021.31,2614.21,1304.3,2480.65,0.07,0.5,0.25,0.25,7420.469999999999,7.465261569416499,0.0653923541247485,0.46780684104627773,0.23340040241448695,0.23340040241448695,0.270323122420814,0.246959132619668,0.5172822550404821,0.155,0.0775,1.255,1043.7,33972.435,15.474393939393938,5.609892703862661,5.597854077253219,10.64656652360515,2,2,2
Chinese,25815,Dragon Eatery,Full-service,North Shore,1.03,40.57,825,185,7505.45,320,160,160,12982.4,6491.2,6491.2,0.357905452419072,0.494412695989013,0.3,4,1.18,188.8,1108.42,-1977.46,-988.73,769.83,0.29,0.5,0.25,0.25,-1087.94,-1.3187151515151516,0.22424242424242424,0.3878787878787879,0.19393939393939394,0.19393939393939394,0.357905452419072,0.494412695989013,0.8523181484080851,0.15,0.075,0.295,849.75,34474.3575,5.959247311827958,-6.1603115264797506,-6.141180124223602,4.781552795031057,2,1,1
Chinese,25130,Dragon Eatery,Full-service,CBD,0.99,43.74,1154,318,13909.32,418,209,209,18283.32,9141.66,9141.66,0.394079883396626,0.507411161647178,0.3,6,1.77,369.93,1370.19,-3683.93,-1841.96,530.61,0.38,0.5,0.25,0.25,-3625.0899999999997,-3.14132582322357,0.27556325823223565,0.3622183708838821,0.18110918544194105,0.18110918544194105,0.394079883396626,0.507411161647178,0.9014910450438041,0.15,0.075,0.4425,1142.46,49971.20040000001,4.295266457680251,-8.79219570405728,-8.771238095238095,2.5267142857142857,2,1,0
Chinese,25736,Golden Bistro,QSR,CBD,0.99,37.48,1541,201,7533.48,670,335,335,25111.6,12555.8,12555.8,0.231255908571184,0.429290983942337,0.33,6,1.77,592.95,2557.26,237.38,118.69,3669.16,0.15,0.5,0.25,0.25,6582.49,4.271570408825438,0.13043478260869565,0.4347826086956522,0.2173913043478261,0.2173913043478261,0.231255908571184,0.429290983942337,0.660546892513521,0.165,0.0825,0.4425,1525.59,57179.11319999999,12.659702970297031,0.3537704918032787,0.3532440476190476,10.920119047619048,2,3,0
Chinese,25253,Lotus House,Cafe,South Auckland,1.05,38.21,570,110,4203.1,230,115,115,8788.3,4394.15,4394.15,0.267035818304867,0.406331148534082,0.29,7,2.07,238.05,1372.87,321.94,160.97,1197.22,0.24,0.5,0.25,0.25,3053.0,5.356140350877193,0.19298245614035092,0.4035087719298246,0.2017543859649123,0.2017543859649123,0.267035818304867,0.406331148534082,0.673366966838949,0.145,0.0725,0.5175,598.5,22868.684999999998,12.368198198198197,1.3936796536796536,1.3876724137931034,10.320862068965518,2,0,2
Chinese,26062,Lotus Corner,QSR,North Shore,1.03,39.35,892,136,5351.6,378,189,189,14874.3,7437.15,7437.15,0.273729488663375,0.420402242988348,0.3,5,1.48,279.72,1636.88,87.29,43.64,1995.07,0.18,0.5,0.25,0.25,3762.88,4.21847533632287,0.15246636771300448,0.4237668161434977,0.21188340807174885,0.21188340807174885,0.273729488663375,0.420402242988348,0.694131731651723,0.15,0.075,0.37,918.76,36153.206000000006,11.948029197080293,0.23031662269129288,0.2296842105263158,10.500368421052631,2,3,1
Chinese,25902,Dragon Corner,Cafe,West Auckland,1.04,41.6,1401,233,9692.8,584,292,292,24294.4,12147.2,12147.2,0.262180847041309,0.369001289620064,0.31,10,2.95,861.4,3574.88,1428.94,714.47,3618.7,0.2,0.5,0.25,0.25,9336.99,6.664518201284796,0.16630977872947897,0.41684511063526064,0.20842255531763032,0.20842255531763032,0.262180847041309,0.369001289620064,0.631182136661373,0.155,0.0775,0.7375,1457.04,60612.863999999994,15.277264957264958,2.4426324786324787,2.4384641638225255,12.35051194539249,2,0,3
Chinese,25579,Red Bistro,Cafe,West Auckland,1.04,41.65,1774,295,12286.75,739,370,370,30779.35,15410.5,15410.5,0.272242928724736,0.37713876364287,0.33,4,1.18,436.6,4307.96,634.62,317.74,4966.6,0.2,0.5,0.25,0.25,10226.92,5.76489289740699,0.16629086809470123,0.41657271702367527,0.2085682074408117,0.2085682074408117,0.272242928724736,0.37713876364287,0.649381692367606,0.165,0.0825,0.295,1844.96,76842.584,14.553918918918919,0.8575945945945946,0.8564420485175203,13.387061994609166,2,0,3
Chinese,25405,Sakura Eatery,Cafe,CBD,0.99,32.65,685,89,2905.85,298,149,149,9729.7,4864.85,4864.85,0.250387344434857,0.388945489260368,0.33,3,0.89,132.61,1048.04,298.38,149.19,1621.98,0.15,0.5,0.25,0.25,3117.59,4.551226277372263,0.12992700729927006,0.435036496350365,0.2175182481751825,0.2175182481751825,0.250387344434857,0.388945489260368,0.639332833695225,0.165,0.0825,0.2225,678.15,22141.5975,11.644888888888888,0.9979264214046822,0.9946,10.8132,2,0,0
Chinese,25014,Dragon Bistro,Cafe,North Shore,1.03,45.49,1805,325,14784.25,740,370,370,33662.6,16831.3,16831.3,0.249232679028064,0.372381716105156,0.33,6,1.77,654.9,5594.15,1628.79,814.39,5713.82,0.22,0.5,0.25,0.25,13751.15,7.618365650969529,0.18005540166204986,0.40997229916897504,0.20498614958448752,0.20498614958448752,0.249232679028064,0.372381716105156,0.62161439513322,0.165,0.0825,0.4425,1859.15,84572.7335,17.159969325153373,2.1980971659919026,2.195121293800539,15.401132075471697,2,0,1
Chinese,25663,Golden Diner,QSR,North Shore,1.03,42.8,1416,128,5478.4,644,322,322,27563.2,13781.6,13781.6,0.217471688818187,0.397225528932176,0.29,10,2.95,949.9,2110.84,2626.85,1313.42,4360.19,0.1,0.5,0.25,0.25,10411.3,7.352612994350282,0.0903954802259887,0.4548022598870057,0.22740112994350284,0.22740112994350284,0.217471688818187,0.397225528932176,0.614697217750363,0.145,0.0725,0.7375,1458.48,62422.943999999996,16.3631007751938,4.072635658914728,4.066315789473684,13.499040247678018,2,3,1
Chinese,25460,Dragon House,QSR,South Auckland,1.05,40.17,1702,154,6186.18,774,387,387,31091.58,15545.79,15545.79,0.224177420735359,0.371806528232992,0.31,4,1.18,456.66,2499.32,2923.11,1461.55,5824.09,0.1,0.5,0.25,0.25,12708.07,7.466551116333725,0.09048178613396006,0.45475910693302,0.22737955346651,0.22737955346651,0.224177420735359,0.371806528232992,0.5959839489683509,0.155,0.0775,0.295,1787.1000000000001,71787.807,16.124645161290324,3.7717548387096778,3.766881443298969,15.010541237113403,2,3,2
Chinese,25220,Sakura Cafe,Ghost Kitchen,South Auckland,1.05,46.48,684,56,2602.88,314,157,157,14594.72,7297.36,7297.36,0.254113502101973,0.293027579516638,0.33,10,2.95,463.15,1178.74,1793.09,896.55,2841.52,0.09,0.5,0.25,0.25,6709.9,9.809795321637427,0.08187134502923978,0.4590643274853801,0.22953216374269006,0.22953216374269006,0.254113502101973,0.293027579516638,0.547141081618611,0.165,0.0825,0.7375,718.2,33381.936,20.679649122807017,5.692349206349206,5.674367088607594,17.984303797468353,2,2,2
Chinese,26433,Dragon Corner,Full-service,North Shore,1.03,32.61,2080,604,19696.44,738,369,369,24066.18,12033.09,12033.09,0.36501345516881,0.501099391840398,0.3,15,4.43,1634.67,2637.1,-3997.7,-1998.85,-23.59,0.41,0.5,0.25,0.25,-3383.04,-1.6264615384615384,0.2903846153846154,0.3548076923076924,0.1774038461538462,0.1774038461538462,0.36501345516881,0.501099391840398,0.866112847009208,0.15,0.075,1.1075,2142.4,69863.66399999999,4.358842975206612,-5.409607577807848,-5.402297297297297,-0.06375675675675675,2,1,1
Chinese,25061,Dragon Eatery,Full-service,CBD,0.99,35.28,690,182,6420.96,254,127,127,8961.12,4480.56,4480.56,0.394684779981617,0.457801265991293,0.31,17,5.02,637.54,947.18,-1456.06,-728.03,23.41,0.36,0.5,0.25,0.25,-1213.4999999999998,-1.7586956521739128,0.2637681159420289,0.36811594202898545,0.18405797101449273,0.18405797101449273,0.394684779981617,0.457801265991293,0.85248604597291,0.155,0.0775,1.255,683.1,24099.768000000004,5.175846994535519,-5.710039215686274,-5.687734375,0.182890625,2,1,0
Chinese,25666,Lotus Eatery,QSR,South Auckland,1.05,31.59,1136,148,4675.32,494,247,247,15605.46,7802.73,7802.73,0.257099008373916,0.365626385132782,0.32,5,1.48,365.56,1763.88,893.8,446.9,2578.21,0.15,0.5,0.25,0.25,5682.790000000001,5.002455985915494,0.13028169014084506,0.43485915492957744,0.21742957746478872,0.21742957746478872,0.257099008373916,0.365626385132782,0.6227253935066981,0.16,0.08,0.37,1192.8,37680.551999999996,11.838120805369128,1.8056565656565655,1.802016129032258,10.39600806451613,2,3,2
Chinese,25346,Dragon Corner,Cafe,South Auckland,1.05,41.51,864,112,4649.12,376,188,188,15607.76,7803.88,7803.88,0.213982010986656,0.368292850884609,0.29,3,0.89,167.32,1942.05,1993.5,996.75,3092.56,0.15,0.5,0.25,0.25,8024.860000000001,9.288032407407409,0.12962962962962962,0.4351851851851852,0.2175925925925926,0.2175925925925926,0.213982010986656,0.368292850884609,0.582274861871265,0.145,0.0725,0.2225,907.2,37657.872,17.186283185840708,5.287798408488063,5.273809523809524,16.362751322751322,2,0,2
Chinese,26115,Red Kitchen,QSR,West Auckland,1.04,43.52,942,143,6223.36,399,200,200,17364.48,8704.0,8704.0,0.272186443097889,0.352368629071862,0.3,5,1.48,296.0,2336.53,1310.06,656.67,2971.87,0.18,0.5,0.25,0.25,7275.13,7.723067940552017,0.15180467091295116,0.42356687898089174,0.21231422505307856,0.21231422505307856,0.272186443097889,0.352368629071862,0.624555072169751,0.15,0.075,0.37,979.6800000000001,42635.673599999995,16.22590277777778,3.27515,3.267014925373134,14.785422885572139,2,3,3
Chinese,25953,Red Tavern,Ghost Kitchen,South Auckland,1.05,36.36,727,27,981.72,350,175,175,12726.0,6363.0,6363.0,0.279109132918529,0.237539153231774,0.28,16,4.72,826.0,474.52,2587.85,1293.93,2249.57,0.04,0.5,0.25,0.25,6605.870000000001,9.086478679504815,0.037138927097661624,0.4814305364511692,0.2407152682255846,0.2407152682255846,0.279109132918529,0.237539153231774,0.516648286150303,0.14,0.07,1.18,763.35,27755.406000000003,16.947142857142858,7.372792022792023,7.351875000000001,12.781647727272729,2,2,2
Chinese,25790,Lotus Corner,Ghost Kitchen,West Auckland,1.04,31.36,1240,112,3512.32,564,282,282,17687.04,8843.52,8843.52,0.257417674874887,0.311002339527477,0.29,11,3.25,916.5,1515.85,2504.13,1252.07,2900.19,0.1,0.5,0.25,0.25,8172.24,6.590516129032258,0.09032258064516129,0.45483870967741935,0.22741935483870968,0.22741935483870968,0.257417674874887,0.311002339527477,0.568420014402364,0.145,0.0725,0.8125,1289.6000000000001,40441.856,13.414601769911503,4.432088495575221,4.424275618374558,10.248021201413428,2,2,3
Chinese,26482,Lotus Corner,QSR,South Auckland,1.05,43.28,1090,142,6145.76,474,237,237,20514.72,10257.36,10257.36,0.20701973548159,0.351363193755969,0.28,10,2.95,699.15,2714.07,3315.53,1657.76,3830.68,0.15,0.5,0.25,0.25,11518.04,10.567009174311927,0.13027522935779814,0.4348623853211009,0.21743119266055044,0.21743119266055044,0.20701973548159,0.351363193755969,0.5583829292375591,0.14,0.07,0.7375,1144.5,49533.96000000001,18.979510489510492,6.980063157894738,6.965378151260504,16.095294117647057,2,3,2
Chinese,26430,Lotus Cafe,Cafe,North Shore,1.03,41.86,934,198,8288.28,368,184,184,15404.48,7702.24,7702.24,0.271048975866288,0.39323107956443,0.31,14,4.13,759.92,2782.54,396.2,198.1,1825.88,0.27,0.5,0.25,0.25,5202.719999999999,5.57036402569593,0.2119914346895075,0.3940042826552463,0.19700214132762314,0.19700214132762314,0.271048975866288,0.39323107956443,0.664280055430718,0.155,0.0775,1.0325,962.02,40270.1572,13.982613065326634,1.0737127371273711,1.0708108108108108,9.869621621621622,2,0,1
Chinese,25674,Sakura Corner,QSR,South Auckland,1.05,38.35,816,136,5215.6,340,170,170,13039.0,6519.5,6519.5,0.245714876074344,0.419549148436636,0.33,8,2.36,401.2,1745.85,61.75,30.88,1781.11,0.2,0.5,0.25,0.25,3619.59,4.435772058823529,0.16666666666666669,0.4166666666666667,0.20833333333333334,0.20833333333333334,0.245714876074344,0.419549148436636,0.66526402451098,0.165,0.0825,0.59,856.8000000000001,32858.28,12.743430656934306,0.1810850439882698,0.18058479532163743,10.415847953216373,2,3,2
Chinese,25474,Sakura Bistro,Full-service,North Shore,1.03,33.71,2012,476,16045.96,768,384,384,25889.28,12944.64,12944.64,0.371837479888927,0.510073895007372,0.3,17,5.02,1927.68,1894.85,-4709.55,-2354.78,-399.07,0.31,0.5,0.25,0.25,-5568.55,-2.7676689860834993,0.23658051689860837,0.38170974155069587,0.19085487077534793,0.19085487077534793,0.371837479888927,0.510073895007372,0.881911374896299,0.15,0.075,1.255,2072.36,69859.25559999999,3.972431865828092,-6.124252275682705,-6.116311688311689,-1.0365454545454544,2,1,1
Chinese,26322,Dragon Eatery,Cafe,South Auckland,1.05,46.69,512,88,4108.72,212,106,106,9898.28,4949.14,4949.14,0.233956580478698,0.384420123812743,0.28,12,3.54,375.24,1567.98,1005.9,502.95,1513.47,0.21,0.5,0.25,0.25,4590.3,8.9654296875,0.17187500000000003,0.41406250000000006,0.20703125000000003,0.20703125000000003,0.233956580478698,0.384420123812743,0.618376704291441,0.14,0.07,0.885,537.6,25100.543999999998,17.617752808988765,4.722535211267606,4.700467289719626,14.144579439252336,2,0,2
Chinese,25193,Lotus Corner,Ghost Kitchen,West Auckland,1.04,44.51,552,40,1780.4,256,128,128,11394.56,5697.28,5697.28,0.266178112232592,0.341195593902376,0.32,15,4.43,567.04,699.03,827.54,413.77,1669.86,0.08,0.5,0.25,0.25,3610.2,6.540217391304347,0.07246376811594205,0.46376811594202905,0.23188405797101452,0.23188405797101452,0.266178112232592,0.341195593902376,0.607373706134968,0.16,0.08,1.1075,574.08,25552.300799999997,17.04951219512195,3.2199999999999998,3.2075193798449613,12.944651162790697,2,2,3
Chinese,26247,Dragon Bistro,Cafe,North Shore,1.03,42.82,1517,197,8435.54,660,330,330,28261.2,14130.6,14130.6,0.207485083583742,0.366652830177918,0.29,13,3.84,1267.2,3592.38,3839.63,1919.81,4750.49,0.15,0.5,0.25,0.25,14102.31,9.296183256427158,0.12986156888595915,0.43506921555702044,0.21753460777851022,0.21753460777851022,0.207485083583742,0.366652830177918,0.57413791376166,0.145,0.0725,0.96,1562.51,66906.67820000001,18.143333333333334,5.808819969742814,5.800030211480363,14.351933534743202,2,0,1
Chinese,25439,Sakura Grill,QSR,South Auckland,1.05,42.65,1361,145,6184.25,608,304,304,25931.2,12965.6,12965.6,0.254115779791027,0.438919094158337,0.3,10,2.95,896.8,1898.35,180.61,90.31,3083.19,0.12,0.5,0.25,0.25,5252.46,3.859265246142542,0.10653930933137398,0.446730345334313,0.2233651726671565,0.2233651726671565,0.254115779791027,0.438919094158337,0.693034873949364,0.15,0.075,0.7375,1429.05,60948.982500000006,13.002397260273971,0.296568144499179,0.2960983606557377,10.108819672131148,2,3,2
Chinese,25316,Red Eatery,Full-service,South Auckland,1.05,44.39,852,256,11363.84,298,149,149,13228.22,6614.11,6614.11,0.363367310306057,0.482808523345739,0.32,13,3.84,572.16,1748.03,-2198.21,-1099.11,445.25,0.43,0.5,0.25,0.25,-1104.04,-1.2958215962441315,0.3004694835680751,0.34976525821596244,0.17488262910798122,0.17488262910798122,0.363367310306057,0.482808523345739,0.8461758336517959,0.16,0.08,0.96,894.6,39711.294,6.801673151750973,-7.351872909698997,-7.327399999999999,2.9683333333333333,2,1,2
Chinese,25804,Golden Tavern,QSR,West Auckland,1.04,45.53,709,70,3187.1,319,160,160,14524.07,7284.8,7284.8,0.211341295223683,0.3560370254796,0.28,12,3.54,566.4,1378.81,2216.69,1111.82,2585.16,0.11,0.5,0.25,0.25,7292.48,10.285585331452749,0.0987306064880113,0.44992947813822287,0.22566995768688297,0.22566995768688297,0.211341295223683,0.3560370254796,0.567378320703283,0.14,0.07,0.885,737.36,33572.000799999994,19.419859154929576,6.92715625,6.905714285714286,16.056894409937886,2,3,3
Chinese,25402,Dragon Tavern,QSR,North Shore,1.03,42.47,1837,293,12443.71,772,386,386,32786.84,16393.42,16393.42,0.233264213018119,0.440884645469487,0.28,6,1.77,683.22,4054.8,1503.31,751.66,4658.59,0.19,0.5,0.25,0.25,10968.36,5.9708002177463255,0.15949918345127928,0.4202504082743604,0.2101252041371802,0.2101252041371802,0.233264213018119,0.440884645469487,0.6741488584876061,0.14,0.07,0.4425,1892.1100000000001,80357.91169999998,13.791836734693879,1.9447736093143595,1.9422739018087853,12.037700258397933,2,3,1
Chinese,26089,Sakura Bistro,Full-service,North Shore,1.03,36.23,1352,320,11593.6,516,258,258,18694.68,9347.34,9347.34,0.392739950795658,0.470296924328432,0.31,18,5.31,1369.98,1587.9,-3234.87,-1617.43,-89.74,0.31,0.5,0.25,0.25,-3354.1399999999994,-2.4808727810650884,0.23668639053254442,0.3816568047337279,0.19082840236686394,0.19082840236686394,0.392739950795658,0.470296924328432,0.86303687512409,0.155,0.0775,1.3275,1392.56,50452.44879999999,4.946728971962617,-6.257001934235976,-6.2449034749034755,-0.34648648648648644,2,1,1
Chinese,25322,Dragon Tavern,QSR,South Auckland,1.05,41.05,488,56,2298.8,216,108,108,8866.8,4433.4,4433.4,0.219390986971557,0.417754578310996,0.28,12,3.54,382.32,834.13,734.65,367.33,1226.36,0.13,0.5,0.25,0.25,3162.47,6.48047131147541,0.11475409836065575,0.4426229508196721,0.22131147540983606,0.22131147540983606,0.219390986971557,0.417754578310996,0.6371455652825531,0.14,0.07,0.885,512.4,21034.019999999997,14.633859649122806,3.3854838709677417,3.3699999999999997,11.251009174311926,2,3,2
Chinese,26416,Sakura House,Full-service,North Shore,1.03,40.76,914,246,10026.96,334,167,167,13613.84,6806.92,6806.92,0.35818507267395,0.451834093313664,0.3,6,1.77,295.59,1904.93,-1497.78,-748.89,997.59,0.37,0.5,0.25,0.25,655.8500000000001,0.7175601750547047,0.26914660831509846,0.3654266958424508,0.1827133479212254,0.1827133479212254,0.35818507267395,0.451834093313664,0.8100191659876139,0.15,0.075,0.4425,941.4200000000001,38372.2792,7.712267206477733,-4.470985074626865,-4.457678571428572,5.938035714285714,2,1,1
Chinese,25444,Lotus Bistro,QSR,West Auckland,1.04,32.99,813,129,4255.71,342,171,171,11282.58,5641.29,5641.29,0.241232790723443,0.447842447133735,0.3,17,5.02,858.42,1323.21,123.26,61.63,895.6,0.19,0.5,0.25,0.25,2403.7000000000003,2.9565805658056585,0.15867158671586715,0.4206642066420664,0.2103321033210332,0.2103321033210332,0.241232790723443,0.447842447133735,0.6890752378571781,0.15,0.075,1.255,845.52,27893.704800000003,10.178538461538462,0.3593586005830904,0.3583139534883721,5.206976744186047,2,3,3
Chinese,26456,Dragon Kitchen,Full-service,West Auckland,1.04,33.23,1590,454,15086.42,568,284,284,18874.64,9437.32,9437.32,0.391896367259324,0.51360884218011,0.3,16,4.72,1340.48,1425.59,-3878.84,-1939.42,-448.7,0.4,0.5,0.25,0.25,-4841.37,-3.04488679245283,0.28553459119496855,0.35723270440251575,0.17861635220125788,0.17861635220125788,0.391896367259324,0.51360884218011,0.905505209439434,0.15,0.075,1.18,1653.6000000000001,54949.128,3.133164835164835,-6.816942003514939,-6.804982456140351,-1.5743859649122807,2,1,3
Chinese,26375,Sakura House,Full-service,West Auckland,1.04,44.45,1204,368,16357.6,418,209,209,18580.1,9290.05,9290.05,0.391934129910078,0.540160201489925,0.3,6,1.77,369.93,1110.77,-4312.34,-2156.17,260.92,0.44,0.5,0.25,0.25,-5096.82,-4.233239202657807,0.30564784053156147,0.3471760797342192,0.1735880398671096,0.1735880398671096,0.391934129910078,0.540160201489925,0.932094331400003,0.15,0.075,0.4425,1252.16,55658.512,3.0102168021680216,-10.291980906921241,-10.267476190476192,1.2424761904761905,2,1,3
Chinese,25286,Sakura Kitchen,Cafe,West Auckland,1.04,33.47,1076,148,4953.56,464,232,232,15530.08,7765.04,7765.04,0.236732678022236,0.412625902309082,0.31,7,2.07,480.24,1736.92,631.16,315.58,2242.5,0.16,0.5,0.25,0.25,4926.16,4.578215613382899,0.137546468401487,0.4312267657992565,0.21561338289962825,0.21561338289962825,0.236732678022236,0.412625902309082,0.649358580331318,0.155,0.0775,0.5175,1119.04,37454.268800000005,11.657181208053691,1.3573333333333333,1.354420600858369,9.624463519313304,2,0,3
Chinese,26055,Golden Bistro,Cafe,West Auckland,1.04,44.28,665,149,6597.72,258,129,129,11424.24,5712.12,5712.12,0.258825121168047,0.351078014448285,0.28,9,2.66,343.14,2573.75,1257.77,628.89,1885.14,0.29,0.5,0.25,0.25,6345.55,9.54218045112782,0.22406015037593988,0.38796992481203013,0.19398496240601507,0.19398496240601507,0.258825121168047,0.351078014448285,0.609903135616332,0.14,0.07,0.665,691.6,30624.048,17.158333333333335,4.856254826254826,4.837615384615384,14.501076923076925,2,0,3
Chinese,25408,Dragon Bistro,QSR,South Auckland,1.05,43.67,929,106,4629.02,411,206,206,17948.37,8996.02,8996.02,0.277101503256708,0.38409072898794,0.31,15,4.43,912.58,1568.35,517.05,259.16,2135.34,0.13,0.5,0.25,0.25,4479.9,4.822282023681377,0.11410118406889129,0.4424111948331539,0.2217438105489774,0.2217438105489774,0.277101503256708,0.38409072898794,0.661192232244648,0.155,0.0775,1.1075,975.45,42597.9015,14.657476635514017,1.2549757281553398,1.2519806763285026,10.315652173913044,2,3,2
Chinese,25409,Red Cafe,Cafe,West Auckland,1.04,37.34,1251,258,9633.72,497,248,248,18557.98,9260.32,9260.32,0.254479878954589,0.443789343861863,0.29,5,1.48,367.04,2906.79,217.7,108.63,2427.08,0.26,0.5,0.25,0.25,5660.2,4.524540367705836,0.20623501199040767,0.39728217426059154,0.1982414068745004,0.1982414068745004,0.254479878954589,0.443789343861863,0.698269222816452,0.145,0.0725,0.37,1301.04,48580.8336,11.223127413127413,0.43714859437751,0.43626506024096384,9.74730923694779,2,0,3
Chinese,25166,Sakura Grill,Cafe,West Auckland,1.04,38.08,953,145,5521.6,404,202,202,15384.32,7692.16,7692.16,0.255336913112551,0.351766921835951,0.33,6,1.77,357.54,2169.42,967.61,483.81,2664.68,0.18,0.5,0.25,0.25,6285.52,6.595508919202519,0.15215110178384053,0.42392444910807975,0.21196222455403987,0.21196222455403987,0.255336913112551,0.351766921835951,0.6071038349485021,0.165,0.0825,0.4425,991.12,37741.8496,14.859041095890412,2.3891604938271604,2.3833004926108377,13.126502463054186,2,0,3
Chinese,25534,Sakura Cafe,Full-service,North Shore,1.03,33.33,1416,292,9732.36,562,281,281,18731.46,9365.73,9365.73,0.359218015661463,0.499981935787946,0.31,10,2.95,828.95,1370.32,-3169.36,-1584.68,489.75,0.26,0.5,0.25,0.25,-2893.9700000000003,-2.0437641242937854,0.20621468926553674,0.3968926553672316,0.1984463276836158,0.1984463276836158,0.359218015661463,0.499981935787946,0.859199951449409,0.155,0.0775,0.7375,1458.48,48611.1384,4.676860068259385,-5.629413854351688,-5.619432624113475,1.7367021276595744,2,1,1
Chinese,26303,Golden Cafe,Cafe,North Shore,1.03,31.21,1288,273,8520.33,507,254,254,15823.47,7927.34,7927.34,0.234816674832255,0.390215468662791,0.32,5,1.48,375.92,3194.85,869.78,435.75,2596.58,0.27,0.5,0.25,0.25,7096.96,5.5100621118012425,0.21195652173913046,0.39363354037267084,0.1972049689440994,0.1972049689440994,0.234816674832255,0.390215468662791,0.625032143495046,0.16,0.08,0.37,1326.64,41404.4344,11.660036496350365,1.7121653543307087,1.7088235294117646,10.182666666666666,2,0,1
Chinese,26182,Red Cafe,QSR,CBD,0.99,38.49,588,53,2039.97,267,134,134,10276.83,5157.66,5157.66,0.22133356070146,0.377704364201054,0.32,11,3.25,435.5,817.95,832.03,417.57,1632.53,0.1,0.5,0.25,0.25,3700.08,6.29265306122449,0.09013605442176871,0.45408163265306123,0.22789115646258504,0.22789115646258504,0.22133356070146,0.377704364201054,0.5990379249025141,0.16,0.08,0.8125,582.12,22405.7988,15.147222222222224,3.104589552238806,3.093111111111111,12.092814814814815,2,3,0
Chinese,25616,Dragon Kitchen,Full-service,CBD,0.99,42.74,721,178,7607.72,271,136,136,11582.54,5812.64,5812.64,0.350249558931682,0.450828500417992,0.3,10,2.95,401.2,1513.34,-1170.74,-587.53,755.06,0.33,0.5,0.25,0.25,510.1299999999999,0.7075312066574201,0.24687933425797504,0.37586685159500693,0.18862690707350901,0.18862690707350901,0.350249558931682,0.450828500417992,0.801078059349674,0.15,0.075,0.7375,713.79,30507.3846,8.454413407821228,-4.304191176470589,-4.288540145985401,5.511386861313868,2,1,0
Chinese,26667,Lotus Bistro,Ghost Kitchen,South Auckland,1.05,43.75,569,21,918.75,274,137,137,11987.5,5993.75,5993.75,0.289830507559236,0.227591273200233,0.3,6,1.77,242.49,443.37,2188.66,1094.33,2649.96,0.04,0.5,0.25,0.25,6376.32,11.206186291739893,0.03690685413005272,0.48154657293497366,0.24077328646748683,0.24077328646748683,0.289830507559236,0.227591273200233,0.517421780759469,0.15,0.075,0.4425,597.45,26138.4375,20.153181818181817,7.958763636363636,7.929927536231884,19.202608695652174,2,2,2
Chinese,25983,Golden Kitchen,Ghost Kitchen,North Shore,1.03,44.94,1154,75,3370.5,539,270,270,24222.66,12133.8,12133.8,0.266524447023403,0.326476223429199,0.31,15,4.43,1196.1,1371.79,2349.58,1176.97,3742.35,0.07,0.5,0.25,0.25,8640.69,7.48759965337955,0.06499133448873484,0.4670710571923744,0.2339688041594454,0.2339688041594454,0.266524447023403,0.326476223429199,0.5930006704526021,0.155,0.0775,1.1075,1188.6200000000001,53416.5828,18.049868421052633,4.351074074074074,4.343062730627306,13.809409594095941,2,2,1
Chinese,26509,Sakura Kitchen,Cafe,CBD,0.99,36.12,519,71,2564.52,224,112,112,8090.88,4045.44,4045.44,0.225993219055235,0.415776332048699,0.33,7,2.07,231.84,918.69,228.41,114.2,1217.36,0.16,0.5,0.25,0.25,2478.66,4.775838150289017,0.13680154142581888,0.4315992292870906,0.2157996146435453,0.2157996146435453,0.225993219055235,0.415776332048699,0.6417695511039341,0.165,0.0825,0.5175,513.81,18558.817199999998,12.759583333333333,1.0151555555555556,1.0106194690265486,10.773097345132742,2,0,0
Chinese,25661,Red Bistro,Full-service,West Auckland,1.04,44.57,1513,330,14708.1,591,296,296,26340.87,13192.72,13192.72,0.351882391527761,0.489626219822094,0.29,6,1.77,523.92,2331.11,-3464.05,-1734.96,1567.01,0.28,0.5,0.25,0.25,-1300.89,-0.8598083278255123,0.21810971579643093,0.3906146728354263,0.19563780568407135,0.19563780568407135,0.351882391527761,0.489626219822094,0.841508611349855,0.145,0.0725,0.4425,1573.52,70131.78640000001,7.042628398791541,-5.851435810810811,-5.8416161616161615,5.2761279461279464,2,1,3
Chinese,25259,Sakura Eatery,Cafe,CBD,0.99,32.43,710,118,3826.74,296,148,148,9599.28,4799.64,4799.64,0.242546495571733,0.430796837480739,0.3,11,3.25,481.0,1250.03,255.88,127.94,1086.83,0.2,0.5,0.25,0.25,2720.68,3.8319436619718306,0.16619718309859155,0.4169014084507043,0.20845070422535214,0.20845070422535214,0.242546495571733,0.430796837480739,0.673343333052472,0.15,0.075,0.8125,702.9,22795.047,10.504453781512606,0.8615488215488215,0.8586577181208054,7.294161073825503,2,0,0
Chinese,26472,Lotus House,QSR,South Auckland,1.05,35.67,487,59,2104.53,214,107,107,7633.38,3816.69,3816.69,0.240888773892075,0.351945476536639,0.3,14,4.13,441.91,856.89,818.04,409.02,1112.12,0.14,0.5,0.25,0.25,3196.0699999999997,6.562772073921971,0.12114989733059549,0.4394250513347022,0.2197125256673511,0.2197125256673511,0.240888773892075,0.351945476536639,0.592834250428714,0.15,0.075,1.0325,511.35,18239.8545,14.2815,3.8048372093023253,3.7872222222222223,10.297407407407407,2,3,2
Chinese,25945,Golden Grill,QSR,West Auckland,1.04,43.46,1303,179,7779.34,562,281,281,24424.52,12212.26,12212.26,0.222378516234458,0.41459262559656,0.31,9,2.66,747.46,2824.12,1295.2,647.6,3685.94,0.16,0.5,0.25,0.25,8452.86,6.487229470452801,0.13737528779739064,0.43131235610130464,0.21565617805065232,0.21565617805065232,0.222378516234458,0.41459262559656,0.636971141831018,0.155,0.0775,0.665,1355.1200000000001,58893.51520000001,15.689555555555556,2.3005328596802843,2.2964539007092197,13.070709219858156,2,3,3
Chinese,25640,Lotus Diner,Cafe,CBD,0.99,31.66,1281,264,8358.24,509,254,254,16114.94,8041.64,8041.64,0.205856685228646,0.39364028731361,0.32,10,2.95,749.3,3347.5,1297.3,647.38,2471.4,0.26,0.5,0.25,0.25,7763.58,6.0605620608899295,0.20608899297423888,0.39734582357533177,0.1982825917252147,0.1982825917252147,0.205856685228646,0.39364028731361,0.599496972542256,0.16,0.08,0.7375,1268.19,40150.8954,12.632075471698114,2.543725490196078,2.538745098039216,9.691764705882353,2,0,0
Chinese,25467,Dragon Eatery,QSR,West Auckland,1.04,41.53,747,91,3779.23,328,164,164,13621.84,6810.92,6810.92,0.25042320612818,0.370411440101452,0.28,4,1.18,193.52,1432.95,1350.81,675.41,2388.94,0.14,0.5,0.25,0.25,5848.110000000001,7.828795180722892,0.12182061579651943,0.43908969210174037,0.21954484605087018,0.21954484605087018,0.25042320612818,0.370411440101452,0.6208346462296319,0.14,0.07,0.295,776.88,32263.826399999998,15.57554347826087,4.1058054711246195,4.093393939393939,14.478424242424243,2,3,3
Chinese,25180,Lotus House,Cafe,CBD,0.99,38.27,865,173,6620.71,346,173,173,13241.42,6620.71,6620.71,0.274860554076731,0.414748610393144,0.33,12,3.54,612.42,2055.01,-259.65,-129.83,1442.59,0.25,0.5,0.25,0.25,3108.12,3.593202312138728,0.19999999999999998,0.39999999999999997,0.19999999999999998,0.19999999999999998,0.274860554076731,0.414748610393144,0.689609164469875,0.165,0.0825,0.885,856.35,32772.514500000005,11.810402298850576,-0.7482708933717579,-0.7461494252873564,8.29074712643678,2,0,0
Chinese,25023,Red Grill,Full-service,West Auckland,1.04,36.25,931,215,7793.75,358,179,179,12977.5,6488.75,6488.75,0.397388583177235,0.541547694453038,0.29,12,3.54,633.66,475.92,-2971.02,-1485.51,-237.43,0.3,0.5,0.25,0.25,-4218.04,-4.530655209452202,0.23093447905477982,0.3845327604726101,0.19226638023630505,0.19226638023630505,0.397388583177235,0.541547694453038,0.938936277630273,0.145,0.0725,0.885,968.24,35098.700000000004,2.2033333333333336,-8.2758217270195,-8.252833333333333,-1.3190555555555556,2,1,3
Chinese,25872,Lotus Cafe,QSR,North Shore,1.03,41.75,1579,143,5970.25,718,359,359,29976.5,14988.25,14988.25,0.224730357956141,0.41980867923703,0.27,14,4.13,1482.67,2122.19,2561.82,1280.91,3845.07,0.1,0.5,0.25,0.25,9809.99,6.212786573780874,0.09056364787840405,0.45471817606079795,0.22735908803039898,0.22735908803039898,0.224730357956141,0.41980867923703,0.644539037193171,0.135,0.0675,1.0325,1626.3700000000001,67900.9475,14.737430555555555,3.5630319888734356,3.5580833333333337,10.68075,2,3,1
Chinese,26234,Sakura Tavern,Cafe,CBD,0.99,40.7,1869,397,16157.9,736,368,368,29955.2,14977.6,14977.6,0.253393245972693,0.403203879250214,0.28,4,1.18,434.24,5548.67,1899.25,949.62,4709.11,0.27,0.5,0.25,0.25,13106.650000000001,7.012653825575175,0.2124130551096843,0.39379347244515783,0.19689673622257892,0.19689673622257892,0.253393245972693,0.403203879250214,0.656597125222907,0.14,0.07,0.295,1850.31,75307.617,13.941381909547738,2.577001356852103,2.57349593495935,12.76181571815718,2,0,0
Chinese,26210,Golden Bistro,Cafe,North Shore,1.03,35.46,1501,337,11950.02,582,291,291,20637.72,10318.86,10318.86,0.250337548665702,0.439704435644671,0.3,5,1.48,430.68,3704.0,205.51,102.76,2767.73,0.29,0.5,0.25,0.25,6780.0,4.516988674217188,0.22451698867421718,0.3877415056628914,0.1938707528314457,0.1938707528314457,0.250337548665702,0.439704435644671,0.690041984310373,0.15,0.075,0.37,1546.03,54822.22380000001,10.958579881656805,0.3525042881646655,0.3519178082191781,9.478527397260274,2,0,1
Chinese,26076,Sakura House,Full-service,CBD,0.99,39.98,1441,297,11874.06,572,286,286,22868.56,11434.28,11434.28,0.368134736281354,0.51096707645338,0.33,5,1.48,423.28,1435.55,-4781.86,-2390.93,959.1,0.26,0.5,0.25,0.25,-4778.139999999999,-3.3158501040943786,0.20610687022900762,0.3969465648854962,0.1984732824427481,0.1984732824427481,0.368134736281354,0.51096707645338,0.8791018127347341,0.165,0.0825,0.37,1426.59,57035.0682,4.81728187919463,-8.345305410122164,-8.330766550522647,3.3418118466898954,2,1,0
Chinese,26198,Golden Corner,QSR,CBD,0.99,31.54,973,126,3974.04,423,212,212,13341.42,6686.48,6686.48,0.213647998534143,0.435719694918953,0.3,7,2.07,438.84,1393.43,675.51,338.55,1905.66,0.15,0.5,0.25,0.25,4313.150000000001,4.4328365878725595,0.12949640287769784,0.4347379239465571,0.21788283658787255,0.21788283658787255,0.213647998534143,0.435719694918953,0.6493676934530961,0.15,0.075,0.5175,963.27,30381.535799999998,10.971889763779528,1.5931839622641508,1.5894366197183099,8.946760563380282,2,3,0
Chinese,25596,Dragon Eatery,Ghost Kitchen,West Auckland,1.04,35.34,489,40,1413.6,225,112,112,7951.5,3958.08,3958.08,0.295075432630256,0.2626055581728,0.33,10,2.95,330.4,625.26,893.1,444.57,1420.33,0.09,0.5,0.25,0.25,3383.26,6.918732106339469,0.08179959100204498,0.460122699386503,0.22903885480572594,0.22903885480572594,0.295075432630256,0.2626055581728,0.557680990803056,0.165,0.0825,0.7375,508.56,17972.510400000003,15.250243902439024,3.951769911504425,3.9342477876106194,12.56929203539823,2,2,3
Chinese,26242,Sakura Cafe,Cafe,South Auckland,1.05,43.4,808,105,4557.0,351,176,176,15233.4,7638.4,7638.4,0.230641705133021,0.388845657976344,0.28,10,2.95,519.2,1734.0,1531.15,767.76,2387.31,0.15,0.5,0.25,0.25,6420.219999999999,7.945816831683167,0.12995049504950493,0.43440594059405935,0.2178217821782178,0.2178217821782178,0.230641705133021,0.388845657976344,0.619487363109365,0.14,0.07,0.7375,848.4000000000001,36820.560000000005,16.358490566037737,4.349857954545455,4.337627118644067,13.487627118644067,2,0,2
Chinese,25999,Red Tavern,Full-service,CBD,0.99,32.39,2079,635,20567.65,722,361,361,23385.58,11692.79,11692.79,0.38291717057582,0.539152335235849,0.27,15,4.43,1599.23,1602.85,-4491.66,-2245.83,-688.01,0.44,0.5,0.25,0.25,-5822.65,-2.8006974506974505,0.30543530543530545,0.3472823472823473,0.17364117364117365,0.17364117364117365,0.38291717057582,0.539152335235849,0.922069505811669,0.135,0.0675,1.1075,2058.21,66665.4219,2.520204402515723,-6.21253112033195,-6.203950276243094,-1.9005801104972375,2,1,0
Chinese,25030,Golden House,QSR,South Auckland,1.05,34.48,1242,198,6827.04,522,261,261,17998.56,8999.28,8999.28,0.262395003382117,0.407956757908687,0.28,15,4.43,1156.23,2250.52,893.6,446.8,1810.37,0.19,0.5,0.25,0.25,5401.29,4.348864734299517,0.15942028985507245,0.42028985507246375,0.21014492753623187,0.21014492753623187,0.262395003382117,0.407956757908687,0.6703517612908041,0.14,0.07,1.1075,1304.1000000000001,44965.368,11.309145728643216,1.7086042065009561,1.7053435114503817,6.909809160305343,2,3,2
Chinese,25812,Golden Bistro,Full-service,CBD,0.99,38.38,1900,552,21185.76,674,337,337,25868.12,12934.06,12934.06,0.389288760407362,0.500189759535715,0.31,5,1.48,498.76,2341.48,-5160.13,-2580.07,930.73,0.41,0.5,0.25,0.25,-4467.99,-2.351573684210526,0.2905263157894737,0.35473684210526313,0.17736842105263156,0.17736842105263156,0.389288760407362,0.500189759535715,0.889478519943077,0.155,0.0775,0.37,1881.0,72192.78,4.234141048824593,-7.644637037037037,-7.6333431952662725,2.753639053254438,2,1,0
Chinese,26004,Sakura Cafe,Full-service,North Shore,1.03,43.09,828,205,8833.45,311,156,156,13400.99,6722.04,6722.04,0.399280355428346,0.458031657733954,0.3,13,3.84,599.04,1260.43,-2108.14,-1057.46,360.11,0.33,0.5,0.25,0.25,-1545.06,-1.866014492753623,0.24758454106280192,0.37560386473429946,0.18840579710144925,0.18840579710144925,0.399280355428346,0.458031657733954,0.8573120131623,0.15,0.075,0.96,852.84,36748.87560000001,6.118592233009709,-6.756858974358974,-6.735414012738854,2.2936942675159235,2,1,1
Chinese,25478,Dragon Corner,QSR,West Auckland,1.04,42.19,720,71,2995.49,325,162,162,13711.75,6834.78,6834.78,0.234123886600137,0.438297565397806,0.31,14,4.13,669.06,981.26,241.03,120.15,1569.87,0.11,0.5,0.25,0.25,2912.31,4.044875,0.09861111111111112,0.45138888888888895,0.22500000000000003,0.22500000000000003,0.234123886600137,0.438297565397806,0.672421451997943,0.155,0.0775,1.0325,748.8000000000001,31591.871999999996,13.62861111111111,0.7393558282208589,0.737116564417178,9.631104294478527,2,3,3
Chinese,25398,Lotus House,QSR,North Shore,1.03,38.54,1170,178,6860.12,496,248,248,19115.84,9557.92,9557.92,0.202150040548295,0.407632516603917,0.29,11,3.25,806.0,2676.94,1915.74,957.87,2923.67,0.18,0.5,0.25,0.25,8474.220000000001,7.242923076923078,0.15213675213675215,0.423931623931624,0.211965811965812,0.211965811965812,0.202150040548295,0.407632516603917,0.609782557152212,0.145,0.0725,0.8125,1205.1000000000001,46444.554,14.954972067039106,3.8546076458752516,3.846867469879518,11.741646586345382,2,3,1
Chinese,25602,Sakura Eatery,Full-service,South Auckland,1.05,44.9,1019,311,13963.9,354,177,177,15894.6,7947.3,7947.3,0.393819763476495,0.548709801840596,0.29,12,3.54,626.58,802.51,-3695.96,-1847.98,-169.85,0.44,0.5,0.25,0.25,-4911.280000000001,-4.819705593719333,0.3052011776251226,0.3473994111874386,0.1736997055937193,0.1736997055937193,0.393819763476495,0.548709801840596,0.9425295653170911,0.145,0.0725,0.885,1069.95,48040.755000000005,2.5721474358974357,-10.411154929577465,-10.38191011235955,-0.9542134831460674,2,1,2
Chinese,25280,Golden Tavern,Full-service,CBD,0.99,33.83,1944,504,17050.32,720,360,360,24357.6,12178.8,12178.8,0.3823935136199,0.491645862068981,0.32,3,0.89,320.4,2147.67,-4726.33,-2363.17,1213.65,0.35,0.5,0.25,0.25,-3728.18,-1.9177880658436213,0.25925925925925924,0.37037037037037035,0.18518518518518517,0.18518518518518517,0.3823935136199,0.491645862068981,0.8740393756888809,0.16,0.08,0.2225,1924.56,65107.8648,4.252811881188119,-6.555242718446602,-6.54617728531856,3.3619113573407207,2,1,0
Chinese,25536,Lotus Tavern,Full-service,North Shore,1.03,39.19,1729,528,20692.32,601,300,300,23553.19,11757.0,11757.0,0.392942606913857,0.507206083461642,0.29,7,2.07,621.0,2066.16,-4478.61,-2235.58,552.95,0.44,0.5,0.25,0.25,-4095.08,-2.3684673221515324,0.3053788316946212,0.3475997686524002,0.1735106998264893,0.1735106998264893,0.392942606913857,0.507206083461642,0.9001486903754989,0.145,0.0725,0.5175,1780.8700000000001,69792.2953,3.9057844990548203,-7.439551495016611,-7.4271760797342194,1.8370431893687709,2,1,1
Chinese,26010,Dragon Kitchen,Cafe,South Auckland,1.05,41.49,1853,309,12820.41,772,386,386,32030.28,16015.14,16015.14,0.2735302041471,0.449517151387408,0.3,13,3.84,1482.24,3550.65,-738.21,-369.11,2953.2,0.2,0.5,0.25,0.25,5396.53,2.9123205612520238,0.16675661090124122,0.41662169454937936,0.20831084727468968,0.20831084727468968,0.2735302041471,0.449517151387408,0.723047355534508,0.15,0.075,0.96,1945.65,80725.0185,11.453709677419354,-0.954993531694696,-0.9537726098191215,7.631007751937984,2,0,2
Chinese,26131,Lotus Diner,Cafe,West Auckland,1.04,32.54,641,88,2863.52,277,138,138,9013.58,4490.52,4490.52,0.26319454908371,0.369229766190983,0.29,4,1.18,162.84,1052.56,699.23,348.36,1487.77,0.16,0.5,0.25,0.25,3587.92,5.597379095163807,0.1372854914196568,0.43213728549141966,0.2152886115444618,0.2152886115444618,0.26319454908371,0.369229766190983,0.632424315274693,0.145,0.0725,0.295,666.64,21692.4656,11.826516853932583,2.5152158273381295,2.506187050359712,10.703381294964029,2,0,3
Chinese,26617,Red Kitchen,Cafe,South Auckland,1.05,40.13,1041,173,6942.49,434,217,217,17416.42,8708.21,8708.21,0.216339749116451,0.428064831299707,0.31,8,2.36,512.12,2468.72,794.11,397.05,2584.48,0.2,0.5,0.25,0.25,6244.360000000001,5.998424591738713,0.16618635926993278,0.4169068203650336,0.2084534101825168,0.2084534101825168,0.216339749116451,0.428064831299707,0.644404580416158,0.155,0.0775,0.59,1093.05,43864.0965,14.188045977011493,1.8255402298850576,1.8213302752293579,11.855412844036698,2,0,2
Chinese,26053,Lotus Corner,Ghost Kitchen,South Auckland,1.05,40.77,1663,94,3832.38,785,392,392,32004.45,15981.84,15981.84,0.258694604574703,0.261828095512465,0.32,4,1.18,462.56,1837.54,5103.98,2548.74,7200.37,0.06,0.5,0.25,0.25,16690.629999999997,10.036458208057725,0.05652435357787132,0.47203848466626586,0.23571858087793146,0.23571858087793146,0.258694604574703,0.261828095512465,0.5205227000871679,0.16,0.08,0.295,1746.15,71190.5355,19.342526315789474,6.493613231552162,6.485343511450381,18.321552162849873,2,2,2
Chinese,26498,Golden House,QSR,South Auckland,1.05,38.13,807,134,5109.42,337,168,168,12849.81,6405.84,6405.84,0.272539748549461,0.445815528859384,0.31,16,4.72,792.96,1439.04,-364.36,-181.64,1011.21,0.2,0.5,0.25,0.25,1904.25,2.359665427509294,0.16604708798017348,0.41759603469640644,0.20817843866171004,0.20817843866171004,0.272539748549461,0.445815528859384,0.7183552774088451,0.155,0.0775,1.18,847.35,32309.4555,10.659555555555555,-1.0779881656804735,-1.074792899408284,5.983491124260356,2,3,2
Chinese,26013,Red Tavern,QSR,CBD,0.99,41.33,1720,249,10291.17,735,368,368,30377.55,15209.44,15209.44,0.265340579673648,0.387207843293436,0.3,9,2.66,978.88,3575.68,1441.46,721.71,4305.66,0.17,0.5,0.25,0.25,10044.509999999998,5.8398313953488366,0.1447674418604651,0.4273255813953488,0.21395348837209302,0.21395348837209302,0.265340579673648,0.387207843293436,0.6525484229670839,0.15,0.075,0.665,1702.8,70376.724,14.302719999999999,1.9585054347826087,1.9558536585365855,11.668455284552845,2,3,0
Chinese,25622,Golden Corner,Full-service,West Auckland,1.04,46.19,776,225,10392.75,275,138,138,12702.25,6374.22,6374.22,0.38316788355587,0.475797643046826,0.3,16,4.72,651.36,1465.74,-2019.22,-1013.28,247.62,0.41,0.5,0.25,0.25,-1319.1399999999999,-1.699922680412371,0.2899484536082474,0.35438144329896903,0.17783505154639176,0.17783505154639176,0.38316788355587,0.475797643046826,0.858965526602696,0.15,0.075,1.18,807.0400000000001,37277.1776,6.485575221238938,-7.316014492753624,-7.289784172661871,1.7814388489208632,2,1,3
Chinese,25206,Sakura Kitchen,Ghost Kitchen,South Auckland,1.05,37.14,1256,48,1782.72,604,302,302,22432.56,11216.28,11216.28,0.26369786063442,0.34321853480069,0.3,11,3.25,981.5,700.76,2088.1,1044.05,3427.44,0.04,0.5,0.25,0.25,7260.35,5.780533439490446,0.03821656050955414,0.48089171974522293,0.24044585987261147,0.24044585987261147,0.26369786063442,0.34321853480069,0.60691639543511,0.15,0.075,0.8125,1318.8,48980.232,14.301224489795919,3.451404958677686,3.4457095709570957,11.311683168316831,2,2,2
Chinese,26176,Red Kitchen,Cafe,CBD,0.99,34.74,797,109,3786.66,344,172,172,11950.56,5975.28,5975.28,0.207925808895379,0.446247707633302,0.3,15,4.43,761.96,1309.53,547.65,273.83,1304.45,0.16,0.5,0.25,0.25,3435.46,4.310489335006274,0.13676286072772897,0.4316185696361355,0.21580928481806774,0.21580928481806774,0.207925808895379,0.446247707633302,0.654173516528681,0.15,0.075,1.1075,789.03,27410.902199999997,11.904818181818182,1.587391304347826,1.5828323699421964,7.540173410404624,2,0,0
Chinese,25693,Red Grill,Cafe,CBD,0.99,36.88,1821,364,13424.32,729,364,364,26885.52,13424.32,13424.32,0.215512109491974,0.354911531717516,0.32,8,2.36,859.04,5766.77,2946.02,1470.99,4907.73,0.25,0.5,0.25,0.25,15091.51,8.287484898407468,0.199890170236134,0.40032948929159806,0.199890170236134,0.199890170236134,0.215512109491974,0.354911531717516,0.57042364120949,0.16,0.08,0.59,1802.79,66486.8952,15.7993698630137,4.035643835616439,4.030109589041096,13.445835616438355,2,0,0
Chinese,26543,Dragon Eatery,Cafe,North Shore,1.03,34.17,1484,204,6970.68,640,320,320,21868.8,10934.4,10934.4,0.243031623307616,0.432662174850702,0.32,15,4.43,1417.6,2260.63,94.17,47.09,2128.49,0.16,0.5,0.25,0.25,4530.38,3.0528167115902964,0.13746630727762804,0.431266846361186,0.215633423180593,0.215633423180593,0.243031623307616,0.432662174850702,0.675693798158318,0.16,0.08,1.1075,1528.52,52229.5284,11.027463414634147,0.14691107644305773,0.14669781931464176,6.630809968847351,2,0,1
Chinese,25694,Golden Tavern,QSR,North Shore,1.03,40.09,738,107,4289.63,315,158,158,12628.35,6334.22,6334.22,0.256855880245566,0.439328920771368,0.29,16,4.72,745.76,1303.25,174.46,87.51,1178.67,0.17,0.5,0.25,0.25,2743.8900000000003,3.718008130081301,0.14498644986449863,0.4268292682926829,0.2140921409214092,0.2140921409214092,0.256855880245566,0.439328920771368,0.696184801016934,0.145,0.0725,1.18,760.14,30474.012600000002,12.06712962962963,0.5520886075949367,0.550377358490566,7.413018867924529,2,3,1
Chinese,25183,Golden Diner,Full-service,CBD,0.99,42.6,924,213,9073.8,355,178,178,15123.0,7582.8,7582.8,0.395718236151151,0.53493733999785,0.32,8,2.36,420.08,629.22,-3790.66,-1900.67,105.74,0.3,0.5,0.25,0.25,-4956.37,-5.364036796536796,0.23051948051948049,0.3841991341991342,0.19264069264069264,0.19264069264069264,0.395718236151151,0.53493733999785,0.930655576149001,0.16,0.08,0.59,914.76,38968.776,2.9402803738317758,-10.647921348314606,-10.618268156424582,0.5907262569832402,2,1,0
Chinese,26371,Lotus Corner,Cafe,North Shore,1.03,38.06,1246,162,6165.72,542,271,271,20628.52,10314.26,10314.26,0.230336780287325,0.355597883812152,0.27,8,2.36,639.56,2553.01,2971.85,1485.93,3631.22,0.15,0.5,0.25,0.25,10642.01,8.54093900481541,0.13001605136436598,0.434991974317817,0.2174959871589085,0.2174959871589085,0.230336780287325,0.355597883812152,0.585934664099477,0.135,0.0675,0.59,1283.38,48845.442800000004,15.662638036809817,5.473020257826888,5.4629779411764705,13.350073529411764,2,0,1
Chinese,25659,Golden House,Cafe,West Auckland,1.04,37.76,1282,186,7023.36,548,274,274,20692.48,10346.24,10346.24,0.239677734877914,0.370510710123926,0.29,8,2.36,646.64,2737.79,2065.35,1032.67,3386.44,0.17,0.5,0.25,0.25,9222.25,7.193642745709829,0.14508580343213728,0.42745709828393136,0.21372854914196568,0.21372854914196568,0.239677734877914,0.370510710123926,0.61018844500184,0.145,0.0725,0.59,1333.28,50344.6528,14.640588235294118,3.762021857923497,3.7551636363636365,12.314327272727272,2,0,3
Chinese,25700,Sakura Diner,Cafe,North Shore,1.03,35.03,1028,224,7846.72,402,201,201,14082.06,7041.03,7041.03,0.279623358305544,0.3802623182768,0.33,17,5.02,1009.02,2668.78,142.43,71.22,1385.74,0.28,0.5,0.25,0.25,4268.17,4.151916342412451,0.21789883268482493,0.39105058365758755,0.19552529182879377,0.19552529182879377,0.279623358305544,0.3802623182768,0.659885676582344,0.165,0.0825,1.255,1058.84,37091.165199999996,11.861244444444445,0.353424317617866,0.35257425742574255,6.86009900990099,2,0,1
Chinese,26265,Dragon Diner,Full-service,South Auckland,1.05,42.79,720,161,6889.19,279,140,140,11938.41,5990.6,5990.6,0.395338043500669,0.546238326467574,0.31,5,1.48,207.2,402.49,-3003.42,-1507.09,142.79,0.29,0.5,0.25,0.25,-3965.2300000000005,-5.50726388888889,0.22361111111111112,0.38750000000000007,0.19444444444444448,0.19444444444444448,0.395338043500669,0.546238326467574,0.9415763699682429,0.155,0.0775,0.37,756.0,32349.239999999998,2.4845061728395064,-10.7265,-10.688581560283687,1.012695035460993,2,1,2
Chinese,25580,Sakura Corner,Cafe,CBD,0.99,35.24,810,129,4545.96,341,170,170,12016.84,5990.8,5990.8,0.27675179714337,0.438894295063801,0.3,16,4.72,802.4,1292.66,-188.02,-93.73,901.11,0.19,0.5,0.25,0.25,1912.02,2.3605185185185187,0.15925925925925927,0.42098765432098767,0.20987654320987656,0.20987654320987656,0.27675179714337,0.438894295063801,0.715646092207171,0.15,0.075,1.18,801.9,28258.956,9.943538461538463,-0.549766081871345,-0.5481286549707602,5.269649122807017,2,0,0
Chinese,25296,Golden Diner,Full-service,West Auckland,1.04,40.39,2041,593,23951.27,724,362,362,29242.36,14621.18,14621.18,0.358275461453013,0.5466285669012,0.31,11,3.25,1176.5,2277.67,-6284.3,-3142.15,213.92,0.41,0.5,0.25,0.25,-6934.860000000001,-3.3977756001959825,0.29054385105340524,0.35472807447329746,0.17736403723664873,0.17736403723664873,0.358275461453013,0.5466285669012,0.9049040283542129,0.155,0.0775,0.8125,2122.64,85733.42959999999,3.8344612794612796,-8.668000000000001,-8.656060606060606,0.5893112947658402,2,1,3
Chinese,25070,Red Grill,Cafe,South Auckland,1.05,37.27,1820,364,13566.28,728,364,364,27132.56,13566.28,13566.28,0.279364249650389,0.412589256395586,0.33,16,4.72,1718.08,4179.04,-595.65,-297.83,2460.96,0.25,0.5,0.25,0.25,5746.52,3.1574285714285715,0.19999999999999998,0.39999999999999997,0.19999999999999998,0.19999999999999998,0.279364249650389,0.412589256395586,0.6919535060459749,0.165,0.0825,1.18,1911.0,71222.97000000002,11.449424657534246,-0.8170781893004115,-0.8159726027397259,6.742356164383562,2,0,2
Chinese,25071,Sakura Cafe,Full-service,North Shore,1.03,31.82,640,132,4200.24,254,127,127,8082.28,4041.14,4041.14,0.394447506195866,0.456484517152421,0.31,8,2.36,299.72,626.12,-1300.7,-650.35,302.68,0.26,0.5,0.25,0.25,-1022.25,-1.597265625,0.20625,0.396875,0.1984375,0.1984375,0.394447506195866,0.456484517152421,0.850932023348287,0.155,0.0775,0.59,659.2,20975.744,4.707669172932331,-5.10078431372549,-5.080859375,2.3646875,2,1,1
Chinese,25221,Red Diner,QSR,North Shore,1.03,36.55,1230,178,6505.9,526,263,263,19225.3,9612.65,9612.65,0.20621140897274,0.414861785247922,0.32,11,3.25,854.75,2465.26,1132.89,566.44,2787.74,0.17,0.5,0.25,0.25,6952.33,5.65230081300813,0.14471544715447154,0.4276422764227642,0.2138211382113821,0.2138211382113821,0.20621140897274,0.414861785247922,0.621073194220662,0.16,0.08,0.8125,1266.9,46305.195,13.772402234636873,2.149696394686907,2.145606060606061,10.559621212121211,2,3,1
Chinese,25219,Red House,Full-service,CBD,0.99,31.77,966,266,8450.82,350,175,175,11119.5,5559.75,5559.75,0.381094532250427,0.512531927647069,0.3,18,5.31,929.25,898.94,-2153.03,-1076.51,-337.84,0.38,0.5,0.25,0.25,-2668.4400000000005,-2.7623602484472056,0.2753623188405797,0.36231884057971014,0.18115942028985507,0.18115942028985507,0.381094532250427,0.512531927647069,0.893626459897496,0.15,0.075,1.3275,956.34,30382.9218,3.3668164794007494,-6.1339886039886045,-6.116534090909091,-1.9195454545454544,2,1,0
Chinese,25508,Dragon Tavern,Cafe,West Auckland,1.04,43.74,1165,225,9841.5,470,235,235,20557.8,10278.9,10278.9,0.201465280093253,0.376539960876107,0.32,4,1.18,277.3,4153.06,2096.79,1048.39,4060.34,0.24,0.5,0.25,0.25,11358.580000000002,9.74985407725322,0.19313304721030045,0.4034334763948498,0.2017167381974249,0.2017167381974249,0.201465280093253,0.376539960876107,0.57800524096936,0.16,0.08,0.295,1211.6000000000001,52995.384,18.376371681415932,4.451783439490446,4.442330508474576,17.204830508474576,2,0,3
Chinese,26315,Golden Bistro,Full-service,North Shore,1.03,40.26,2090,618,24880.68,736,368,368,29631.36,14815.68,14815.68,0.399164941266645,0.463204497657716,0.29,12,3.54,1302.72,3424.34,-4514.91,-2257.46,736.37,0.42,0.5,0.25,0.25,-2611.66,-1.2495980861244018,0.29569377990430623,0.35215311004784694,0.17607655502392347,0.17607655502392347,0.399164941266645,0.463204497657716,0.862369438924361,0.145,0.0725,0.885,2152.7000000000003,86667.70199999999,5.53205169628433,-6.12606512890095,-6.1177777777777775,1.9955826558265584,2,1,1
Chinese,25318,Golden Tavern,QSR,North Shore,1.03,31.35,1178,162,5078.7,508,254,254,15925.8,7962.9,7962.9,0.248687975779176,0.399860312812962,0.3,3,0.89,226.06,1784.92,819.41,409.7,2572.51,0.16,0.5,0.25,0.25,5586.54,4.742393887945671,0.13752122241086587,0.431239388794567,0.2156196943972835,0.2156196943972835,0.248687975779176,0.399860312812962,0.6485482885921381,0.15,0.075,0.2225,1213.34,38038.209,10.95042944785276,1.6098428290766207,1.6066666666666667,10.088274509803922,2,3,1
Chinese,26302,Sakura Tavern,Cafe,CBD,0.99,30.28,1382,190,5753.2,596,298,298,18046.88,9023.44,9023.44,0.205369649510831,0.387487425445579,0.33,9,2.66,792.68,2342.37,1392.19,696.09,2881.15,0.16,0.5,0.25,0.25,7311.799999999999,5.290738060781476,0.1374819102749638,0.43125904486251804,0.21562952243125902,0.21562952243125902,0.205369649510831,0.387487425445579,0.59285707495641,0.165,0.0825,0.665,1368.18,41428.4904,12.26371727748691,2.3319765494137354,2.3280602006688964,9.635953177257525,2,0,0
Chinese,26520,Golden Eatery,QSR,West Auckland,1.04,36.1,1380,136,4909.6,622,311,311,22454.2,11227.1,11227.1,0.231766770388931,0.424708562181331,0.28,10,2.95,917.45,1686.57,1426.4,713.2,2939.34,0.11,0.5,0.25,0.25,6765.51,4.90254347826087,0.09855072463768116,0.45072463768115945,0.22536231884057972,0.22536231884057972,0.231766770388931,0.424708562181331,0.656475332570262,0.14,0.07,0.7375,1435.2,51810.72,12.3107299270073,2.289566613162119,2.285897435897436,9.420961538461539,2,3,3
Chinese,25350,Sakura Corner,Full-service,West Auckland,1.04,37.81,1182,258,9754.98,462,231,231,17468.22,8734.11,8734.11,0.395334879145958,0.455881052440964,0.31,8,2.36,545.16,1451.39,-2816.16,-1408.08,754.34,0.28,0.5,0.25,0.25,-2018.5099999999993,-1.707707275803722,0.2182741116751269,0.3908629441624366,0.1954314720812183,0.1954314720812183,0.395334879145958,0.455881052440964,0.851215931586922,0.155,0.0775,0.59,1229.28,46479.0768,5.603822393822394,-6.082419006479482,-6.069310344827586,3.2514655172413796,2,1,3
Chinese,25877,Lotus Grill,QSR,North Shore,1.03,39.45,1843,307,12111.15,768,384,384,30297.6,15148.8,15148.8,0.231631634328514,0.350606797146611,0.3,4,1.18,453.12,5059.57,3567.89,1783.95,5875.47,0.2,0.5,0.25,0.25,16286.880000000001,8.837156809549647,0.16657623440043406,0.4167118827997829,0.20835594139989144,0.20835594139989144,0.231631634328514,0.350606797146611,0.582238431475125,0.15,0.075,0.295,1898.29,74887.5405,16.427175324675325,4.6396488946684,4.633636363636364,15.260961038961039,2,3,1
Chinese,26321,Sakura Eatery,Full-service,North Shore,1.03,41.87,896,184,7704.08,356,178,178,14905.72,7452.86,7452.86,0.392359723895788,0.527107211994007,0.31,4,1.18,210.04,620.43,-3420.37,-1710.18,390.16,0.26,0.5,0.25,0.25,-4119.96,-4.598169642857143,0.20535714285714288,0.3973214285714286,0.1986607142857143,0.1986607142857143,0.392359723895788,0.527107211994007,0.919466935889795,0.155,0.0775,0.295,922.88,38640.9856,3.3536756756756754,-9.580868347338935,-9.554078212290504,2.1796648044692737,2,1,1
Chinese,25960,Red Kitchen,Cafe,North Shore,1.03,31.06,1454,318,9877.08,568,284,284,17642.08,8821.04,8821.04,0.248581511806697,0.39416928270366,0.28,7,2.07,587.88,3528.58,1362.84,681.42,2563.43,0.28,0.5,0.25,0.25,8136.27,5.595784044016506,0.21870701513067398,0.390646492434663,0.1953232462173315,0.1953232462173315,0.248581511806697,0.39416928270366,0.642750794510357,0.14,0.07,0.5175,1497.6200000000001,46516.07720000001,11.061379310344828,2.3951493848857646,2.3909473684210525,8.994491228070174,2,0,1
Chinese,26417,Golden Tavern,Cafe,West Auckland,1.04,34.53,1423,311,10738.83,556,278,278,19198.68,9599.34,9599.34,0.253148416317999,0.426089535560459,0.28,17,5.02,1395.56,3444.61,782.58,391.29,1683.54,0.28,0.5,0.25,0.25,6302.02,4.428685874912158,0.21855235418130708,0.39072382290934643,0.19536191145467321,0.19536191145467321,0.253148416317999,0.426089535560459,0.6792379518784579,0.14,0.07,1.255,1479.92,51101.6376,11.040416666666667,1.404991023339318,1.40247311827957,6.034193548387097,2,0,3
Chinese,25691,Golden Bistro,QSR,West Auckland,1.04,41.14,1404,172,7076.08,616,308,308,25342.24,12671.12,12671.12,0.244977448247373,0.424303243448958,0.27,10,2.95,908.6,2340.2,1538.76,769.38,3281.98,0.14,0.5,0.25,0.25,7930.32,5.648376068376068,0.12250712250712249,0.43874643874643876,0.21937321937321938,0.21937321937321938,0.244977448247373,0.424303243448958,0.669280691696331,0.135,0.0675,0.7375,1460.16,60070.98240000001,13.527167630057802,2.493938411669368,2.489902912621359,10.621294498381877,2,3,3
Chinese,25517,Dragon House,Cafe,CBD,0.99,36.2,1800,336,12163.2,732,366,366,26498.4,13249.2,13249.2,0.212974373381585,0.441601479123347,0.31,15,4.43,1621.38,4201.46,938.68,469.34,2955.21,0.23,0.5,0.25,0.25,8564.69,4.758161111111112,0.18666666666666668,0.4066666666666667,0.20333333333333334,0.20333333333333334,0.212974373381585,0.441601479123347,0.654575852504932,0.155,0.0775,1.1075,1782.0,64508.4,12.467240356083087,1.280600272851296,1.2788555858310626,8.052343324250682,2,0,0
Chinese,25761,Red Diner,Cafe,CBD,0.99,42.32,704,112,4739.84,296,148,148,12526.72,6263.36,6263.36,0.2523854868114,0.430818550032564,0.32,6,1.77,261.96,1501.56,-40.14,-20.07,1722.25,0.19,0.5,0.25,0.25,3163.6,4.4937499999999995,0.1590909090909091,0.42045454545454547,0.21022727272727273,0.21022727272727273,0.2523854868114,0.430818550032564,0.683204036843964,0.16,0.08,0.4425,696.96,29495.3472,13.288141592920354,-0.13515151515151516,-0.1346979865771812,11.558724832214764,2,0,0
Chinese,25801,Golden Eatery,Cafe,North Shore,1.03,34.24,679,135,4622.4,272,136,136,9313.28,4656.64,4656.64,0.273595393132418,0.366750952135772,0.29,7,2.07,281.52,1662.46,648.7,324.35,1393.26,0.25,0.5,0.25,0.25,4028.7699999999995,5.933387334315169,0.19882179675994108,0.4005891016200295,0.20029455081001474,0.20029455081001474,0.273595393132418,0.366750952135772,0.64034634526819,0.145,0.0725,0.5175,699.37,23946.4288,12.223970588235295,2.376190476190476,2.3675182481751826,10.16978102189781,2,0,1
Chinese,25036,Lotus Tavern,Cafe,South Auckland,1.05,36.56,1578,251,9176.56,663,332,332,24239.28,12137.92,12137.92,0.23573942931369,0.415051110228524,0.31,10,2.95,979.4,3204.54,950.41,475.92,3259.28,0.19,0.5,0.25,0.25,7890.15,5.00009505703422,0.1590621039290241,0.4201520912547529,0.21039290240811157,0.21039290240811157,0.23573942931369,0.415051110228524,0.650790539542214,0.155,0.0775,0.7375,1656.9,60576.263999999996,12.71642857142857,1.4313403614457831,1.4291891891891892,9.787627627627629,2,0,2
Chinese,25572,Sakura House,Ghost Kitchen,West Auckland,1.04,33.57,677,38,1275.66,319,160,160,10708.83,5371.2,5371.2,0.294790791755076,0.303496247588191,0.28,6,1.77,283.2,512.45,1303.4,653.74,1874.48,0.06,0.5,0.25,0.25,4344.07,6.416646971935007,0.05612998522895126,0.4711964549483013,0.2363367799113737,0.2363367799113737,0.294790791755076,0.303496247588191,0.598287039343267,0.14,0.07,0.4425,704.08,23635.9656,13.13974358974359,4.073125,4.060496894409938,11.642732919254659,2,2,3
Chinese,25722,Red Kitchen,Full-service,North Shore,1.03,32.05,1243,315,10095.75,464,232,232,14871.2,7435.6,7435.6,0.371724752651062,0.509835770563222,0.32,9,2.66,617.12,1195.74,-2997.45,-1498.72,263.55,0.34,0.5,0.25,0.25,-3036.8799999999997,-2.4431858407079643,0.25341914722445696,0.37329042638777155,0.18664521319388577,0.18664521319388577,0.371724752651062,0.509835770563222,0.881560523214284,0.16,0.08,0.665,1280.29,41033.2945,3.783987341772152,-6.446129032258064,-6.432274678111588,1.1311158798283263,2,1,1
Chinese,25806,Golden Kitchen,Ghost Kitchen,West Auckland,1.04,46.32,907,43,1991.76,432,216,216,20010.24,10005.12,10005.12,0.283300330804195,0.331551749072969,0.28,3,0.89,192.24,767.12,2104.04,1052.02,3661.21,0.05,0.5,0.25,0.25,7584.389999999999,8.362061742006615,0.047409040793825796,0.4762954796030871,0.23814773980154355,0.23814773980154355,0.283300330804195,0.331551749072969,0.614852079877164,0.14,0.07,0.2225,943.2800000000001,43692.729600000006,17.434545454545454,4.859214780600462,4.848018433179724,16.871935483870967,2,2,3
Chinese,26414,Golden Diner,QSR,North Shore,1.03,41.57,1591,231,9602.67,680,340,340,28267.6,14133.8,14133.8,0.21968027330935,0.377555910078809,0.32,13,3.84,1305.6,3867.61,2339.53,1169.77,4386.98,0.17,0.5,0.25,0.25,11763.89,7.394022627278441,0.14519170333123824,0.4274041483343809,0.21370207416719045,0.21370207416719045,0.21968027330935,0.377555910078809,0.597236183388159,0.16,0.08,0.96,1638.73,68122.0061,16.67073275862069,3.4354331864904557,3.4304105571847505,12.865043988269793,2,3,1
Chinese,26293,Sakura Kitchen,QSR,South Auckland,1.05,35.69,849,141,5032.29,354,177,177,12634.26,6317.13,6317.13,0.21097047034651,0.357273713103496,0.28,5,1.48,261.96,2172.72,1917.32,958.66,2465.5,0.2,0.5,0.25,0.25,7514.2,8.850647820965841,0.16607773851590105,0.41696113074204944,0.20848056537102472,0.20848056537102472,0.21097047034651,0.357273713103496,0.568244183450006,0.14,0.07,0.37,891.45,31815.850500000004,15.300845070422534,5.400901408450704,5.385730337078652,13.851123595505618,2,3,2
Chinese,26577,Golden Grill,QSR,North Shore,1.03,44.16,1066,105,4636.8,481,240,240,21240.96,10598.4,10598.4,0.273161277454346,0.373338230419904,0.32,9,2.66,638.4,1639.11,711.58,355.05,3108.14,0.11,0.5,0.25,0.25,5813.88,5.453921200750469,0.09849906191369606,0.45121951219512196,0.225140712945591,0.225140712945591,0.273161277454346,0.373338230419904,0.6464995078742499,0.16,0.08,0.665,1097.98,48486.7968,15.463301886792452,1.4763070539419088,1.4732365145228217,12.896846473029045,2,3,1
Chinese,26536,Sakura Corner,QSR,West Auckland,1.04,34.6,1570,250,8650.0,660,330,330,22836.0,11418.0,11418.0,0.227808673344553,0.356178039731458,0.27,9,2.66,877.8,3598.51,3334.36,1667.18,3872.24,0.19,0.5,0.25,0.25,12472.29,7.944133757961784,0.1592356687898089,0.42038216560509556,0.21019108280254778,0.21019108280254778,0.227808673344553,0.356178039731458,0.583986713076011,0.135,0.0675,0.665,1632.8,56494.880000000005,14.336693227091635,5.044417549167927,5.036797583081571,11.698610271903323,2,3,3
Chinese,25512,Lotus Kitchen,QSR,CBD,0.99,31.27,1364,124,3877.48,620,310,310,19387.4,9693.7,9693.7,0.256585275344551,0.395035106549039,0.31,17,5.02,1556.2,1350.84,744.08,372.04,1820.89,0.1,0.5,0.25,0.25,4287.85,3.14358504398827,0.09090909090909091,0.4545454545454546,0.2272727272727273,0.2272727272727273,0.256585275344551,0.395035106549039,0.65162038189359,0.155,0.0775,1.255,1350.36,42225.7572,10.806719999999999,1.1981964573268922,1.1962700964630226,5.854951768488746,2,3,0
Chinese,25109,Dragon Cafe,Cafe,South Auckland,1.05,40.69,1051,203,8260.07,424,212,212,17252.56,8626.28,8626.28,0.249420516099781,0.374149388237856,0.29,18,5.31,1125.72,3109.34,1491.14,745.57,2121.47,0.24,0.5,0.25,0.25,7467.52,7.105156993339677,0.19314938154138914,0.4034253092293054,0.2017126546146527,0.2017126546146527,0.249420516099781,0.374149388237856,0.623569904337637,0.145,0.0725,1.3275,1103.55,44903.4495,15.24186274509804,3.5085647058823533,3.5003286384976526,9.959953051643192,2,0,2
Chinese,25650,Lotus House,Full-service,West Auckland,1.04,40.05,1841,477,19103.85,682,341,341,27314.1,13657.05,13657.05,0.353668365778867,0.509786053118296,0.29,15,4.43,1510.63,2608.55,-4191.47,-2095.73,354.18,0.35,0.5,0.25,0.25,-3324.4700000000003,-1.8057957631721893,0.25909831613253664,0.3704508419337316,0.1852254209668658,0.1852254209668658,0.353668365778867,0.509786053118296,0.8634544188971629,0.145,0.0725,1.1075,1914.64,76681.33200000001,5.457217573221758,-6.136852122986824,-6.127865497076024,1.0356140350877192,2,1,3
Chinese,25115,Lotus Eatery,Full-service,North Shore,1.03,38.81,712,180,6985.8,266,133,133,10323.46,5161.73,5161.73,0.36330637417268,0.463121236930601,0.28,14,4.13,549.29,1212.54,-1098.7,-549.35,346.64,0.34,0.5,0.25,0.25,-88.87000000000012,-0.12481741573033725,0.25280898876404495,0.37359550561797755,0.18679775280898878,0.18679775280898878,0.36330637417268,0.463121236930601,0.826427611103281,0.14,0.07,1.0325,733.36,28461.701599999997,6.699116022099448,-4.11498127340824,-4.099626865671642,2.586865671641791,2,1,1
Chinese,25843,Lotus Corner,Full-service,West Auckland,1.04,39.71,1938,502,19934.42,718,359,359,28511.78,14255.89,14255.89,0.393492343707476,0.512955710524693,0.31,17,5.02,1802.18,1864.9,-6171.32,-3085.66,-468.51,0.35,0.5,0.25,0.25,-7860.59,-4.056031991744066,0.2590299277605779,0.37048503611971106,0.18524251805985553,0.18524251805985553,0.393492343707476,0.512955710524693,0.906448054232169,0.155,0.0775,1.255,2015.52,80036.2992,3.707554671968191,-8.583198887343531,-8.571277777777777,-1.3014166666666667,2,1,3
Chinese,26178,Golden Kitchen,Cafe,West Auckland,1.04,42.26,1530,306,12931.56,612,306,306,25863.12,12931.56,12931.56,0.211885205637664,0.435429754783399,0.31,15,4.43,1355.58,4560.77,1103.97,551.98,3205.19,0.25,0.5,0.25,0.25,9421.910000000002,6.158111111111112,0.2,0.4,0.2,0.2,0.211885205637664,0.435429754783399,0.6473149604210631,0.155,0.0775,1.1075,1591.2,67244.112,14.855928338762217,1.8009298531810767,1.7979804560260586,10.440358306188925,2,0,3
Chinese,25829,Lotus Corner,Cafe,CBD,0.99,39.95,917,133,5313.35,392,196,196,15660.4,7830.2,7830.2,0.231712181903422,0.395080887596123,0.3,9,2.66,521.36,1982.98,1146.45,573.22,2400.92,0.17,0.5,0.25,0.25,6103.570000000001,6.656019629225737,0.1450381679389313,0.42748091603053434,0.21374045801526717,0.21374045801526717,0.231712181903422,0.395080887596123,0.6267930694995449,0.15,0.075,0.665,907.83,36267.8085,14.798358208955223,2.917175572519084,2.909746192893401,12.18741116751269,2,0,0
Chinese,26636,Sakura Cafe,Ghost Kitchen,South Auckland,1.05,37.98,1702,126,4785.48,788,394,394,29928.24,14964.12,14964.12,0.255518442066386,0.326068457355723,0.33,3,0.89,350.66,2002.31,2646.05,1323.02,5910.52,0.08,0.5,0.25,0.25,11881.900000000001,6.981139835487663,0.07403055229142184,0.46298472385428907,0.23149236192714454,0.23149236192714454,0.255518442066386,0.326068457355723,0.581586899422109,0.165,0.0825,0.2225,1787.1000000000001,67874.058,15.766220472440944,3.3536755386565273,3.349417721518987,14.9633417721519,2,2,2
Chinese,25520,Golden Tavern,Full-service,West Auckland,1.04,34.9,826,170,5933.0,328,164,164,11447.2,5723.6,5723.6,0.355159955017734,0.519138809409924,0.27,12,3.54,580.56,745.79,-1651.82,-825.91,138.9,0.26,0.5,0.25,0.25,-1593.04,-1.9286198547215496,0.20581113801452783,0.39709443099273606,0.19854721549636803,0.19854721549636803,0.355159955017734,0.519138809409924,0.874298764427658,0.135,0.0675,0.885,859.0400000000001,29980.496000000003,4.361345029239766,-5.0207294832826745,-5.0055151515151515,0.8418181818181818,2,1,3
Chinese,25820,Dragon Corner,Cafe,South Auckland,1.05,32.01,1737,277,8866.77,730,365,365,23367.3,11683.65,11683.65,0.250170034579933,0.432637205859646,0.32,16,4.72,1722.8,2812.48,-65.6,-32.8,1983.17,0.19,0.5,0.25,0.25,4697.25,2.704231433506045,0.15947035118019573,0.4202648244099021,0.21013241220495105,0.21013241220495105,0.250170034579933,0.432637205859646,0.682807240439579,0.16,0.08,1.18,1823.8500000000001,58381.438500000004,10.116834532374101,-0.08974008207934336,-0.0896174863387978,5.418497267759563,2,0,2
Chinese,25375,Dragon Cafe,Cafe,CBD,0.99,39.65,1049,229,9079.85,410,205,205,16256.5,8128.25,8128.25,0.210223318692297,0.371796460123733,0.3,16,4.72,967.6,3795.2,1917.95,958.97,2429.85,0.28,0.5,0.25,0.25,9101.97,8.676806482364155,0.21830314585319355,0.3908484270734033,0.19542421353670164,0.19542421353670164,0.210223318692297,0.371796460123733,0.58201977881603,0.15,0.075,1.18,1038.51,41176.9215,16.50086956521739,4.66654501216545,4.655194174757281,11.795388349514562,2,0,0
Chinese,25941,Red Bistro,Ghost Kitchen,South Auckland,1.05,43.94,1248,92,4042.48,578,289,289,25397.32,12698.66,12698.66,0.294854726211633,0.281737700977828,0.31,7,2.07,598.23,1711.62,2880.25,1440.12,4778.48,0.08,0.5,0.25,0.25,10810.47,8.662235576923077,0.07371794871794872,0.46314102564102566,0.23157051282051283,0.23157051282051283,0.294854726211633,0.281737700977828,0.576592427189461,0.155,0.0775,0.5175,1310.4,57578.975999999995,18.404516129032256,4.974525043177893,4.965931034482758,16.47751724137931,2,2,2
Chinese,26591,Sakura House,Full-service,CBD,0.99,36.9,1633,474,17490.6,579,290,290,21365.1,10701.0,10701.0,0.396324428927619,0.504563069227152,0.33,4,1.18,342.2,1733.54,-4932.93,-2470.73,718.4,0.41,0.5,0.25,0.25,-4951.720000000001,-3.0322841396203315,0.290263319044703,0.3545621555419473,0.17758726270667485,0.17758726270667485,0.396324428927619,0.504563069227152,0.900887498154771,0.165,0.0825,0.295,1616.67,59655.123,3.649557894736842,-8.505051724137932,-8.490481099656357,2.46872852233677,2,1,0
Chinese,25054,Red Diner,QSR,South Auckland,1.05,42.92,1638,226,9699.92,706,353,353,30301.52,15150.76,15150.76,0.229495190586895,0.358006178517826,0.29,13,3.84,1355.52,4001.2,3711.89,1855.95,4894.15,0.16,0.5,0.25,0.25,14463.19,8.829786324786324,0.13797313797313795,0.431013431013431,0.2155067155067155,0.2155067155067155,0.229495190586895,0.358006178517826,0.5875013691047211,0.145,0.0725,0.96,1719.9,73818.10800000001,17.626431718061674,5.25019801980198,5.242796610169492,13.825282485875706,2,3,2
Chinese,26515,Lotus Kitchen,Cafe,CBD,0.99,41.51,1747,315,13075.65,716,358,358,29721.16,14860.58,14860.58,0.23336392775178,0.388946938468143,0.3,15,4.43,1585.94,4938.53,2309.01,1154.51,4026.74,0.22,0.5,0.25,0.25,12428.789999999999,7.114361763022323,0.18030910131654262,0.4098454493417287,0.20492272467086434,0.20492272467086434,0.23336392775178,0.388946938468143,0.622310866219923,0.15,0.075,1.1075,1729.53,71792.7903,15.628259493670885,3.2203765690376573,3.2159052924791087,11.216545961002785,2,0,0
Chinese,25555,Lotus Bistro,Cafe,CBD,0.99,30.34,763,171,5188.14,296,148,148,8980.64,4490.32,4490.32,0.279941906649619,0.444194895145483,0.29,13,3.84,568.32,1431.22,-126.96,-63.48,670.39,0.29,0.5,0.25,0.25,1911.17,2.5048099606815204,0.22411533420707735,0.38794233289646135,0.19397116644823068,0.19397116644823068,0.279941906649619,0.444194895145483,0.724136801795102,0.145,0.0725,0.96,755.37,22917.925799999997,8.321046511627907,-0.42747474747474745,-0.4260402684563758,4.499261744966443,2,0,0
Chinese,25204,Lotus Diner,Cafe,South Auckland,1.05,41.77,1160,224,9356.48,468,234,234,19548.36,9774.18,9774.18,0.242862232327461,0.440491092158481,0.31,4,1.18,276.12,2962.7,129.93,64.97,2818.84,0.24,0.5,0.25,0.25,5976.44,5.152103448275862,0.19310344827586204,0.40344827586206894,0.20172413793103447,0.20172413793103447,0.242862232327461,0.440491092158481,0.683353324485942,0.155,0.0775,0.295,1218.0,50875.86000000001,13.167555555555555,0.2770362473347548,0.276468085106383,11.995063829787235,2,0,2
Chinese,26486,Red Cafe,QSR,South Auckland,1.05,37.7,881,121,4561.7,380,190,190,14326.0,7163.0,7163.0,0.268228919859976,0.375720127648674,0.31,15,4.43,841.7,1624.2,659.73,329.86,1708.69,0.16,0.5,0.25,0.25,4322.4800000000005,4.906333711691261,0.1373439273552781,0.431328036322361,0.2156640181611805,0.2156640181611805,0.268228919859976,0.375720127648674,0.64394904750865,0.155,0.0775,1.1075,925.0500000000001,34874.385,13.313114754098361,1.7315748031496063,1.7270157068062828,8.946020942408378,2,3,2
Chinese,25844,Lotus Eatery,QSR,South Auckland,1.05,39.19,1313,209,8190.71,552,276,276,21632.88,10816.44,10816.44,0.272124186344445,0.39369796726387,0.3,12,3.54,977.04,2737.15,739.37,369.68,2637.57,0.19,0.5,0.25,0.25,6483.77,4.9381340441736485,0.15917745620715917,0.4204112718964204,0.2102056359482102,0.2102056359482102,0.272124186344445,0.39369796726387,0.6658221536083151,0.15,0.075,0.885,1378.65,54029.29350000001,13.03404761904762,1.3370162748643761,1.3345848375451264,9.521913357400722,2,3,2
Chinese,26368,Dragon Eatery,Cafe,West Auckland,1.04,40.68,1554,202,8217.36,676,338,338,27499.68,13749.84,13749.84,0.202652339376509,0.396879305806942,0.27,11,3.25,1098.5,3290.79,3587.84,1793.92,4407.88,0.15,0.5,0.25,0.25,13080.43,8.417265122265123,0.12998712998713,0.435006435006435,0.2175032175032175,0.2175032175032175,0.202652339376509,0.396879305806942,0.5995316451834509,0.135,0.0675,0.8125,1616.16,65745.3888,16.2107881773399,5.299615952732644,5.2917994100294985,13.00259587020649,2,0,3
Chinese,26690,Dragon Grill,Ghost Kitchen,CBD,0.99,31.29,1412,92,2878.68,660,330,330,20651.4,10325.7,10325.7,0.258770291029941,0.288752131327055,0.31,18,5.31,1752.3,1302.54,2942.36,1471.18,2919.85,0.07,0.5,0.25,0.25,8635.93,6.116097733711048,0.06515580736543909,0.46742209631728054,0.23371104815864027,0.23371104815864027,0.258770291029941,0.288752131327055,0.547522422356996,0.155,0.0775,1.3275,1397.8799999999999,43739.665199999996,14.005806451612903,4.451376701966717,4.444652567975831,8.82129909365559,2,2,0
Chinese,26370,Golden Diner,QSR,CBD,0.99,30.84,1398,127,3916.68,635,318,318,19583.4,9807.12,9807.12,0.263308193814009,0.405627339868806,0.27,9,2.66,845.88,1296.67,1195.85,598.87,2400.91,0.1,0.5,0.25,0.25,5492.299999999999,3.9286838340486403,0.09084406294706722,0.45422031473533614,0.22746781115879827,0.22746781115879827,0.263308193814009,0.405627339868806,0.668935533682815,0.135,0.0675,0.665,1384.02,42683.17680000001,10.130234375,1.8802672955974842,1.8773354231974921,7.5263636363636355,2,3,0
Chinese,25446,Lotus Kitchen,Full-service,North Shore,1.03,44.57,805,213,9493.41,296,148,148,13192.72,6596.36,6596.36,0.35904397550039,0.454478869610466,0.27,10,2.95,436.6,1770.3,-1101.89,-550.95,793.47,0.36,0.5,0.25,0.25,910.9299999999998,1.1315900621118011,0.2645962732919255,0.36770186335403726,0.18385093167701863,0.18385093167701863,0.35904397550039,0.454478869610466,0.813522845110856,0.135,0.0675,0.7375,829.15,36955.2155,8.272429906542056,-3.7100673400673405,-3.6976510067114097,5.325302013422819,2,1,1
Chinese,26519,Sakura Eatery,Cafe,South Auckland,1.05,31.77,1715,223,7084.71,746,373,373,23700.42,11850.21,11850.21,0.267107212133706,0.39803223637864,0.31,7,2.07,772.11,2372.39,589.21,294.6,3196.06,0.15,0.5,0.25,0.25,6452.26,3.762250728862974,0.13002915451895045,0.43498542274052476,0.21749271137026238,0.21749271137026238,0.267107212133706,0.39803223637864,0.665139448512346,0.155,0.0775,0.5175,1800.75,57209.8275,10.591026785714286,0.7887684069611781,0.7877005347593583,8.545614973262031,2,0,2
Chinese,26318,Dragon Diner,QSR,North Shore,1.03,42.82,1678,279,11946.78,699,350,350,29931.18,14987.0,14987.0,0.203611622788012,0.44503956802655,0.3,6,1.77,619.5,4197.49,1536.93,769.56,4646.16,0.2,0.5,0.25,0.25,11150.14,6.644898688915375,0.16626936829559003,0.41656734207389756,0.2085816448152563,0.2085816448152563,0.203611622788012,0.44503956802655,0.648651190814562,0.15,0.075,0.4425,1728.3400000000001,74007.51879999999,14.991035714285713,2.195614285714286,2.1924786324786325,13.236923076923077,2,3,1
Chinese,26644,Lotus Tavern,Ghost Kitchen,CBD,0.99,37.03,1390,114,4221.42,638,319,319,23625.14,11812.57,11812.57,0.279031221440528,0.331663701019715,0.28,9,2.66,848.54,1643.42,2582.35,1291.17,3750.15,0.09,0.5,0.25,0.25,9267.09,6.666971223021583,0.08201438848920864,0.4589928057553957,0.22949640287769785,0.22949640287769785,0.279031221440528,0.331663701019715,0.6106949224602429,0.14,0.07,0.665,1376.1,50956.983,14.290608695652175,4.041236306729265,4.034906250000001,11.71921875,2,2,0
Chinese,25356,Golden Bistro,Ghost Kitchen,North Shore,1.03,40.09,1576,60,2405.4,758,379,379,30388.22,15194.11,15194.11,0.254831011791248,0.203994751733262,0.29,11,3.25,1231.75,1301.74,7632.74,3816.37,6990.91,0.04,0.5,0.25,0.25,19741.76,12.526497461928933,0.03807106598984771,0.4809644670050761,0.24048223350253806,0.24048223350253806,0.254831011791248,0.203994751733262,0.45882576352451,0.145,0.0725,0.8125,1623.28,65077.29520000001,21.34,10.05631093544137,10.043078947368421,18.397131578947366,2,2,1
Chinese,25720,Red Grill,QSR,West Auckland,1.04,43.59,1158,114,4969.26,522,261,261,22753.98,11376.99,11376.99,0.208057023026049,0.386074588098563,0.28,11,3.25,848.25,2016.87,2864.01,1432.0,3769.31,0.11,0.5,0.25,0.25,10082.19,8.706554404145079,0.0984455958549223,0.4507772020725389,0.22538860103626945,0.22538860103626945,0.208057023026049,0.386074588098563,0.594131611124612,0.14,0.07,0.8125,1204.32,52496.3088,17.538,5.476118546845124,5.465648854961832,14.386679389312977,2,3,3
Chinese,25518,Lotus Kitchen,Full-service,CBD,0.99,31.18,1228,304,9478.72,462,231,231,14405.16,7202.58,7202.58,0.355425095173996,0.526120292721316,0.28,7,2.07,478.17,1122.8,-2327.09,-1163.54,375.01,0.33,0.5,0.25,0.25,-1992.82,-1.622817589576547,0.24755700325732896,0.3762214983713355,0.18811074918566775,0.18811074918566775,0.355425095173996,0.526120292721316,0.881545387895312,0.14,0.07,0.5175,1215.72,37906.1496,3.681311475409836,-5.026112311015119,-5.0152586206896554,1.6164224137931034,2,1,0
Chinese,25235,Red Grill,QSR,South Auckland,1.05,38.17,1523,163,6221.71,680,340,340,25955.6,12977.8,12977.8,0.242224811166525,0.386467837006785,0.3,10,2.95,1003.0,2310.17,1850.83,925.41,3815.75,0.12,0.5,0.25,0.25,8902.16,5.845147734734077,0.10702560735390676,0.44648719632304656,0.22324359816152328,0.22324359816152328,0.242224811166525,0.386467837006785,0.6286926481733099,0.15,0.075,0.7375,1599.15,61039.55550000001,14.08640243902439,2.7178120411160056,2.7138123167155426,11.189882697947214,2,3,2
Chinese,25604,Lotus Cafe,QSR,North Shore,1.03,45.47,856,136,6183.92,360,180,180,16369.2,8184.6,8184.6,0.268583900295198,0.364573732274584,0.29,15,4.43,797.4,2268.52,1257.85,628.92,2205.06,0.19,0.5,0.25,0.25,6360.35,7.430315420560748,0.1588785046728972,0.42056074766355145,0.21028037383177572,0.21028037383177572,0.268583900295198,0.364573732274584,0.6331576325697821,0.145,0.0725,1.1075,881.6800000000001,40089.9896,16.5585401459854,3.4843490304709137,3.474696132596685,12.182651933701656,2,3,1
Chinese,25196,Golden Diner,Cafe,West Auckland,1.04,42.51,602,78,3315.78,262,131,131,11137.62,5568.81,5568.81,0.279265898615122,0.420667344261892,0.32,12,3.54,463.74,994.96,-222.01,-111.0,1207.27,0.15,0.5,0.25,0.25,1869.22,3.105016611295681,0.12956810631229235,0.4352159468438538,0.2176079734219269,0.2176079734219269,0.279265898615122,0.420667344261892,0.699933242877014,0.16,0.08,0.885,626.08,26614.660800000005,12.594430379746836,-0.8441444866920151,-0.8409090909090909,9.145984848484849,2,0,3
Chinese,25199,Sakura Corner,QSR,North Shore,1.03,35.77,1296,188,6724.76,554,277,277,19816.58,9908.29,9908.29,0.278208652883768,0.406034040707164,0.32,12,3.54,980.58,2123.39,-84.08,-42.04,2148.03,0.17,0.5,0.25,0.25,4145.3,3.1985339506172843,0.1450617283950617,0.42746913580246915,0.21373456790123457,0.21373456790123457,0.278208652883768,0.406034040707164,0.684242693590932,0.16,0.08,0.885,1334.88,47748.657600000006,11.234867724867724,-0.15149549549549549,-0.15122302158273382,7.726726618705037,2,3,1
Chinese,25364,Lotus Cafe,QSR,South Auckland,1.05,34.32,1518,162,5559.84,678,339,339,23268.96,11634.48,11634.48,0.253805624842644,0.407516850624233,0.31,4,1.18,400.02,1882.99,667.3,333.65,3540.32,0.12,0.5,0.25,0.25,6424.26,4.232055335968379,0.10671936758893281,0.4466403162055336,0.2233201581027668,0.2233201581027668,0.253805624842644,0.407516850624233,0.661322475466877,0.155,0.0775,0.295,1593.9,54702.647999999994,11.552085889570552,0.9827687776141384,0.9813235294117646,10.412705882352942,2,3,2
Chinese,25879,Golden Tavern,Ghost Kitchen,West Auckland,1.04,39.52,873,57,2252.64,408,204,204,16124.16,8062.08,8062.08,0.255745047354139,0.26501864414895,0.3,16,4.72,962.88,1079.55,2890.03,1445.02,2900.76,0.07,0.5,0.25,0.25,8315.36,9.525040091638031,0.06529209621993128,0.46735395189003437,0.23367697594501718,0.23367697594501718,0.255745047354139,0.26501864414895,0.520763691503089,0.15,0.075,1.18,907.9200000000001,35880.9984,18.61293103448276,7.066088019559903,7.048878048780487,14.150048780487806,2,2,3
Chinese,26276,Lotus Tavern,Cafe,South Auckland,1.05,33.78,820,148,4999.44,336,168,168,11350.08,5675.04,5675.04,0.230877000335604,0.433313726494089,0.31,16,4.72,792.96,1678.86,292.94,146.47,1112.77,0.22,0.5,0.25,0.25,3231.04,3.940292682926829,0.18048780487804875,0.4097560975609756,0.2048780487804878,0.2048780487804878,0.230877000335604,0.433313726494089,0.6641907268296929,0.155,0.0775,1.18,861.0,29084.58,11.26751677852349,0.8692581602373887,0.8666863905325444,6.5844378698224855,2,0,2
Chinese,25152,Red Corner,Cafe,CBD,0.99,31.82,1151,183,5823.06,484,242,242,15400.88,7700.44,7700.44,0.218786398787051,0.404047677922063,0.29,4,1.18,285.56,2196.26,1342.43,671.22,2618.78,0.19,0.5,0.25,0.25,6828.6900000000005,5.932832319721982,0.158992180712424,0.420503909643788,0.210251954821894,0.210251954821894,0.218786398787051,0.404047677922063,0.622834076709114,0.145,0.0725,0.295,1139.49,36258.5718,11.936195652173915,2.767896907216495,2.7622222222222224,10.77687242798354,2,0,0
Chinese,25355,Dragon Eatery,Full-service,South Auckland,1.05,41.84,1038,207,8660.88,415,208,208,17363.6,8702.72,8702.72,0.379519668442663,0.478032251819968,0.33,10,2.95,613.6,1233.73,-3256.58,-1632.21,626.09,0.25,0.5,0.25,0.25,-3028.97,-2.918082851637765,0.19942196531791906,0.39980732177263967,0.2003853564547206,0.2003853564547206,0.379519668442663,0.478032251819968,0.8575519202626309,0.165,0.0825,0.7375,1089.9,45601.416,5.9313942307692304,-7.828317307692307,-7.809617224880383,2.9956459330143543,2,1,2
Chinese,25213,Golden House,QSR,West Auckland,1.04,40.32,595,59,2378.88,268,134,134,10805.76,5402.88,5402.88,0.251114022769034,0.397714350628667,0.29,8,2.36,316.24,835.4,661.01,330.5,1581.1,0.11,0.5,0.25,0.25,3408.0099999999998,5.727747899159663,0.09915966386554621,0.45042016806722684,0.22521008403361342,0.22521008403361342,0.251114022769034,0.397714350628667,0.6488283733977009,0.145,0.0725,0.59,618.8000000000001,24950.016000000003,13.923333333333334,2.45728624535316,2.448148148148148,11.71185185185185,2,3,3
Chinese,26654,Golden Kitchen,Cafe,South Auckland,1.05,40.0,1136,248,9920.0,444,222,222,17760.0,8880.0,8880.0,0.233386963326484,0.438896401575767,0.27,4,1.18,261.96,3250.95,1025.05,512.52,2648.16,0.28,0.5,0.25,0.25,7436.68,6.54637323943662,0.21830985915492956,0.3908450704225352,0.1954225352112676,0.1954225352112676,0.233386963326484,0.438896401575767,0.672283364902251,0.135,0.0675,0.295,1192.8,47712.0,13.056024096385542,2.3034831460674154,2.2982959641255603,11.875156950672645,2,0,2
Chinese,25358,Red Eatery,Cafe,North Shore,1.03,32.21,603,91,2931.11,256,128,128,8245.76,4122.88,4122.88,0.213019451089203,0.381274681887589,0.29,12,3.54,453.12,1189.17,954.08,477.04,1219.56,0.18,0.5,0.25,0.25,3839.85,6.367910447761194,0.15091210613598674,0.42454394693200664,0.21227197346600332,0.21227197346600332,0.213019451089203,0.381274681887589,0.594294132976792,0.145,0.0725,0.885,621.09,20005.3089,12.925760869565218,3.7123735408560314,3.697984496124031,9.453953488372093,2,0,1
Chinese,25938,Dragon Corner,Ghost Kitchen,CBD,0.99,43.11,1399,115,4957.65,642,321,321,27676.62,13838.31,13838.31,0.27334766110871,0.246361427556258,0.28,16,4.72,1515.12,2381.11,5543.38,2771.69,5131.29,0.09,0.5,0.25,0.25,15827.470000000001,11.313416726233024,0.08220157255182274,0.45889921372408865,0.22944960686204433,0.22944960686204433,0.27334766110871,0.246361427556258,0.519709088664968,0.14,0.07,1.18,1385.01,59707.78109999999,20.526810344827588,8.621119751166407,8.607732919254659,15.935683229813664,2,2,0
Chinese,25964,Lotus Eatery,QSR,CBD,0.99,35.79,1326,162,5797.98,582,291,291,20829.78,10414.89,10414.89,0.252573682460934,0.381500149774365,0.29,6,1.77,515.07,2121.63,1581.53,790.76,3296.01,0.14,0.5,0.25,0.25,7789.93,5.8747586726998495,0.12217194570135748,0.4389140271493213,0.21945701357466066,0.21945701357466066,0.252573682460934,0.381500149774365,0.634073832235299,0.145,0.0725,0.4425,1312.74,46982.96459999999,13.016134969325154,2.7127444253859347,2.708082191780822,11.287705479452056,2,3,0
Chinese,25641,Red House,Cafe,North Shore,1.03,43.92,1198,262,11507.04,468,234,234,20554.56,10277.28,10277.28,0.207899869717658,0.362047634436749,0.32,15,4.43,1036.62,4948.63,2262.08,1131.04,3383.15,0.28,0.5,0.25,0.25,11724.9,9.787061769616026,0.21869782971619367,0.39065108514190316,0.19532554257095158,0.19532554257095158,0.207899869717658,0.362047634436749,0.569947504154407,0.16,0.08,1.1075,1233.94,54194.6448,18.816083650190116,4.8231982942430704,4.812936170212766,14.396382978723405,2,0,1
Chinese,25919,Golden Grill,Cafe,North Shore,1.03,31.04,1663,363,11267.52,650,325,325,20176.0,10088.0,10088.0,0.243415899220854,0.399870697432198,0.3,16,4.72,1534.0,4019.28,1144.25,572.12,2064.52,0.28,0.5,0.25,0.25,7800.17,4.690420926037282,0.21828021647624773,0.3908598917618761,0.19542994588093804,0.19542994588093804,0.243415899220854,0.399870697432198,0.643286596653052,0.15,0.075,1.18,1712.89,53168.1056,11.041978021978023,1.7576804915514592,1.7549693251533742,6.332883435582822,2,0,1
Indian,25665,Tandoori Diner,QSR,North Shore,1.03,37.29,570,70,2610.3,250,150,100,9322.5,5593.5,3729.0,0.243980130646378,0.447680360660888,0.32,13,3.84,384.0,804.86,-108.7,-65.22,765.8,0.14,0.5,0.3,0.2,1396.7399999999998,2.4504210526315786,0.12280701754385966,0.4385964912280702,0.2631578947368421,0.1754385964912281,0.243980130646378,0.447680360660888,0.691660491307266,0.16,0.096,0.768,587.1,21892.959,11.33605633802817,-0.43306772908366536,-0.4319205298013245,7.582178217821782,3,3,1
Indian,25382,Spice Kitchen,Full-service,South Auckland,1.05,44.63,1749,403,17985.89,673,404,269,30035.99,18030.52,12005.47,0.369725375855342,0.462683936930262,0.33,10,2.95,793.55,3014.27,-4878.12,-2928.32,1218.45,0.3,0.5,0.3,0.2,-3573.7200000000003,-2.043293310463122,0.23041738136077755,0.3847913093196112,0.23098913664951398,0.15380217267009716,0.369725375855342,0.462683936930262,0.832409312785604,0.165,0.099,0.5900000000000001,1836.45,81960.76350000002,7.461064356435643,-7.237566765578634,-7.23041975308642,4.512777777777778,3,1,2
Indian,25300,Curry Diner,Full-service,North Shore,1.03,36.63,885,115,4212.45,385,231,154,14102.55,8461.53,5641.02,0.394670888595283,0.470167292584665,0.29,15,4.43,682.22,569.36,-2183.61,-1310.17,80.23,0.15,0.5,0.3,0.2,-2844.19,-3.213774011299435,0.12994350282485875,0.4350282485875706,0.2610169491525424,0.17401129943502827,0.394670888595283,0.470167292584665,0.8648381811799479,0.145,0.087,0.886,911.5500000000001,33390.0765,4.908275862068965,-5.657020725388602,-5.647284482758621,0.5176129032258064,3,1,1
Indian,25058,Tandoori Kitchen,Full-service,CBD,0.99,40.43,1256,251,10147.93,502,302,201,20295.86,12209.86,8126.43,0.381141291733366,0.473784336866811,0.3,6,1.77,355.77,1472.2,-3144.35,-1891.62,823.17,0.25,0.5,0.3,0.2,-2740.5999999999995,-2.1820063694267513,0.1998407643312102,0.3996815286624204,0.24044585987261147,0.16003184713375795,0.381141291733366,0.473784336866811,0.854925628600177,0.15,0.09,0.35400000000000004,1243.44,50272.279200000004,5.842063492063493,-6.251192842942346,-6.242970297029703,4.07509900990099,3,1,0
Indian,25535,Royal Eatery,QSR,West Auckland,1.04,39.74,581,66,2622.84,258,154,103,10252.92,6119.96,4093.22,0.263628536202014,0.44126284015365,0.31,3,0.89,91.67,774.02,-152.68,-91.13,1116.27,0.13,0.5,0.3,0.2,1646.48,2.8338726333907056,0.1135972461273666,0.44406196213425125,0.2650602409638554,0.17728055077452665,0.263628536202014,0.44126284015365,0.704891376355664,0.155,0.093,0.17800000000000002,604.24,24012.497600000002,11.552537313432836,-0.5894980694980695,-0.5879354838709677,10.733365384615384,3,3,3
Indian,25141,Tandoori Corner,QSR,South Auckland,1.05,43.28,901,81,3505.68,410,246,164,17744.8,10646.88,7097.92,0.252808979973197,0.406785128777847,0.31,12,3.54,580.56,1193.35,539.55,323.73,1835.61,0.1,0.5,0.3,0.2,3892.24,4.319911209766925,0.08990011098779134,0.4550499445061043,0.2730299667036626,0.18201997780244175,0.252808979973197,0.406785128777847,0.659594108751044,0.155,0.093,0.7080000000000001,946.0500000000001,40945.044,14.553048780487805,1.3127737226277372,1.3106477732793522,11.12490909090909,3,3,2
Indian,25735,Tandoori Bistro,QSR,CBD,0.99,32.13,706,86,2763.18,310,186,124,9960.3,5976.18,3984.12,0.263643089570105,0.413649753807113,0.29,12,3.54,438.96,891.7,325.77,195.46,846.74,0.14,0.5,0.3,0.2,2259.67,3.2006657223796036,0.12181303116147309,0.43909348441926344,0.2634560906515581,0.17563739376770537,0.263643089570105,0.413649753807113,0.6772928433772181,0.145,0.087,0.7080000000000001,698.9399999999999,22456.942199999998,10.249425287356322,1.0474919614147908,1.0452406417112299,6.77392,3,3,0
Indian,26216,Bombay Eatery,Full-service,South Auckland,1.05,37.73,566,137,5169.01,214,129,86,8074.22,4867.17,3244.78,0.371765008277725,0.523461820045486,0.29,17,5.02,431.72,541.57,-1495.56,-901.53,-91.75,0.32,0.5,0.3,0.2,-1947.27,-3.4404063604240283,0.2420494699646643,0.37809187279151946,0.22791519434628976,0.1519434628975265,0.371765008277725,0.523461820045486,0.895226828323211,0.145,0.087,1.004,594.3000000000001,22422.939000000002,3.924420289855073,-6.956093023255813,-6.934846153846154,-1.0545977011494252,3,1,2
Indian,25732,Royal Cafe,Ghost Kitchen,North Shore,1.03,32.46,1047,95,3083.7,476,286,190,15450.96,9283.56,6167.4,0.292296414996963,0.249709661793895,0.32,18,5.31,1008.9,1412.32,2132.14,1281.07,1815.73,0.1,0.5,0.3,0.2,6641.26,6.343132760267431,0.09073543457497611,0.4546322827125119,0.2731614135625597,0.18147086914995222,0.292296414996963,0.249709661793895,0.542006076790858,0.16,0.096,1.062,1078.41,35005.1886,14.711666666666666,4.469895178197064,4.463658536585366,9.506439790575916,3,2,1
Indian,25383,Bombay Grill,Cafe,CBD,0.99,32.51,583,71,2308.21,256,154,102,8322.56,5006.54,3316.02,0.277262946683913,0.355963276606053,0.27,4,1.18,120.36,846.59,805.41,484.5,1095.87,0.14,0.5,0.3,0.2,3232.37,5.5443739279588335,0.12178387650085762,0.4391080617495711,0.2641509433962264,0.17495711835334476,0.277262946683913,0.355963276606053,0.6332262232899659,0.135,0.081,0.236,577.17,18763.796700000003,11.758194444444445,3.1338910505836575,3.1258064516129034,10.639514563106795,3,0,0
Indian,26143,Spice Corner,QSR,CBD,0.99,35.17,887,73,2567.41,407,244,163,14314.19,8581.48,5732.71,0.259326546024531,0.369964506500401,0.32,16,4.72,769.36,951.76,725.86,435.16,1355.81,0.09,0.5,0.3,0.2,3468.5899999999997,3.910473506200676,0.08229988726042842,0.4588500563697859,0.27508455467869225,0.1837655016910936,0.259326546024531,0.369964506500401,0.629291052524932,0.16,0.096,0.944,878.13,30883.832099999996,12.861621621621621,1.7790686274509804,1.7761632653061226,8.267134146341464,3,3,0
Indian,26095,Royal Diner,Full-service,North Shore,1.03,46.14,758,188,8674.32,285,171,114,13149.9,7889.94,5259.96,0.35553887799615,0.487396939657629,0.27,15,4.43,505.02,1362.42,-1485.09,-891.06,321.13,0.33,0.5,0.3,0.2,-692.5999999999998,-0.913720316622691,0.2480211081794195,0.3759894459102902,0.2255936675461741,0.15039577836411608,0.35553887799615,0.487396939657629,0.842935817653779,0.135,0.081,0.886,780.74,36023.3436,7.208571428571429,-5.192622377622377,-5.180581395348837,2.7924347826086957,3,1,1
Indian,25421,Curry Cafe,Cafe,West Auckland,1.04,43.91,1265,115,5049.65,575,345,230,25248.25,15148.95,10099.3,0.2610485361889,0.419636834273115,0.33,5,1.48,340.4,1612.43,-269.79,-161.87,2884.45,0.1,0.5,0.3,0.2,4065.22,3.2136126482213436,0.09090909090909088,0.4545454545454545,0.2727272727272727,0.18181818181818177,0.2610485361889,0.419636834273115,0.680685370462015,0.165,0.099,0.296,1315.6000000000001,57767.996000000014,13.900258620689655,-0.4683854166666667,-0.46783236994219657,12.486796536796536,3,0,3
Indian,25624,Tandoori Cafe,Cafe,South Auckland,1.05,44.45,592,63,2800.35,264,159,106,11734.8,7067.55,4711.7,0.24694876331836,0.444818848767318,0.3,10,2.95,312.7,863.16,96.61,58.18,1139.6,0.12,0.5,0.3,0.2,2157.5499999999997,3.6445101351351346,0.10641891891891891,0.4459459459459459,0.2685810810810811,0.17905405405405403,0.24694876331836,0.444818848767318,0.6917676120856779,0.15,0.09,0.5900000000000001,621.6,27630.120000000003,13.486875,0.36456603773584906,0.363625,10.650467289719625,3,0,2
Indian,25138,Tandoori Corner,Full-service,CBD,0.99,32.44,1944,493,15992.92,726,435,290,23551.44,14111.4,9407.6,0.360403733514249,0.534040835872293,0.32,6,1.77,513.3,1688.14,-5050.48,-3026.11,479.72,0.34,0.5,0.3,0.2,-5908.729999999999,-3.0394701646090527,0.2536008230452675,0.3734567901234568,0.22376543209876543,0.1491769547325103,0.360403733514249,0.534040835872293,0.8944445693865419,0.16,0.096,0.35400000000000004,1924.56,62432.7264,3.417287449392713,-6.947015130674002,-6.940619266055046,1.6485223367697595,3,1,0
Indian,26033,Tandoori Eatery,Cafe,South Auckland,1.05,38.54,624,76,2929.04,274,164,110,10559.96,6320.56,4239.4,0.209710792731494,0.378078755852766,0.28,11,3.25,357.5,1207.38,1396.14,835.64,1390.02,0.14,0.5,0.3,0.2,4829.18,7.739070512820513,0.12179487179487179,0.4391025641025641,0.26282051282051283,0.17628205128205127,0.209710792731494,0.378078755852766,0.58778954858426,0.14,0.084,0.65,655.2,25251.408,15.680259740259741,5.076872727272727,5.064484848484849,12.522702702702702,3,0,2
Indian,25389,Curry Bistro,QSR,South Auckland,1.05,42.54,1741,186,7912.44,778,466,311,33096.12,19823.64,13229.94,0.237165483646095,0.359869566210546,0.31,17,5.02,1561.22,3188.44,3076.78,1842.9,3769.98,0.12,0.5,0.3,0.2,11878.1,6.822573233773693,0.10683515221137277,0.44686961516369905,0.26766226306720275,0.17863296955772545,0.237165483646095,0.359869566210546,0.597035049856641,0.155,0.093,1.004,1828.0500000000002,77765.247,17.05048128342246,3.949653401797176,3.946252676659529,12.08326923076923,3,3,2
Indian,26119,Spice Kitchen,QSR,CBD,0.99,31.17,1643,176,5485.92,734,440,293,22878.78,13714.8,9132.81,0.273105763569474,0.43161711092107,0.28,17,5.02,1470.86,1619.87,349.52,209.52,1225.85,0.12,0.5,0.3,0.2,3404.7599999999998,2.0722824102251978,0.10712111990261718,0.44674376141205113,0.2678027997565429,0.17833231892878879,0.273105763569474,0.43161711092107,0.704722874490544,0.14,0.084,1.004,1626.57,50700.1869,9.15180790960452,0.4755374149659864,0.47510204081632657,4.169557823129251,3,3,0
Indian,25860,Spice Kitchen,Ghost Kitchen,West Auckland,1.04,42.47,1443,81,3440.07,681,409,272,28922.07,17370.23,11551.84,0.278154794010334,0.256144532747567,0.32,5,1.48,402.56,1602.04,4213.97,2530.85,4977.14,0.06,0.5,0.3,0.2,13324.0,9.233541233541233,0.05613305613305614,0.471933471933472,0.28343728343728347,0.18849618849618852,0.278154794010334,0.256144532747567,0.534299326757901,0.16,0.096,0.296,1500.72,63735.57839999999,19.537073170731706,6.17884164222874,6.1728048780487805,18.23128205128205,3,2,3
Indian,26116,Spice Eatery,QSR,West Auckland,1.04,44.88,1594,118,5295.84,738,443,295,33121.44,19881.84,13239.6,0.230957443099469,0.384151643840596,0.3,14,4.13,1218.35,2038.32,2811.71,1687.79,3877.45,0.08,0.5,0.3,0.2,10415.27,6.534046424090339,0.0740276035131744,0.4629861982434128,0.2779171894604768,0.185069008782936,0.230957443099469,0.384151643840596,0.615109086940065,0.15,0.09,0.8260000000000001,1657.76,74400.2688,17.128739495798317,3.804749661705007,3.801328828828829,13.099493243243243,3,3,3
Indian,26161,Tandoori Corner,Cafe,North Shore,1.03,40.56,1339,154,6246.24,592,356,237,24011.52,14439.36,9612.72,0.236810072418302,0.373786477418616,0.28,16,4.72,1118.64,2432.31,2626.94,1579.72,2624.59,0.13,0.5,0.3,0.2,9263.560000000001,6.918267363704258,0.11501120238984315,0.4421209858103062,0.26587005227781924,0.17699775952203134,0.236810072418302,0.373786477418616,0.6105965498369179,0.14,0.084,0.944,1379.17,55939.135200000004,15.692322580645161,4.42991568296796,4.424985994397759,11.027689075630253,3,0,1
Indian,26646,Tandoori Corner,Ghost Kitchen,South Auckland,1.05,47.11,1503,98,4616.78,702,422,281,33071.22,19880.42,13237.91,0.296738956868649,0.203849173965864,0.29,11,3.25,913.25,2305.67,6925.51,4163.2,5697.92,0.07,0.5,0.3,0.2,19092.300000000003,12.702794411177647,0.06520292747837657,0.46706586826347307,0.28077178975382566,0.18695941450432468,0.296738956868649,0.203849173965864,0.500588130834513,0.145,0.087,0.65,1578.15,74346.6465,23.28959595959596,9.851365576102419,9.842080378250591,20.205390070921986,3,2,2
Indian,25597,Bombay Corner,Cafe,West Auckland,1.04,41.2,585,53,2183.6,266,160,106,10959.2,6592.0,4367.2,0.215882114935666,0.360027099936269,0.31,3,0.89,94.34,926.04,1250.34,752.09,1757.75,0.1,0.5,0.3,0.2,4686.22,8.010632478632479,0.09059829059829058,0.45470085470085464,0.2735042735042735,0.18119658119658116,0.215882114935666,0.360027099936269,0.575909214871935,0.155,0.093,0.17800000000000002,608.4,25066.080000000005,17.148888888888887,4.682921348314607,4.671366459627329,16.427570093457945,3,0,3
Indian,25057,Curry Cafe,QSR,North Shore,1.03,45.38,976,72,3267.36,452,271,181,20511.76,12297.98,8213.78,0.262995909061283,0.41001464955043,0.32,3,0.89,161.09,1068.39,143.37,85.96,2524.73,0.08,0.5,0.3,0.2,3822.4500000000003,3.916444672131148,0.0737704918032787,0.46311475409836067,0.2776639344262295,0.18545081967213117,0.262995909061283,0.41001464955043,0.673010558611713,0.16,0.096,0.17800000000000002,1005.28,45619.6064,14.635479452054796,0.31649006622516557,0.31602941176470584,13.872142857142856,3,3,1
Indian,25977,Tandoori Bistro,Ghost Kitchen,CBD,0.99,33.66,1249,59,1985.94,595,357,238,20027.7,12016.62,8011.08,0.289944035583176,0.275072239502333,0.31,6,1.77,421.26,863.85,2503.14,1501.88,3063.43,0.05,0.5,0.3,0.2,7932.299999999999,6.350920736589271,0.047237790232185745,0.4763811048839071,0.28582866293034426,0.19055244195356283,0.289944035583176,0.275072239502333,0.565016275085509,0.155,0.093,0.35400000000000004,1236.51,41620.926600000006,14.3975,4.19989932885906,4.195195530726258,12.817698744769874,3,2,0
Indian,26140,Tandoori Kitchen,QSR,South Auckland,1.05,34.79,1107,118,4105.22,494,297,198,17186.26,10332.63,6888.42,0.229597175605595,0.42071566847153,0.33,5,1.48,293.04,1435.54,338.35,203.42,2115.75,0.12,0.5,0.3,0.2,4093.06,3.69743450767841,0.10659439927732611,0.4462511291779584,0.26829268292682923,0.17886178861788618,0.229597175605595,0.42071566847153,0.6503128440771251,0.165,0.099,0.296,1162.3500000000001,40438.1565,12.063361344537816,0.6835353535353536,0.6826174496644295,10.631909547738694,3,3,2
Indian,25374,Tandoori Eatery,Cafe,North Shore,1.03,36.58,963,103,3767.74,430,258,172,15729.4,9437.64,6291.76,0.274692938961089,0.43515494002495,0.29,18,5.31,913.32,1093.22,2.39,1.44,912.25,0.12,0.5,0.3,0.2,2009.3000000000002,2.0865005192107997,0.10695742471443405,0.4465212876427829,0.26791277258566976,0.1786085150571132,0.274692938961089,0.43515494002495,0.709847878986039,0.145,0.087,1.062,991.89,36283.336200000005,10.51173076923077,0.0055452436194895595,0.0055598455598455596,5.273121387283237,3,0,1
Indian,25961,Curry Bistro,Cafe,West Auckland,1.04,43.02,657,75,3226.5,291,175,116,12518.82,7528.5,4990.32,0.229017645195127,0.393612609920092,0.27,14,4.13,479.08,1217.58,1344.14,808.33,1404.12,0.13,0.5,0.3,0.2,4774.17,7.26662100456621,0.11415525114155252,0.4429223744292237,0.2663622526636225,0.1765601217656012,0.229017645195127,0.393612609920092,0.622630255115219,0.135,0.081,0.8260000000000001,683.28,29394.7056,16.02078947368421,4.603219178082192,4.592784090909091,12.00102564102564,3,0,3
Indian,25416,Spice Grill,QSR,West Auckland,1.04,39.34,754,86,3383.24,334,200,134,13139.56,7868.0,5271.56,0.22248506968841,0.397036981233396,0.33,5,1.48,198.32,1287.25,663.26,397.16,1807.39,0.13,0.5,0.3,0.2,4155.06,5.510689655172414,0.11405835543766578,0.4429708222811671,0.2652519893899204,0.17771883289124668,0.22248506968841,0.397036981233396,0.619522050921806,0.165,0.099,0.296,784.1600000000001,30848.8544,14.795977011494253,1.9798805970149254,1.9759203980099505,13.388074074074074,3,3,3
Indian,25455,Tandoori Bistro,QSR,West Auckland,1.04,33.18,1424,152,5043.36,636,382,254,21102.48,12674.76,8427.72,0.226081465501338,0.40087485301774,0.3,17,5.02,1275.08,1881.39,1541.4,925.81,1868.83,0.12,0.5,0.3,0.2,6217.43,4.366172752808989,0.10674157303370786,0.44662921348314605,0.26825842696629215,0.17837078651685392,0.226081465501338,0.40087485301774,0.6269563185190781,0.15,0.09,1.004,1480.96,49138.2528,12.296666666666667,2.41978021978022,2.4172584856396866,7.3287450980392155,3,3,3
Indian,26036,Spice Cafe,Cafe,North Shore,1.03,41.4,911,104,4305.6,404,242,161,16725.6,10018.8,6665.4,0.262190957348794,0.352809023414738,0.32,18,5.31,854.91,1657.66,1087.16,651.22,1711.27,0.13,0.5,0.3,0.2,5107.3099999999995,5.606267837541163,0.11416026344676183,0.4434687156970363,0.2656421514818881,0.17672886937431395,0.262190957348794,0.352809023414738,0.614999980763532,0.16,0.096,1.062,938.33,38846.861999999994,15.787238095238097,2.684345679012346,2.679917695473251,10.563395061728395,3,0,1
Indian,25431,Bombay Diner,Ghost Kitchen,West Auckland,1.04,33.05,834,61,2016.05,386,232,155,12757.3,7667.6,5122.75,0.29250133621972,0.222383070236538,0.3,13,3.84,595.2,978.02,2361.58,1419.39,1889.93,0.08,0.5,0.3,0.2,6648.92,7.972326139088729,0.07314148681055156,0.4628297362110312,0.2781774580335732,0.18585131894484413,0.29250133621972,0.222383070236538,0.514884406456258,0.15,0.09,0.768,867.36,28666.248,15.774516129032257,6.102273901808785,6.091802575107296,12.114935897435897,3,2,3
Indian,26251,Spice Diner,Full-service,South Auckland,1.05,34.09,1788,368,12545.12,710,426,284,24203.9,14522.34,9681.56,0.372125448763836,0.452208258886822,0.27,13,3.84,1090.56,2203.75,-2283.24,-1369.95,610.16,0.26,0.5,0.3,0.2,-839.2799999999999,-0.4693959731543623,0.20581655480984343,0.39709172259507836,0.238255033557047,0.1588366890380313,0.372125448763836,0.452208258886822,0.824333707650658,0.135,0.081,0.768,1877.4,64000.566,5.972222222222222,-3.211308016877637,-3.208313817330211,2.1409122807017544,3,1,2
Indian,25974,Tandoori Kitchen,QSR,North Shore,1.03,45.46,1080,132,6000.72,474,284,190,21548.04,12910.64,8637.4,0.210165155064315,0.434525086730719,0.29,5,1.48,281.2,2132.11,1407.3,843.19,2787.75,0.14,0.5,0.3,0.2,7170.35,6.639212962962963,0.12222222222222222,0.4388888888888889,0.26296296296296295,0.1759259259259259,0.210165155064315,0.434525086730719,0.644690241795034,0.145,0.087,0.296,1112.4,50569.704000000005,16.0309022556391,2.962736842105263,2.958561403508772,14.595549738219896,3,3,1
Indian,25486,Curry Grill,QSR,West Auckland,1.04,45.23,1420,152,6874.96,634,380,254,28675.82,17187.4,11488.42,0.252873638998717,0.420534422132187,0.32,10,2.95,749.3,2245.31,189.03,113.3,3002.73,0.12,0.5,0.3,0.2,5550.370000000001,3.9087112676056344,0.10704225352112676,0.44647887323943664,0.26760563380281693,0.17887323943661973,0.252873638998717,0.420534422132187,0.673408061130904,0.16,0.096,0.5900000000000001,1476.8,66795.664,14.675228758169935,0.29768503937007873,0.2973753280839895,11.775411764705883,3,3,3
Indian,25852,Curry Cafe,Full-service,South Auckland,1.05,40.32,1560,360,14515.2,600,360,240,24192.0,14515.2,9676.8,0.397848917241208,0.4589376316173,0.29,5,1.48,355.2,2078.77,-3551.06,-2130.64,1030.65,0.3,0.5,0.3,0.2,-2572.2799999999997,-1.6488974358974358,0.23076923076923078,0.38461538461538464,0.23076923076923078,0.15384615384615385,0.397848917241208,0.4589376316173,0.856786548858508,0.145,0.087,0.296,1638.0,66044.16,5.758365650969529,-5.908585690515807,-5.902049861495844,4.276556016597511,3,1,2
Indian,26458,Bombay Diner,Full-service,South Auckland,1.05,41.09,1507,261,10724.49,623,374,249,25599.07,15367.66,10231.41,0.362092504499014,0.502583476807922,0.29,11,3.25,809.25,1451.28,-3959.56,-2377.01,575.31,0.21,0.5,0.3,0.2,-4309.98,-2.859973457199734,0.1731917717319177,0.4134041141340411,0.2481751824817518,0.1652289316522893,0.362092504499014,0.502583476807922,0.864675981306936,0.145,0.087,0.65,1582.3500000000001,65018.76150000001,5.539236641221374,-6.345448717948718,-6.3386933333333335,2.30124,3,1,2
Indian,26231,Tandoori Corner,QSR,South Auckland,1.05,36.25,865,85,3081.25,390,234,156,14137.5,8482.5,5655.0,0.258963299226016,0.431064433790743,0.27,17,5.02,783.12,955.1,565.11,339.06,969.77,0.11,0.5,0.3,0.2,2829.04,3.2705664739884392,0.09826589595375723,0.4508670520231214,0.2705202312138728,0.18034682080924855,0.258963299226016,0.431064433790743,0.690027733016759,0.135,0.081,1.004,908.25,32924.0625,11.105813953488372,1.4452941176470588,1.442808510638298,6.176878980891719,3,3,2
Indian,25264,Tandoori Tavern,Ghost Kitchen,South Auckland,1.05,43.02,1479,109,4689.18,685,411,274,29468.7,17681.22,11787.48,0.257761831057724,0.29276021461701,0.3,13,3.84,1052.16,2107.68,4404.92,2642.95,4246.05,0.08,0.5,0.3,0.2,13401.599999999999,9.061257606490871,0.07369844489519946,0.46315077755240025,0.2778904665314402,0.1852603110209601,0.257761831057724,0.29276021461701,0.550522045674734,0.15,0.09,0.768,1552.95,66807.909,19.16072727272727,6.421166180758018,6.414927184466019,15.440181818181818,3,2,2
Indian,25910,Spice Corner,QSR,North Shore,1.03,44.07,1006,99,4362.93,454,272,181,20007.78,11987.04,7976.67,0.212639727257192,0.449994135648012,0.29,17,5.02,908.62,1471.9,947.69,567.78,1782.44,0.11,0.5,0.3,0.2,4769.8099999999995,4.741361829025845,0.09840954274353877,0.45129224652087474,0.27037773359840955,0.17992047713717696,0.212639727257192,0.449994135648012,0.662633862905204,0.145,0.087,1.004,1036.18,45664.4526,14.719000000000001,2.082835164835165,2.0797802197802198,9.793626373626374,3,3,1
Indian,25146,Curry Kitchen,QSR,West Auckland,1.04,46.05,985,81,3730.05,452,271,181,20814.6,12479.55,8335.05,0.238531701173633,0.368960553244688,0.32,16,4.72,854.32,1464.07,1509.22,904.86,2417.25,0.09,0.5,0.3,0.2,6295.4,6.391269035532995,0.08223350253807107,0.4588832487309644,0.2751269035532995,0.18375634517766495,0.238531701173633,0.368960553244688,0.607492254418321,0.16,0.096,0.944,1024.4,47173.62,17.854512195121952,3.3316114790286977,3.326691176470588,13.281593406593407,3,3,3
Indian,25388,Royal Bistro,QSR,North Shore,1.03,37.15,1762,229,8507.35,766,460,307,28456.9,17089.0,11405.05,0.20867035323754,0.420481793489307,0.33,9,2.66,816.62,3154.93,1162.4,698.05,3412.92,0.15,0.5,0.3,0.2,8428.3,4.783371169125993,0.12996594778660614,0.43473325766174803,0.26106696935300794,0.1742338251986379,0.20867035323754,0.420481793489307,0.6291521467268469,0.165,0.099,0.532,1814.8600000000001,67422.049,13.717086956521738,1.5155149934810952,1.5142082429501083,11.080909090909092,3,3,1
Indian,25347,Tandoori Bistro,Ghost Kitchen,North Shore,1.03,36.54,561,21,767.34,270,162,108,9865.8,5919.48,3946.32,0.271764403441921,0.336931061150972,0.32,8,2.36,254.88,300.26,703.48,422.09,1289.33,0.04,0.5,0.3,0.2,2715.16,4.839857397504456,0.03743315508021391,0.48128342245989303,0.2887700534759358,0.19251336898395724,0.271764403441921,0.336931061150972,0.608695464592893,0.16,0.096,0.472,577.83,21113.908199999998,13.648181818181818,2.5958671586715867,2.5895092024539874,11.828715596330275,3,2,1
Indian,25159,Tandoori Eatery,Cafe,CBD,0.99,42.96,552,54,2319.84,249,149,100,10697.04,6401.04,4296.0,0.246224297955632,0.442269844585098,0.31,8,2.36,236.0,722.64,16.11,9.64,1102.23,0.11,0.5,0.3,0.2,1850.62,3.352572463768116,0.09782608695652174,0.45108695652173914,0.26992753623188404,0.18115942028985504,0.246224297955632,0.442269844585098,0.68849414254073,0.155,0.093,0.472,546.48,23476.7808,13.13890909090909,0.06444,0.06426666666666667,10.913168316831683,3,0,0
Indian,26483,Royal Tavern,Full-service,South Auckland,1.05,37.52,672,166,6228.32,253,152,101,9492.56,5703.04,3789.52,0.387401169852819,0.490091067412868,0.32,13,3.84,387.84,763.02,-1874.71,-1126.31,76.41,0.33,0.5,0.3,0.2,-2161.59,-3.216651785714286,0.24702380952380953,0.37648809523809523,0.2261904761904762,0.15029761904761904,0.387401169852819,0.490091067412868,0.877492237265687,0.16,0.096,0.768,705.6,26474.112,4.568982035928143,-7.380748031496063,-7.3615032679738555,0.7491176470588234,3,1,2
Indian,25013,Tandoori House,Full-service,West Auckland,1.04,36.75,1668,404,14847.0,632,379,253,23226.0,13928.25,9297.75,0.399492640071549,0.450115238502622,0.32,7,2.07,523.71,2232.87,-3939.31,-2362.34,874.6,0.32,0.5,0.3,0.2,-3194.1800000000003,-1.9149760191846525,0.2422062350119904,0.37889688249400477,0.22721822541966427,0.15167865707434053,0.399492640071549,0.450115238502622,0.849607878574171,0.16,0.096,0.414,1734.72,63750.96,5.513259259259259,-6.223238546603476,-6.216684210526316,3.4433070866141735,3,1,3
Indian,26065,Bombay Grill,QSR,West Auckland,1.04,36.79,1003,123,4525.17,440,264,176,16187.6,9712.56,6475.04,0.253785154148936,0.41087179039605,0.3,5,1.48,260.48,1517.48,572.12,343.27,1910.88,0.14,0.5,0.3,0.2,4343.75,4.330757726819542,0.1226321036889332,0.43868394815553335,0.26321036889332,0.17547357926221335,0.253785154148936,0.41087179039605,0.6646569445449859,0.15,0.09,0.296,1043.1200000000001,38376.38480000001,12.237741935483871,1.2973242630385489,1.2953584905660376,10.795932203389832,3,3,3
Indian,25783,Royal Bistro,QSR,CBD,0.99,36.55,524,38,1388.9,243,146,97,8881.65,5336.3,3545.35,0.267490530926734,0.394776618271135,0.29,5,1.48,143.56,469.08,423.95,254.72,1053.82,0.08,0.5,0.3,0.2,2201.5699999999997,4.201469465648854,0.07251908396946566,0.46374045801526725,0.27862595419847336,0.18511450381679392,0.267490530926734,0.394776618271135,0.6622671491978691,0.145,0.087,0.296,518.76,18960.677999999996,12.027692307692307,1.7375,1.7327891156462585,10.753265306122449,3,3,0
Indian,25379,Bombay Tavern,QSR,North Shore,1.03,37.65,921,83,3124.95,419,251,168,15775.35,9450.15,6325.2,0.253263624273241,0.431794243329205,0.33,9,2.66,446.88,984.18,-237.54,-142.3,1545.19,0.1,0.5,0.3,0.2,2149.5299999999997,2.3339087947882735,0.09011943539630837,0.4549402823018459,0.2725298588490771,0.18241042345276876,0.253263624273241,0.431794243329205,0.685057867602446,0.165,0.099,0.532,948.63,35715.919499999996,11.71642857142857,-0.5655714285714285,-0.5646825396825397,9.143136094674556,3,3,1
Indian,25785,Royal Kitchen,Full-service,CBD,0.99,34.27,1908,484,16586.68,712,427,285,24400.24,14633.29,9766.95,0.361694360815454,0.468996232375503,0.28,14,4.13,1177.05,2808.28,-2700.88,-1619.77,476.59,0.34,0.5,0.3,0.2,-1035.78,-0.5428616352201258,0.25366876310272535,0.3731656184486373,0.2237945492662474,0.14937106918238993,0.361694360815454,0.468996232375503,0.830690593190957,0.14,0.084,0.8260000000000001,1888.92,64733.288400000005,5.7902680412371135,-3.788050490883591,-3.7845093457943926,1.6663986013986014,3,1,0
Indian,25178,Spice Kitchen,Cafe,North Shore,1.03,45.43,756,92,4179.56,332,199,133,15082.76,9040.57,6042.19,0.229571695514023,0.423812526045367,0.3,7,2.07,275.31,1448.7,703.09,421.43,1819.01,0.14,0.5,0.3,0.2,4392.23,5.809828042328042,0.1216931216931217,0.43915343915343913,0.2632275132275132,0.1759259259259259,0.229571695514023,0.423812526045367,0.65338422155939,0.15,0.09,0.414,778.6800000000001,35375.432400000005,15.57741935483871,2.1113813813813813,2.10715,13.574701492537313,3,0,1
Indian,25046,Tandoori Tavern,QSR,North Shore,1.03,36.57,692,57,2084.49,318,190,127,11629.26,6948.3,4644.39,0.277510587982833,0.448834162484854,0.27,17,5.02,637.54,570.43,42.51,25.4,633.42,0.09,0.5,0.3,0.2,1271.7599999999998,1.8378034682080922,0.08236994219653179,0.4595375722543353,0.2745664739884393,0.18352601156069367,0.277510587982833,0.448834162484854,0.726344750467687,0.135,0.081,1.004,712.76,26065.6332,9.834999999999999,0.1332601880877743,0.13298429319371727,4.94859375,3,3,1
Indian,25734,Spice Cafe,Ghost Kitchen,South Auckland,1.05,31.63,801,30,948.9,386,231,154,12209.18,7306.53,4871.02,0.287518795242067,0.338755868177395,0.31,15,4.43,682.22,354.63,778.03,465.61,1138.2,0.04,0.5,0.3,0.2,2736.4700000000003,3.4163171036204747,0.037453183520599245,0.4818976279650437,0.2883895131086142,0.19225967540574282,0.287518795242067,0.338755868177395,0.626274663419462,0.155,0.093,0.886,841.0500000000001,26602.411500000002,11.439677419354839,2.0104134366925064,2.0069396551724137,7.343225806451613,3,2,2
Indian,25737,Bombay Bistro,Full-service,North Shore,1.03,42.51,855,207,8799.57,324,194,130,13773.24,8246.94,5526.3,0.350742394442204,0.507174635794945,0.27,16,4.72,613.6,1250.27,-1761.83,-1054.92,171.59,0.32,0.5,0.3,0.2,-1394.89,-1.631450292397661,0.2421052631578947,0.3789473684210526,0.22690058479532163,0.15204678362573099,0.350742394442204,0.507174635794945,0.857917030237149,0.135,0.081,0.944,880.65,37436.431500000006,6.010913461538461,-5.421015384615385,-5.409846153846154,1.3098473282442749,3,1,1
Indian,26627,Bombay Diner,Cafe,West Auckland,1.04,38.67,1605,197,7617.99,704,422,282,27223.68,16318.74,10904.94,0.240174184851348,0.444467673124745,0.29,9,2.66,750.12,2402.4,690.34,413.81,2688.84,0.14,0.5,0.3,0.2,6195.39,3.8600560747663555,0.12274143302180686,0.4386292834890966,0.26292834890965733,0.17570093457943928,0.240174184851348,0.444467673124745,0.684641857976093,0.145,0.087,0.532,1669.2,64547.964,12.133333333333335,0.9792056737588652,0.978274231678487,9.501201413427562,3,0,3
Indian,25494,Spice Cafe,Full-service,CBD,0.99,40.3,589,94,3788.2,248,148,99,9994.4,5964.4,3989.7,0.387295683810953,0.474368295143358,0.27,14,4.13,408.87,524.04,-1315.9,-785.3,143.05,0.19,0.5,0.3,0.2,-1434.1100000000001,-2.434821731748727,0.1595925297113752,0.42105263157894735,0.25127334465195245,0.16808149405772493,0.387295683810953,0.474368295143358,0.861663978954311,0.135,0.081,0.8260000000000001,583.11,23499.333,5.516210526315789,-5.284738955823293,-5.270469798657718,1.4305,3,1,0
Indian,25738,Tandoori Cafe,Ghost Kitchen,North Shore,1.03,33.48,468,13,435.24,228,136,91,7633.44,4553.28,3046.68,0.287170741334557,0.205906352947932,0.3,14,4.13,375.83,220.63,1579.53,942.18,1168.6,0.03,0.5,0.3,0.2,3910.9399999999996,8.3567094017094,0.02777777777777778,0.48717948717948717,0.29059829059829057,0.19444444444444445,0.287170741334557,0.205906352947932,0.493077094282489,0.15,0.09,0.8260000000000001,482.04,16138.6992,15.759285714285713,6.8975109170305675,6.877226277372262,12.702173913043477,3,2,1
Indian,25617,Curry Corner,Ghost Kitchen,West Auckland,1.04,44.07,1630,92,4054.44,769,461,308,33889.83,20316.27,13573.56,0.268505807069596,0.285368097946048,0.32,13,3.84,1182.72,1808.79,4274.39,2562.41,4872.8,0.06,0.5,0.3,0.2,13518.39,8.293490797546012,0.056441717791411036,0.4717791411042945,0.28282208588957053,0.1889570552147239,0.268505807069596,0.285368097946048,0.553873905015644,0.16,0.096,0.768,1695.2,74707.464,19.449354838709677,5.551155844155844,5.546341991341991,15.769579288025891,3,2,3
Indian,25510,Bombay Tavern,Cafe,CBD,0.99,39.72,871,93,3693.96,389,233,156,15451.08,9254.76,6196.32,0.247891917470843,0.363524466636591,0.33,18,5.31,828.36,1435.41,905.18,542.18,1579.43,0.12,0.5,0.3,0.2,4462.2,5.123076923076923,0.10677382319173363,0.44661308840413316,0.26750861079219285,0.1791044776119403,0.247891917470843,0.363524466636591,0.611416384107434,0.165,0.099,1.062,862.29,34250.158800000005,15.27031914893617,2.3209743589743588,2.317008547008547,10.060063694267516,3,0,0
Indian,25351,Spice Diner,QSR,CBD,0.99,44.18,898,103,4550.54,398,238,159,17583.64,10514.84,7024.62,0.265241026319563,0.445169587340206,0.28,13,3.84,610.56,1317.79,168.62,100.83,1423.7,0.13,0.5,0.3,0.2,3010.9399999999996,3.35293986636971,0.11469933184855234,0.44320712694877507,0.2650334075723831,0.17706013363028952,0.265241026319563,0.445169587340206,0.710410613659769,0.14,0.084,0.768,889.02,39276.9036,12.671057692307691,0.4226065162907268,0.4218828451882845,8.898125,3,3,0
Indian,26320,Royal Bistro,QSR,West Auckland,1.04,46.48,1035,102,4740.96,466,280,187,21659.68,13014.4,8691.76,0.202606979496777,0.350171328359283,0.3,10,2.95,551.65,2120.26,3188.77,1916.0,3335.49,0.11,0.5,0.3,0.2,10560.52,10.203400966183576,0.09855072463768115,0.4502415458937198,0.27053140096618356,0.18067632850241544,0.202606979496777,0.350171328359283,0.55277830785606,0.15,0.09,0.5900000000000001,1076.4,50031.07200000001,20.58504854368932,6.828201284796574,6.818505338078292,17.741968085106382,3,3,3
Indian,25190,Spice Kitchen,Ghost Kitchen,CBD,0.99,31.72,1317,97,3076.84,610,366,244,19349.2,11609.52,7739.68,0.289227395108901,0.274188046820927,0.32,4,1.18,287.92,1343.3,2255.82,1353.49,3091.1,0.08,0.5,0.3,0.2,8043.709999999999,6.107600607441153,0.07365223993925589,0.4631738800303721,0.27790432801822323,0.18526955201214884,0.289227395108901,0.274188046820927,0.5634154419298281,0.16,0.096,0.236,1303.83,41357.4876,13.707142857142857,3.6920130932896895,3.687983651226158,12.61673469387755,3,2,0
Indian,26000,Spice House,QSR,West Auckland,1.04,36.14,913,105,3794.7,404,242,162,14600.56,8745.88,5854.68,0.279693202208728,0.444795912480913,0.3,16,4.72,764.64,1045.48,-357.55,-214.18,848.39,0.13,0.5,0.3,0.2,1322.14,1.4481270536692226,0.11500547645125958,0.4424972617743702,0.2650602409638554,0.1774370208105148,0.279693202208728,0.444795912480913,0.7244891146896411,0.15,0.09,0.944,949.52,34315.6528,9.863018867924529,-0.8828395061728396,-0.8813991769547326,5.204846625766871,3,3,3
Indian,25395,Royal Corner,QSR,South Auckland,1.05,36.46,494,36,1312.56,229,137,92,8349.34,4995.02,3354.32,0.212301540803164,0.390416412404738,0.28,9,2.66,244.72,521.46,979.23,585.83,1087.89,0.08,0.5,0.3,0.2,3174.41,6.425931174089069,0.0728744939271255,0.46356275303643724,0.2773279352226721,0.18623481781376516,0.212301540803164,0.390416412404738,0.602717953207902,0.14,0.084,0.532,518.7,18911.802000000003,14.093513513513514,4.257521739130435,4.2451449275362325,11.697741935483872,3,3,2
Indian,25179,Spice Eatery,Ghost Kitchen,CBD,0.99,32.36,581,52,1682.72,264,159,106,8543.04,5145.24,3430.16,0.261776219750755,0.329872683365829,0.27,5,1.48,156.88,687.14,1181.94,711.85,1243.83,0.1,0.5,0.3,0.2,3824.7599999999998,6.583063683304647,0.08950086058519793,0.45438898450946646,0.2736660929432014,0.18244406196213425,0.261776219750755,0.329872683365829,0.5916489031165839,0.135,0.081,0.296,575.1899999999999,18613.1484,12.964905660377358,4.4601509433962265,4.4490625,11.624579439252336,3,2,0
Indian,25585,Bombay Kitchen,Ghost Kitchen,South Auckland,1.05,33.71,1398,91,3067.61,654,392,261,22046.34,13214.32,8798.31,0.267991063417867,0.260170036181808,0.28,17,5.02,1310.22,1447.42,4229.35,2535.02,2841.16,0.07,0.5,0.3,0.2,11052.95,7.906258941344778,0.06509298998569385,0.4678111587982832,0.2804005722460658,0.18669527896995705,0.267991063417867,0.260170036181808,0.528161099599675,0.14,0.084,1.004,1467.9,49482.90900000001,15.732826086956523,6.457022900763359,6.450432569974555,10.844122137404579,3,2,2
Indian,26263,Curry Bistro,QSR,South Auckland,1.05,35.02,492,64,2241.28,214,128,86,7494.28,4482.56,3011.72,0.236405559517443,0.385563662624918,0.28,13,3.84,330.24,847.27,734.67,439.43,808.28,0.15,0.5,0.3,0.2,2829.65,5.751321138211383,0.13008130081300814,0.4349593495934959,0.2601626016260163,0.17479674796747965,0.236405559517443,0.385563662624918,0.621969222142361,0.14,0.084,0.768,516.6,18091.332000000002,13.034923076923077,3.4170697674418604,3.4064341085271317,9.290574712643679,3,3,2
Indian,25104,Tandoori Bistro,Ghost Kitchen,CBD,0.99,33.09,1289,95,3143.55,597,358,239,19754.73,11846.22,7908.51,0.275514000898693,0.317750089254696,0.31,15,4.43,1058.77,1278.59,1910.99,1145.95,2157.91,0.08,0.5,0.3,0.2,6493.44,5.037579519006981,0.07370054305663305,0.46314972847168345,0.2777346780449961,0.18541505042668735,0.275514000898693,0.317750089254696,0.593264090153389,0.155,0.093,0.886,1276.11,42226.4799,13.318645833333333,3.1956354515050167,3.1920612813370477,8.991291666666665,3,2,0
Indian,26559,Royal Corner,Cafe,West Auckland,1.04,32.83,1710,155,5088.65,778,466,311,25541.74,15298.78,10210.13,0.27625456277281,0.418842228967696,0.28,5,1.48,460.28,1551.55,636.07,380.99,2652.82,0.1,0.5,0.3,0.2,5221.43,3.05346783625731,0.09064327485380116,0.4549707602339182,0.272514619883041,0.18187134502923977,0.27625456277281,0.418842228967696,0.695096791740506,0.14,0.084,0.296,1778.4,58384.871999999996,9.945833333333333,0.8165211810012838,0.8158244111349037,8.502628205128206,3,0,3
Indian,25144,Royal Bistro,QSR,CBD,0.99,43.23,1342,154,6657.42,594,356,238,25678.62,15389.88,10288.74,0.262317646387965,0.390252553322352,0.3,18,5.31,1263.78,2312.99,1217.93,729.94,2310.83,0.13,0.5,0.3,0.2,6571.6900000000005,4.89693740685544,0.11475409836065574,0.4426229508196721,0.26527570789865873,0.17734724292101342,0.262317646387965,0.390252553322352,0.652570199710317,0.15,0.09,1.062,1328.58,57434.513399999996,14.922516129032257,2.0469411764705883,2.044649859943978,9.668744769874477,3,3,0
Indian,25509,Spice Eatery,Ghost Kitchen,CBD,0.99,32.7,1197,108,3531.6,544,327,218,17788.8,10692.9,7128.6,0.258724507049192,0.282528837176505,0.32,13,3.84,837.12,1620.11,2468.14,1483.6,2433.1,0.1,0.5,0.3,0.2,8004.950000000001,6.687510442773601,0.09022556390977444,0.4544695071010861,0.27318295739348375,0.18212197159565585,0.258724507049192,0.282528837176505,0.541253344225697,0.16,0.096,0.768,1185.03,38750.48099999999,14.863394495412843,4.528697247706422,4.523170731707316,11.110045662100456,3,2,0
Indian,25969,Royal Kitchen,Full-service,South Auckland,1.05,37.84,1651,297,11238.48,677,406,271,25617.68,15363.04,10254.64,0.369281713431701,0.534424779121764,0.31,5,1.48,401.08,1082.19,-5474.66,-3283.18,586.38,0.22,0.5,0.3,0.2,-7089.2699999999995,-4.293924894003634,0.1798909751665657,0.41005451241671714,0.24591156874621442,0.1641429436705027,0.369281713431701,0.534424779121764,0.903706492553465,0.155,0.093,0.296,1733.5500000000002,65597.532,3.6315100671140943,-8.0747197640118,-8.066781326781326,2.1558088235294117,3,1,2
Indian,25443,Bombay House,Full-service,West Auckland,1.04,37.55,976,225,8448.75,376,225,150,14118.8,8448.75,5632.5,0.398119426611811,0.469728321465664,0.31,4,1.18,177.0,1116.52,-2511.0,-1502.59,567.35,0.3,0.5,0.3,0.2,-2329.72,-2.3870081967213115,0.2305327868852459,0.3852459016393442,0.2305327868852459,0.1536885245901639,0.398119426611811,0.469728321465664,0.867847748077475,0.155,0.093,0.236,1015.0400000000001,38114.75200000001,4.940353982300885,-6.660477453580902,-6.648628318584071,3.7572847682119206,3,1,3
Indian,25648,Spice Tavern,QSR,South Auckland,1.05,32.47,1564,142,4610.74,711,427,284,23086.17,13864.69,9221.48,0.273764951024205,0.417648242483847,0.29,18,5.31,1508.04,1422.81,429.1,257.7,1337.59,0.1,0.5,0.3,0.2,3447.2,2.204092071611253,0.0907928388746803,0.4546035805626598,0.27301790281329924,0.1815856777493606,0.273764951024205,0.417648242483847,0.6914131935080521,0.145,0.087,1.062,1642.2,53322.234000000004,9.94972027972028,0.6026685393258427,0.6021028037383177,4.693298245614034,3,3,2
Indian,26376,Curry Cafe,Full-service,West Auckland,1.04,35.13,1410,350,12295.5,530,318,212,18618.9,11171.34,7447.56,0.390234936145134,0.547415794036351,0.3,3,0.89,188.68,766.62,-4424.8,-2654.88,275.67,0.33,0.5,0.3,0.2,-6037.39,-4.281836879432625,0.24822695035460993,0.375886524822695,0.225531914893617,0.150354609929078,0.390234936145134,0.547415794036351,0.9376507301814849,0.15,0.09,0.17800000000000002,1466.4,51514.632000000005,2.184102564102564,-8.33295668549906,-8.322507836990596,1.294225352112676,3,1,3
Indian,25527,Spice Grill,Ghost Kitchen,CBD,0.99,29.81,1215,100,2981.0,558,334,223,16633.98,9956.54,6647.63,0.291537891677581,0.346242103877012,0.33,9,2.66,593.18,1079.78,535.95,320.8,1814.72,0.09,0.5,0.3,0.2,3751.25,3.087448559670782,0.0823045267489712,0.45925925925925926,0.2748971193415638,0.18353909465020576,0.291537891677581,0.346242103877012,0.637779995554593,0.165,0.099,0.532,1202.85,35856.9585,10.690891089108911,0.9587656529516996,0.9576119402985075,8.101428571428572,3,2,0
Indian,25529,Royal Corner,Ghost Kitchen,North Shore,1.03,41.16,803,59,2428.44,372,223,149,15311.52,9178.68,6132.84,0.299616751808207,0.211486971308477,0.27,8,2.36,351.64,1187.26,3351.63,2009.18,2646.68,0.08,0.5,0.3,0.2,9194.75,11.45049813200498,0.07347447073474472,0.4632627646326277,0.277708592777086,0.18555417185554174,0.299616751808207,0.211486971308477,0.511103723116684,0.135,0.081,0.472,827.09,34043.024399999995,19.787666666666667,8.985603217158177,8.969553571428571,17.64453333333333,3,2,1
Indian,25653,Bombay Diner,Cafe,West Auckland,1.04,42.85,1307,118,5056.3,594,357,238,25452.9,15297.45,10198.3,0.236813329514116,0.448022896400653,0.3,13,3.84,913.92,1593.56,385.96,231.97,2300.21,0.1,0.5,0.3,0.2,4511.7,3.4519510328997702,0.090283091048202,0.45447589900535584,0.2731446059678654,0.1820964039785769,0.236813329514116,0.448022896400653,0.684836225914769,0.15,0.09,0.768,1359.28,58245.148,13.39126050420168,0.648672268907563,0.6479608938547486,9.624309623430962,3,0,3
Indian,25249,Royal Bistro,Ghost Kitchen,CBD,0.99,39.39,924,35,1378.65,444,267,178,17489.16,10517.13,7011.42,0.253348798234947,0.216099488758482,0.29,8,2.36,420.08,731.45,4207.05,2529.91,3299.84,0.04,0.5,0.3,0.2,10768.25,11.653950216450216,0.03787878787878788,0.4805194805194805,0.2889610389610389,0.19264069264069264,0.253348798234947,0.216099488758482,0.469448286993429,0.145,0.087,0.472,914.76,36032.3964,20.318055555555556,9.454044943820225,9.439962686567164,18.43486033519553,3,2,0
Indian,26355,Bombay Tavern,QSR,South Auckland,1.05,41.78,1015,83,3467.74,466,280,186,19469.48,11698.4,7771.08,0.246575072649866,0.444968266342767,0.3,9,2.66,494.76,1069.65,164.65,98.93,1902.28,0.09,0.5,0.3,0.2,3235.51,3.1876945812807884,0.08177339901477831,0.4591133004926108,0.2758620689655172,0.18325123152709358,0.246575072649866,0.444968266342767,0.691543338992633,0.15,0.09,0.532,1065.75,44527.035,12.733928571428573,0.3525695931477516,0.3520640569395018,10.172620320855614,3,3,2
Indian,26220,Curry Kitchen,Ghost Kitchen,South Auckland,1.05,35.44,779,44,1559.36,368,220,147,13041.92,7796.8,5209.68,0.281491469475441,0.243780029506888,0.31,10,2.95,433.65,740.27,2148.38,1284.36,2039.53,0.06,0.5,0.3,0.2,6212.54,7.975019255455712,0.056482670089858786,0.47240051347881895,0.28241335044929394,0.18870346598202825,0.281491469475441,0.243780029506888,0.525271498982329,0.155,0.093,0.5900000000000001,817.95,28988.148000000005,16.450444444444443,5.822168021680217,5.811583710407239,13.780608108108108,3,2,2
Indian,26343,Bombay Eatery,Cafe,West Auckland,1.04,46.26,1248,113,5227.38,568,340,227,26275.68,15728.4,10501.02,0.229213522300124,0.383410140825436,0.32,3,0.89,202.03,2024.96,1770.36,1059.72,3865.82,0.1,0.5,0.3,0.2,8720.86,6.987868589743591,0.0905448717948718,0.4551282051282052,0.27243589743589747,0.18189102564102566,0.229213522300124,0.383410140825436,0.61262366312556,0.16,0.096,0.17800000000000002,1297.92,60041.7792,17.76280701754386,3.1113532513181017,3.107683284457478,16.955350877192984,3,0,3
Indian,25413,Spice Corner,QSR,North Shore,1.03,35.51,1036,85,3018.35,476,285,190,16902.76,10120.35,6746.9,0.270123976953328,0.39869734775275,0.29,12,3.54,672.6,999.61,696.03,416.74,1561.83,0.09,0.5,0.3,0.2,3674.21,3.546534749034749,0.08204633204633205,0.45945945945945943,0.2750965250965251,0.1833976833976834,0.270123976953328,0.39869734775275,0.668821324706078,0.145,0.087,0.7080000000000001,1067.08,37892.010800000004,11.623372093023256,1.4591823899371068,1.4571328671328672,8.177120418848167,3,3,1
Indian,25241,Spice Cafe,Cafe,West Auckland,1.04,36.05,1082,98,3532.9,492,295,197,17736.6,10634.75,7101.85,0.237527791466564,0.385684497049078,0.27,7,2.07,407.79,1331.15,1894.05,1135.66,2268.1,0.1,0.5,0.3,0.2,6628.959999999999,6.126580406654343,0.09057301293900186,0.45471349353049906,0.27264325323475047,0.18207024029574864,0.237527791466564,0.385684497049078,0.6232122885156419,0.135,0.081,0.414,1125.28,40566.344,13.445959595959597,3.841886409736308,3.8366891891891894,11.455050505050504,3,0,3
Indian,25172,Curry Cafe,QSR,South Auckland,1.05,38.45,736,96,3691.2,320,192,128,12304.0,7382.4,4921.6,0.270904502365738,0.417298921640031,0.29,14,4.13,528.64,1150.9,268.19,160.91,1005.9,0.15,0.5,0.3,0.2,2585.9,3.513451086956522,0.13043478260869565,0.4347826086956522,0.2608695652173913,0.1739130434782609,0.270904502365738,0.417298921640031,0.6882034240057691,0.145,0.087,0.8260000000000001,772.8000000000001,29714.16,11.864948453608248,0.8354828660436137,0.8337305699481865,7.797674418604651,3,3,2
Indian,25658,Royal Corner,QSR,West Auckland,1.04,38.33,1527,163,6247.79,682,409,273,26141.06,15676.97,10464.09,0.258398265130818,0.434100412181579,0.33,12,3.54,966.42,1921.2,-588.14,-352.71,2251.3,0.12,0.5,0.3,0.2,3231.65,2.11633922724296,0.10674525212835624,0.44662737393582186,0.2678454485920104,0.17878192534381138,0.258398265130818,0.434100412181579,0.692498677312397,0.165,0.099,0.7080000000000001,1588.0800000000002,60871.106400000004,11.714634146341464,-0.861112737920937,-0.8602682926829268,8.216423357664235,3,3,3
Indian,25498,Bombay Cafe,QSR,West Auckland,1.04,39.69,521,51,2024.19,235,141,94,9327.15,5596.29,3730.86,0.274428322520107,0.380519689712673,0.3,16,4.72,443.68,698.45,420.21,252.12,843.66,0.11,0.5,0.3,0.2,2214.44,4.250364683301344,0.09788867562380038,0.4510556621880998,0.27063339731285985,0.1804222648752399,0.274428322520107,0.380519689712673,0.65494801223278,0.15,0.09,0.944,541.84,21505.629600000004,13.43173076923077,1.780550847457627,1.7754929577464789,8.880631578947368,3,3,3
Indian,26307,Royal Bistro,QSR,North Shore,1.03,44.21,1113,128,5658.88,492,296,197,21751.32,13086.16,8709.37,0.230345903355628,0.364702064264566,0.28,16,4.72,929.84,2291.57,2717.87,1635.14,2597.04,0.13,0.5,0.3,0.2,9241.62,8.3033423180593,0.11500449236298292,0.4420485175202156,0.265947888589398,0.17699910152740342,0.230345903355628,0.364702064264566,0.595047967620194,0.14,0.084,0.944,1146.39,50681.901900000004,17.764108527131786,5.512920892494929,5.505521885521886,13.116363636363635,3,3,1
Indian,25904,Curry House,Cafe,North Shore,1.03,46.2,729,89,4111.8,320,192,128,14784.0,8870.4,5913.6,0.223754715193063,0.351077149086632,0.27,10,2.95,377.6,1748.21,2294.01,1376.4,2136.67,0.14,0.5,0.3,0.2,7555.290000000001,10.363909465020578,0.12208504801097396,0.43895747599451307,0.26337448559670784,0.17558299039780526,0.223754715193063,0.351077149086632,0.574831864279695,0.135,0.081,0.5900000000000001,750.87,34690.193999999996,19.424555555555557,7.146448598130842,7.13160621761658,16.563333333333333,3,0,1
Indian,25541,Bombay House,Full-service,West Auckland,1.04,44.89,1880,466,20918.74,707,424,283,31737.23,19033.36,12703.87,0.397120364184957,0.530960218934342,0.29,3,0.89,251.87,1504.46,-6921.27,-4150.81,661.78,0.33,0.5,0.3,0.2,-8905.84,-4.737148936170213,0.24787234042553194,0.37606382978723407,0.22553191489361704,0.15053191489361703,0.397120364184957,0.530960218934342,0.928080583119299,0.145,0.087,0.17800000000000002,1955.2,87768.928,3.221541755888651,-9.775805084745762,-9.766611764705884,2.330211267605634,3,1,3
Indian,25464,Tandoori House,QSR,CBD,0.99,39.43,1440,118,4652.74,661,397,264,26063.23,15653.71,10409.52,0.232185778021812,0.361282846238464,0.33,14,4.13,1090.32,1891.48,1994.65,1198.0,3141.48,0.09,0.5,0.3,0.2,8225.61,5.712229166666667,0.08194444444444444,0.4590277777777778,0.27569444444444446,0.18333333333333335,0.232185778021812,0.361282846238464,0.593468624260276,0.165,0.099,0.8260000000000001,1425.6,56211.407999999996,15.894789915966387,3.0130664652567978,3.0100502512562812,11.854641509433963,3,3,0
Indian,26189,Bombay Kitchen,Full-service,CBD,0.99,36.38,1533,344,12514.72,594,357,238,21609.72,12987.66,8658.44,0.36313044289127,0.454105426743627,0.32,6,1.77,421.26,2287.24,-2965.63,-1782.37,1161.19,0.29,0.5,0.3,0.2,-1299.5700000000002,-0.8477299412915852,0.22439660795825175,0.38747553816046965,0.23287671232876708,0.1552511415525114,0.36313044289127,0.454105426743627,0.817235869634897,0.16,0.096,0.35400000000000004,1517.67,55212.83460000001,6.629681159420289,-4.984252100840337,-4.978687150837988,4.858535564853557,3,1,0
Indian,25531,Bombay Cafe,Ghost Kitchen,CBD,0.99,43.94,542,40,1757.6,251,151,100,11028.94,6634.94,4394.0,0.258991944452282,0.34667791146785,0.28,3,0.89,89.0,693.07,1260.94,758.57,1643.69,0.08,0.5,0.3,0.2,4356.27,8.03739852398524,0.07380073800738007,0.46309963099631,0.2785977859778598,0.18450184501845018,0.258991944452282,0.34667791146785,0.605669855920132,0.14,0.084,0.17800000000000002,536.58,23577.3252,16.904146341463417,5.003730158730159,4.9905921052631586,16.274158415841583,3,2,0
Indian,26434,Tandoori House,Full-service,West Auckland,1.04,42.26,1368,299,12635.74,534,321,214,22566.84,13565.46,9043.64,0.39816922203172,0.503868654486723,0.29,14,4.13,883.82,1237.82,-4333.69,-2605.08,2.11,0.28,0.5,0.3,0.2,-5698.84,-4.165818713450292,0.2185672514619883,0.39035087719298245,0.23464912280701752,0.15643274853801167,0.39816922203172,0.503868654486723,0.902037876518443,0.145,0.087,0.8260000000000001,1422.72,60124.1472,4.1260666666666665,-8.100355140186915,-8.09031055900621,0.009813953488372093,3,1,3
Indian,26356,Tandoori House,Cafe,South Auckland,1.05,34.7,1114,136,4719.2,489,293,196,16968.3,10167.1,6801.2,0.213761024270207,0.355094675603323,0.31,4,1.18,231.28,2034.66,2055.61,1231.69,2701.02,0.14,0.5,0.3,0.2,8022.980000000001,7.201956912028726,0.12208258527827649,0.4389587073608618,0.26301615798922806,0.17594254937163376,0.213761024270207,0.355094675603323,0.5688556998735299,0.155,0.093,0.236,1169.7,40588.59,14.85153284671533,4.195122448979592,4.189421768707483,13.710761421319797,3,0,2
Indian,26195,Bombay Diner,QSR,West Auckland,1.04,46.48,541,66,3067.68,238,142,95,11062.24,6600.16,4415.6,0.209527668748051,0.381544120237231,0.28,9,2.66,252.7,1254.46,1426.23,850.95,1552.96,0.14,0.5,0.3,0.2,5084.6,9.398521256931609,0.12199630314232901,0.43992606284658037,0.26247689463955637,0.1756007393715342,0.209527668748051,0.381544120237231,0.591071788985282,0.14,0.084,0.532,562.64,26151.5072,18.723283582089554,5.9674895397489545,5.950699300699301,16.176666666666666,3,3,3
Indian,25414,Bombay House,Cafe,South Auckland,1.05,42.96,724,71,3050.16,326,196,131,14004.96,8420.16,5627.76,0.267001802045852,0.434160264069214,0.29,7,2.07,271.17,911.5,123.77,74.42,1410.62,0.11,0.5,0.3,0.2,2520.31,3.4810911602209944,0.09806629834254144,0.4502762430939226,0.27071823204419887,0.18093922651933703,0.267001802045852,0.434160264069214,0.7011620661150659,0.145,0.087,0.414,760.2,32658.192000000003,12.659722222222221,0.37850152905198775,0.3777664974619289,10.68651515151515,3,0,2
Indian,26316,Tandoori House,QSR,West Auckland,1.04,37.83,920,98,3707.34,411,247,164,15548.13,9344.01,6204.12,0.25334801800549,0.419729889649898,0.27,3,0.89,145.96,1212.01,885.03,531.88,1882.3,0.12,0.5,0.3,0.2,4511.22,4.9035,0.10652173913043476,0.4467391304347825,0.26847826086956517,0.17826086956521736,0.25334801800549,0.419729889649898,0.673077907655388,0.135,0.081,0.17800000000000002,956.8000000000001,36195.744000000006,12.242525252525253,2.148131067961165,2.1446774193548386,11.407878787878788,3,3,3
Indian,26521,Spice Bistro,Full-service,CBD,0.99,33.18,684,118,3915.24,283,170,113,9389.94,5640.6,3749.34,0.397654449287802,0.52349210686516,0.27,12,3.54,400.02,308.73,-1794.85,-1078.18,-104.37,0.21,0.5,0.3,0.2,-2668.67,-3.90156432748538,0.17251461988304093,0.4137426900584796,0.24853801169590645,0.1652046783625731,0.397654449287802,0.52349210686516,0.921146556152962,0.135,0.081,0.7080000000000001,677.16,22468.1688,2.59436974789916,-6.3198943661971825,-6.30514619883041,-0.9155263157894737,3,1,0
Indian,26603,Bombay Corner,QSR,CBD,0.99,35.86,510,50,1793.0,230,138,92,8247.8,4948.68,3299.12,0.230855272579938,0.391676743910648,0.29,17,5.02,461.84,676.8,721.42,432.85,783.47,0.11,0.5,0.3,0.2,2614.54,5.126549019607843,0.09803921568627452,0.45098039215686275,0.2705882352941177,0.1803921568627451,0.230855272579938,0.391676743910648,0.622532016490586,0.145,0.087,1.004,504.9,18105.714,13.270588235294117,3.123030303030303,3.1140287769784174,8.424408602150537,3,3,0
Indian,26117,Royal Kitchen,Cafe,West Auckland,1.04,41.08,829,61,2505.88,384,230,154,15774.72,9448.4,6326.32,0.257478479593992,0.428336122329347,0.32,5,1.48,227.92,787.31,-91.72,-54.94,1759.72,0.08,0.5,0.3,0.2,2400.37,2.8955006031363086,0.0735826296743064,0.4632086851628468,0.27744270205066346,0.18576598311218334,0.257478479593992,0.428336122329347,0.685814601923339,0.16,0.096,0.296,862.1600000000001,35417.5328,12.698548387096773,-0.23823376623376624,-0.23783549783549782,11.353032258064516,3,0,3
Indian,26443,Royal Grill,QSR,West Auckland,1.04,41.06,604,74,3038.44,265,159,106,10880.9,6528.54,4352.36,0.242207907643169,0.406961579597555,0.29,6,1.77,187.62,1065.98,661.89,397.13,1339.32,0.14,0.5,0.3,0.2,3464.3199999999997,5.735629139072847,0.12251655629139073,0.4387417218543046,0.26324503311258274,0.17549668874172183,0.242207907643169,0.406961579597555,0.649169487240724,0.145,0.087,0.35400000000000004,628.16,25792.249600000003,14.213066666666666,2.4883082706766917,2.4820625,12.517009345794392,3,3,3
Indian,26160,Bombay Eatery,QSR,West Auckland,1.04,33.41,1183,107,3574.87,538,323,215,17974.58,10791.43,7183.15,0.232417965270579,0.427618041518144,0.3,11,3.25,698.75,1215.33,718.34,431.27,1743.26,0.1,0.5,0.3,0.2,4108.2,3.472696534234996,0.0904480135249366,0.45477599323753176,0.27303465765004226,0.18174133558748942,0.232417965270579,0.427618041518144,0.660036006788723,0.15,0.09,0.65,1230.32,41104.9912,11.253055555555555,1.3327272727272728,1.3310802469135803,8.070648148148148,3,3,3
Indian,25717,Royal Grill,QSR,South Auckland,1.05,45.7,477,51,2330.7,213,128,85,9734.1,5849.6,3884.5,0.212917431108654,0.399524376844056,0.3,16,4.72,401.2,903.28,852.3,512.18,1104.27,0.12,0.5,0.3,0.2,3372.0299999999997,7.0692452830188675,0.10691823899371068,0.44654088050314467,0.26834381551362685,0.17819706498951782,0.212917431108654,0.399524376844056,0.61244180795271,0.15,0.09,0.944,500.85,22888.845,17.37076923076923,3.9827102803738317,3.9703875968992244,12.840348837209302,3,3,2
Indian,25232,Bombay Eatery,Cafe,South Auckland,1.05,37.27,1282,137,5105.99,572,344,229,21318.44,12820.88,8534.83,0.20594270337373,0.386056850175373,0.27,3,0.89,203.81,2083.25,2941.95,1769.29,3278.4,0.12,0.5,0.3,0.2,10072.89,7.857168486739469,0.10686427457098284,0.44617784711388453,0.26833073322932915,0.17862714508580343,0.20594270337373,0.386056850175373,0.5919995535491029,0.135,0.081,0.17800000000000002,1346.1000000000001,50169.147000000004,15.096014492753623,5.134293193717277,5.128376811594203,14.253913043478262,3,0,2
Indian,25140,Bombay Diner,Cafe,North Shore,1.03,32.52,1553,166,5398.32,694,416,277,22568.88,13528.32,9008.04,0.225263445768505,0.436142187612131,0.32,16,4.72,1307.44,1827.84,419.65,251.55,1742.63,0.12,0.5,0.3,0.2,4241.67,2.731274951706375,0.10688989053444943,0.44687701223438503,0.2678686413393432,0.1783644558918223,0.225263445768505,0.436142187612131,0.661405633380636,0.16,0.096,0.944,1599.5900000000001,52018.666800000006,10.945149700598803,0.6038129496402878,0.6032374100719424,6.268453237410072,3,0,1
Indian,26164,Curry Grill,QSR,North Shore,1.03,31.37,873,100,3137.0,386,232,155,12108.82,7277.84,4862.35,0.259665309526026,0.369944427441806,0.32,15,4.43,686.65,1161.91,610.17,366.73,1114.32,0.13,0.5,0.3,0.2,3253.13,3.7263802978235967,0.1145475372279496,0.44215349369988544,0.26575028636884307,0.1775486827033219,0.259665309526026,0.369944427441806,0.629609736967832,0.16,0.096,0.886,899.19,28207.590300000003,11.504059405940595,1.5766666666666667,1.5739484978540774,7.143076923076923,3,3,1
Indian,25925,Curry Eatery,Full-service,South Auckland,1.05,34.14,939,199,6793.86,370,222,148,12631.8,7579.08,5052.72,0.39551515551284,0.487487742677331,0.31,14,4.13,611.24,794.86,-2437.97,-1462.78,-20.09,0.27,0.5,0.3,0.2,-3125.9799999999996,-3.3290521831735886,0.21192758253461128,0.39403620873269435,0.23642172523961663,0.15761448349307774,0.39551515551284,0.487487742677331,0.883002898190171,0.155,0.093,0.8260000000000001,985.95,33660.333,3.9743,-6.571347708894878,-6.559551569506726,-0.13483221476510068,3,1,2
Indian,26167,Curry Diner,Full-service,CBD,0.99,43.66,579,115,5020.9,232,139,93,10129.12,6068.74,4060.38,0.352826336480211,0.491792073030956,0.27,5,1.48,137.64,780.16,-1160.98,-695.59,493.27,0.25,0.5,0.3,0.2,-583.1400000000001,-1.0071502590673578,0.19861830742659756,0.4006908462867012,0.24006908462867008,0.16062176165803108,0.352826336480211,0.491792073030956,0.8446184095111671,0.135,0.081,0.296,573.21,25026.3486,6.72551724137931,-4.98274678111588,-4.968500000000001,5.247553191489361,3,1,0
Indian,25224,Royal Eatery,Full-service,North Shore,1.03,37.35,495,68,2539.8,214,128,85,7992.9,4780.8,3174.75,0.357295493758284,0.467094982112758,0.28,6,1.77,150.45,446.01,-834.38,-499.07,407.07,0.16,0.5,0.3,0.2,-480.37000000000006,-0.9704444444444446,0.13737373737373737,0.4323232323232323,0.2585858585858586,0.1717171717171717,0.357295493758284,0.467094982112758,0.8243904758710421,0.14,0.084,0.35400000000000004,509.85,19042.8975,6.463913043478261,-3.8808372093023253,-3.8687596899224808,4.733372093023256,3,1,1
Indian,25037,Curry Cafe,Full-service,South Auckland,1.05,40.68,745,129,5247.72,308,185,123,12529.44,7525.8,5003.64,0.35157133321045,0.505617403937504,0.3,3,0.89,109.47,749.43,-1969.49,-1182.97,605.11,0.21,0.5,0.3,0.2,-1797.9199999999996,-2.4133154362416103,0.1731543624161074,0.41342281879194637,0.24832214765100674,0.16510067114093963,0.35157133321045,0.505617403937504,0.857188737147954,0.15,0.09,0.17800000000000002,782.25,31821.93,5.764846153846153,-6.373754045307443,-6.3600537634408605,4.87991935483871,3,1,2
Indian,25765,Spice Tavern,Cafe,North Shore,1.03,45.94,940,85,3904.9,428,256,171,19662.32,11760.64,7855.74,0.215756895765662,0.380736278975382,0.32,11,3.25,555.75,1575.65,1641.94,982.09,2614.09,0.1,0.5,0.3,0.2,6813.77,7.248691489361702,0.09042553191489362,0.4553191489361702,0.2723404255319149,0.1819148936170213,0.215756895765662,0.380736278975382,0.596493174741044,0.16,0.096,0.65,968.2,44479.108,18.32151162790698,3.8273659673659677,3.8213618677042804,15.198197674418605,3,0,1
Indian,25483,Royal Tavern,QSR,West Auckland,1.04,38.27,1247,143,5472.61,552,331,221,21125.04,12667.37,8457.67,0.203215983435512,0.438703704439104,0.28,15,4.43,979.03,1959.63,1649.45,989.07,2049.5,0.13,0.5,0.3,0.2,6647.65,5.330914194065757,0.11467522052927023,0.44266238973536487,0.2654370489174018,0.1772253408179631,0.203215983435512,0.438703704439104,0.6419196878746161,0.14,0.084,0.886,1296.88,49631.5976,13.608541666666667,2.982730560578662,2.9791265060240963,9.231981981981981,3,3,3
Indian,26173,Tandoori Tavern,Full-service,West Auckland,1.04,32.17,1292,250,8042.5,521,313,208,16760.57,10069.21,6691.36,0.350175797578413,0.4505512092961,0.31,18,5.31,1104.48,1602.65,-1855.85,-1114.93,228.93,0.24,0.5,0.3,0.2,-1139.1999999999998,-0.8817337461300309,0.19349845201238391,0.40325077399380804,0.24226006191950464,0.1609907120743034,0.350175797578413,0.4505512092961,0.8007270068745129,0.155,0.093,1.062,1343.68,43226.185600000004,6.3850597609561754,-3.5552681992337165,-3.550732484076433,1.095358851674641,3,1,3
Indian,25122,Curry Diner,QSR,North Shore,1.03,40.45,738,54,2184.3,342,205,137,13833.9,8292.25,5541.65,0.235941641144454,0.388585654064082,0.28,4,1.18,161.66,820.15,1320.76,791.68,1919.08,0.08,0.5,0.3,0.2,4851.67,6.574078590785908,0.07317073170731708,0.4634146341463415,0.2777777777777778,0.1856368563685637,0.235941641144454,0.388585654064082,0.624527295208536,0.14,0.084,0.236,760.14,30747.663,14.911818181818182,3.850612244897959,3.8431067961165044,13.906376811594203,3,3,1
Indian,26618,Bombay Cafe,Cafe,South Auckland,1.05,38.44,1488,110,4228.4,689,413,276,26485.16,15875.72,10609.44,0.268565887566656,0.377184153255075,0.27,6,1.77,488.52,1497.91,2231.37,1337.53,3269.87,0.08,0.5,0.3,0.2,8336.68,5.60260752688172,0.07392473118279569,0.46303763440860213,0.2775537634408602,0.18548387096774194,0.268565887566656,0.377184153255075,0.6457500408217309,0.135,0.081,0.35400000000000004,1562.4,60058.656,13.494684684684685,3.233869565217391,3.230748792270531,11.804584837545127,3,0,2
Indian,26093,Tandoori Eatery,QSR,South Auckland,1.05,33.07,1155,123,4067.61,516,310,206,17064.12,10251.7,6812.42,0.262764566894621,0.408146005356684,0.28,16,4.72,972.32,1338.61,837.67,503.25,1269.58,0.12,0.5,0.3,0.2,3949.1099999999997,3.419142857142857,0.1064935064935065,0.44675324675324674,0.2683982683982684,0.17835497835497838,0.262764566894621,0.408146005356684,0.670910572251305,0.14,0.084,0.944,1212.75,40105.6425,10.79524193548387,1.6202514506769825,1.6181672025723473,6.133236714975845,3,3,2
Indian,26217,Royal Diner,Cafe,CBD,0.99,36.58,1568,180,6584.4,694,416,278,25386.52,15217.28,10169.24,0.264601591229439,0.371882021101192,0.32,18,5.31,1476.18,2393.54,1104.73,662.2,2220.51,0.13,0.5,0.3,0.2,6380.9800000000005,4.069502551020409,0.11479591836734694,0.4426020408163266,0.2653061224489796,0.17729591836734696,0.264601591229439,0.371882021101192,0.636483612330631,0.16,0.096,1.062,1552.32,56783.8656,13.223977900552486,1.5895395683453237,1.5880095923261393,7.958817204301076,3,0,0
Indian,26379,Curry Grill,QSR,CBD,0.99,31.34,993,73,2287.82,460,276,184,14416.4,8649.84,5766.56,0.245203241035342,0.415356773347594,0.32,4,1.18,217.12,776.58,280.25,168.15,1740.28,0.08,0.5,0.3,0.2,2965.26,2.986163141993958,0.07351460221550855,0.4632426988922457,0.2779456193353474,0.18529707955689828,0.245203241035342,0.415356773347594,0.660560014382936,0.16,0.096,0.236,983.0699999999999,30809.413800000002,10.494324324324324,0.6079175704989154,0.6070397111913357,9.406918918918919,3,3,0
Indian,26339,Bombay Bistro,Full-service,North Shore,1.03,34.39,1525,243,8356.77,641,385,256,22043.99,13240.15,8803.84,0.387624009046704,0.504016867070459,0.29,12,3.54,906.24,905.53,-4004.09,-2404.95,47.74,0.19,0.5,0.3,0.2,-5455.77,-3.577554098360656,0.15934426229508197,0.42032786885245904,0.2524590163934426,0.1678688524590164,0.387624009046704,0.504016867070459,0.891640876117163,0.145,0.087,0.7080000000000001,1570.75,54018.0925,3.7111885245901637,-6.23690031152648,-6.230440414507772,0.18575875486381324,3,1,1
Indian,25654,Tandoori Diner,Cafe,West Auckland,1.04,31.99,1068,97,3103.03,486,291,194,15547.14,9309.09,6206.06,0.237178952991962,0.356937468727119,0.29,7,2.07,401.58,1259.47,1801.66,1078.77,2117.36,0.1,0.5,0.3,0.2,6257.26,5.858857677902622,0.09082397003745318,0.4550561797752809,0.27247191011235955,0.18164794007490637,0.237178952991962,0.356937468727119,0.5941164217190811,0.145,0.087,0.414,1110.72,35531.9328,12.851734693877551,3.6995071868583165,3.694417808219178,10.858256410256411,3,0,3
Indian,26504,Curry Eatery,QSR,North Shore,1.03,36.31,577,57,2069.67,260,156,104,9440.6,5664.36,3776.24,0.216596445627511,0.41146137160249,0.31,9,2.66,276.64,769.8,584.77,350.86,1127.9,0.11,0.5,0.3,0.2,2833.33,4.910450606585789,0.09878682842287693,0.4506065857885615,0.27036395147313685,0.1802426343154246,0.216596445627511,0.41146137160249,0.628057817230001,0.155,0.093,0.532,594.3100000000001,21579.3961,13.272413793103448,2.2404980842911875,2.234777070063694,10.741904761904763,3,3,1
Indian,25129,Curry Grill,QSR,CBD,0.99,38.31,1141,94,3601.14,524,314,209,20074.44,12029.34,8006.79,0.243215436525643,0.364218128984794,0.31,12,3.54,739.86,1413.69,1657.47,993.22,2403.34,0.09,0.5,0.3,0.2,6467.72,5.668466257668712,0.08238387379491674,0.4592462751971954,0.27519719544259424,0.1831726555652936,0.243215436525643,0.364218128984794,0.607433565510437,0.155,0.093,0.7080000000000001,1129.59,43274.592899999996,14.880947368421053,3.1570857142857145,3.1530793650793654,11.444476190476191,3,3,0
Indian,25576,Royal Eatery,Full-service,South Auckland,1.05,32.82,972,162,5316.84,405,243,162,13292.1,7975.26,5316.84,0.365593245369382,0.466789780044928,0.31,5,1.48,239.76,891.19,-1892.57,-1135.54,651.43,0.2,0.5,0.3,0.2,-1485.4900000000002,-1.5282818930041155,0.16666666666666666,0.41666666666666663,0.24999999999999997,0.16666666666666666,0.365593245369382,0.466789780044928,0.83238302541431,0.155,0.093,0.296,1020.6,33496.092000000004,5.467423312883436,-4.6615024630541875,-4.653852459016393,3.9965030674846624,3,1,2
Indian,25940,Tandoori Tavern,QSR,North Shore,1.03,35.57,1250,92,3272.44,579,347,232,20595.03,12342.79,8252.24,0.207861272022128,0.442930857324973,0.31,13,3.84,890.88,1142.76,807.49,483.93,1990.87,0.08,0.5,0.3,0.2,4425.049999999999,3.5400399999999994,0.07360000000000001,0.46320000000000006,0.27760000000000007,0.18560000000000001,0.207861272022128,0.442930857324973,0.6507921293471011,0.155,0.093,0.768,1287.5,45796.37499999999,12.28774193548387,1.3922241379310345,1.390603448275862,8.54450643776824,3,3,1
Indian,26587,Royal Tavern,Full-service,CBD,0.99,37.81,1420,344,13006.64,538,323,215,20341.78,12212.63,8129.15,0.365858716669027,0.45858717050869,0.32,8,2.36,507.4,2283.37,-2938.29,-1764.06,919.71,0.32,0.5,0.3,0.2,-1499.27,-1.0558239436619719,0.24225352112676057,0.3788732394366197,0.22746478873239437,0.15140845070422534,0.365858716669027,0.45858717050869,0.8244458871777169,0.16,0.096,0.472,1405.8,53153.297999999995,6.618463768115942,-5.451372912801484,-5.444629629629629,4.257916666666667,3,1,0
Indian,25497,Tandoori Bistro,QSR,West Auckland,1.04,43.04,502,49,2108.96,226,136,91,9727.04,5853.44,3916.64,0.253577317465097,0.416559277498163,0.28,15,4.43,403.13,695.67,485.02,291.87,888.83,0.11,0.5,0.3,0.2,2361.39,4.703964143426295,0.09760956175298806,0.4501992031872511,0.27091633466135456,0.18127490039840638,0.253577317465097,0.416559277498163,0.6701365949632601,0.14,0.084,0.886,522.08,22470.3232,13.9134,2.1366519823788543,2.13043795620438,9.661195652173914,3,3,3
Indian,25619,Spice Bistro,Ghost Kitchen,North Shore,1.03,37.79,1134,74,2796.46,530,318,212,20028.7,12017.22,8011.48,0.280480350507423,0.24037831450114,0.3,4,1.18,250.16,1339.9,3587.97,2152.78,3588.47,0.07,0.5,0.3,0.2,10669.119999999999,9.408395061728394,0.06525573192239859,0.46737213403880074,0.2804232804232804,0.18694885361552027,0.280480350507423,0.24037831450114,0.5208586650085629,0.15,0.09,0.236,1168.02,44139.4758,17.865333333333336,6.757005649717514,6.748526645768026,16.84727699530516,3,2,1
Indian,25702,Tandoori Grill,QSR,North Shore,1.03,41.99,658,54,2267.46,302,181,121,12680.98,7600.19,5080.79,0.243614952657372,0.354848248395137,0.31,11,3.25,393.25,910.47,1160.78,695.7,1646.87,0.09,0.5,0.3,0.2,4413.82,6.707933130699088,0.08206686930091187,0.4589665653495441,0.2750759878419453,0.1838905775075988,0.243614952657372,0.354848248395137,0.598463201052509,0.155,0.093,0.65,677.74,28458.3026,16.554000000000002,3.8309570957095707,3.8225274725274727,13.498934426229507,3,3,1
Indian,25621,Royal Tavern,Ghost Kitchen,West Auckland,1.04,43.04,494,14,602.56,240,144,96,10329.6,6197.76,4131.84,0.255894589831587,0.205308423144743,0.31,17,5.02,481.92,324.66,2363.38,1418.03,1744.3,0.03,0.5,0.3,0.2,5850.37,11.842854251012145,0.02834008097165992,0.4858299595141701,0.29149797570850206,0.19433198380566805,0.255894589831587,0.205308423144743,0.46120301297633004,0.155,0.093,1.004,513.76,22112.2304,21.644000000000002,9.806556016597511,9.77951724137931,17.982474226804122,3,2,3
Indian,26229,Bombay Corner,Full-service,CBD,0.99,41.17,1023,259,10663.03,382,229,153,15726.94,9427.93,6299.01,0.384577803127468,0.502161127631553,0.3,10,2.95,451.35,1207.71,-2936.83,-1760.56,262.08,0.34,0.5,0.3,0.2,-3227.6,-3.155034213098729,0.25317693059628543,0.3734115347018573,0.2238514173998045,0.1495601173020528,0.384577803127468,0.502161127631553,0.886738930759021,0.15,0.09,0.5900000000000001,1012.77,41695.740900000004,4.645038461538462,-7.667963446475196,-7.654608695652174,1.7018181818181817,3,1,0
Indian,26351,Bombay Kitchen,QSR,CBD,0.99,42.78,655,75,3208.5,290,174,116,12406.2,7443.72,4962.48,0.230082014799118,0.373872275324538,0.32,15,4.43,513.88,1270.71,943.44,566.06,1451.49,0.13,0.5,0.3,0.2,4231.7,6.460610687022901,0.11450381679389313,0.44274809160305345,0.26564885496183205,0.17709923664122135,0.230082014799118,0.373872275324538,0.603954290123656,0.16,0.096,0.886,648.45,27740.691000000003,16.71986842105263,3.2420618556701033,3.234628571428571,12.405897435897437,3,3,0
Indian,26109,Royal House,Ghost Kitchen,West Auckland,1.04,45.81,1247,113,5176.53,567,340,227,25974.27,15575.4,10398.87,0.288132431264967,0.215756261278875,0.33,5,1.48,335.96,2568.14,4314.62,2587.25,4823.04,0.1,0.5,0.3,0.2,14293.05,11.461948676824377,0.09061748195669607,0.454691259021652,0.272654370489174,0.18203688853247796,0.288132431264967,0.215756261278875,0.503888692543842,0.165,0.099,0.296,1296.88,59410.0728,22.52754385964912,7.596161971830986,7.5872434017595305,21.153684210526315,3,2,3
Indian,25261,Royal Diner,Ghost Kitchen,South Auckland,1.05,32.48,1288,84,2728.32,602,361,241,19552.96,11725.28,7827.68,0.268672183249146,0.212484299775679,0.29,7,2.07,498.87,1415.57,4474.57,2683.25,3562.47,0.07,0.5,0.3,0.2,12135.859999999999,9.42225155279503,0.06521739130434784,0.4673913043478261,0.2802795031055901,0.18711180124223603,0.268672183249146,0.212484299775679,0.481156483024825,0.145,0.087,0.414,1352.4,43925.952,16.653764705882352,7.420514096185737,7.412292817679558,14.72095041322314,3,2,2
Indian,26395,Royal Diner,Cafe,North Shore,1.03,45.44,816,60,2726.4,378,227,151,17176.32,10314.88,6861.44,0.275416014790535,0.42073417454958,0.29,3,0.89,134.39,828.42,237.89,142.86,1950.46,0.08,0.5,0.3,0.2,3159.63,3.872095588235294,0.07352941176470588,0.463235294117647,0.2781862745098039,0.18504901960784312,0.275416014790535,0.42073417454958,0.696150189340115,0.145,0.087,0.17800000000000002,840.48,38191.4112,13.580655737704918,0.6276781002638522,0.6265789473684211,12.831973684210526,3,0,1
Indian,25020,Bombay Corner,Ghost Kitchen,South Auckland,1.05,44.46,1142,94,4179.24,524,314,210,23297.04,13960.44,9336.6,0.29728110745782,0.28438880398171,0.27,12,3.54,743.4,1748.3,3455.65,2070.75,3162.38,0.09,0.5,0.3,0.2,10437.08,9.139299474605954,0.08231173380035026,0.4588441330998249,0.27495621716287216,0.18388791593695272,0.29728110745782,0.28438880398171,0.5816699114395301,0.135,0.081,0.7080000000000001,1199.1000000000001,53311.986000000004,18.403157894736843,6.582190476190476,6.5738095238095235,14.987582938388627,3,2,2
Indian,25630,Royal Corner,QSR,CBD,0.99,42.28,648,79,3340.12,284,171,114,12007.52,7229.88,4819.92,0.21846462784335,0.426658635912463,0.27,16,4.72,538.08,1185.33,1019.16,613.65,1172.4,0.14,0.5,0.3,0.2,3990.54,6.158240740740741,0.12191358024691357,0.4382716049382716,0.2638888888888889,0.1759259259259259,0.21846462784335,0.426658635912463,0.645123263755813,0.135,0.081,0.944,641.52,27123.465600000003,14.816624999999998,3.576,3.567732558139535,10.194782608695652,3,3,0
Indian,25750,Curry House,Ghost Kitchen,CBD,0.99,40.14,449,21,842.94,214,128,86,8589.96,5137.92,3452.04,0.291667738580145,0.302083383267745,0.29,3,0.89,76.54,342.44,998.57,597.28,1325.85,0.05,0.5,0.3,0.2,3264.14,7.269799554565702,0.0467706013363029,0.47661469933184847,0.28507795100222716,0.19153674832962136,0.291667738580145,0.302083383267745,0.5937511218478899,0.145,0.087,0.17800000000000002,444.51,17842.631400000002,15.565454545454545,4.644511627906977,4.630077519379845,15.239655172413793,3,2,0
Indian,25592,Bombay Corner,QSR,North Shore,1.03,40.42,921,76,3071.92,422,254,169,17057.24,10266.68,6830.98,0.208839475605637,0.363626535539515,0.32,17,5.02,848.38,1313.35,1834.23,1104.02,2072.1,0.09,0.5,0.3,0.2,6323.700000000001,6.866123778501629,0.08251900108577631,0.4581976112920738,0.27578718783930506,0.18349619978284468,0.208839475605637,0.363626535539515,0.572466011145152,0.16,0.096,1.004,948.63,38343.62460000001,17.056493506493506,4.3362411347517735,4.3294901960784316,12.188823529411764,3,3,1
Indian,26159,Royal Corner,Cafe,North Shore,1.03,42.43,1620,160,6788.8,730,438,292,30973.9,18584.34,12389.56,0.264138978626579,0.383973315777257,0.28,3,0.89,259.88,2388.9,2226.64,1335.99,4099.85,0.11,0.5,0.3,0.2,10051.380000000001,6.204555555555556,0.09876543209876543,0.4506172839506173,0.27037037037037037,0.1802469135802469,0.264138978626579,0.383973315777257,0.648112294403836,0.14,0.084,0.17800000000000002,1668.6000000000001,70798.698,14.837888198757765,3.046019151846785,3.0432574031890662,13.992662116040957,3,0,1
Indian,25187,Curry Kitchen,QSR,West Auckland,1.04,32.01,685,56,1792.56,314,189,126,10051.14,6049.89,4033.26,0.228754629679024,0.402184822689742,0.32,13,3.84,483.84,661.56,493.11,296.81,1004.68,0.09,0.5,0.3,0.2,2456.16,3.5856350364963503,0.08175182481751825,0.4583941605839416,0.2759124087591241,0.18394160583941607,0.228754629679024,0.402184822689742,0.6309394523687659,0.16,0.096,0.768,712.4,22803.924,11.606315789473683,1.5654285714285714,1.5621578947368422,7.910866141732283,3,3,3
Indian,26523,Bombay Eatery,Full-service,West Auckland,1.04,43.64,1104,191,8335.24,456,274,183,19899.84,11957.36,7986.12,0.390994754375424,0.491138987615705,0.3,7,2.07,378.81,982.44,-3624.43,-2177.84,562.48,0.21,0.5,0.3,0.2,-4257.35,-3.8562952898550726,0.17300724637681159,0.4130434782608695,0.24818840579710144,0.16576086956521738,0.390994754375424,0.491138987615705,0.882133741991129,0.15,0.09,0.414,1148.16,50105.70240000001,5.116875,-7.930919037199124,-7.919418181818182,3.0569565217391306,3,1,3
Indian,25513,Bombay Diner,Full-service,West Auckland,1.04,44.1,1397,288,12700.8,554,333,222,24431.4,14685.3,9790.2,0.378183438710403,0.486664456594735,0.28,17,5.02,1114.44,1716.54,-3538.84,-2127.13,208.73,0.26,0.5,0.3,0.2,-3740.7000000000003,-2.677666428060129,0.2061560486757337,0.3965640658554045,0.2383679312813171,0.15891195418754475,0.378183438710403,0.486664456594735,0.864847895305138,0.14,0.084,1.004,1452.88,64072.008,5.939584775086505,-6.376288288288289,-6.368652694610779,0.9360089686098654,3,1,3
Indian,25150,Bombay Kitchen,Full-service,South Auckland,1.05,43.05,979,163,7017.15,408,245,163,17564.4,10547.25,7017.15,0.350764955207705,0.540549789648503,0.3,11,3.25,529.75,762.66,-3360.33,-2017.84,232.91,0.2,0.5,0.3,0.2,-4382.6,-4.476608784473953,0.1664964249233912,0.4167517875383044,0.25025536261491316,0.1664964249233912,0.350764955207705,0.540549789648503,0.891314744856208,0.15,0.09,0.65,1027.95,44253.247500000005,4.650365853658537,-8.215965770171149,-8.20260162601626,1.4201829268292683,3,1,2
Indian,25393,Tandoori Kitchen,Full-service,West Auckland,1.04,42.79,1725,263,11253.77,731,439,292,31279.49,18784.81,12494.68,0.383935440494679,0.537415620498359,0.31,3,0.89,259.88,885.1,-7236.54,-4345.89,722.81,0.18,0.5,0.3,0.2,-9974.52,-5.782330434782609,0.15246376811594203,0.423768115942029,0.2544927536231884,0.16927536231884058,0.383935440494679,0.537415620498359,0.921351060993038,0.155,0.093,0.17800000000000002,1794.0,76765.26000000001,3.352651515151515,-9.885983606557376,-9.877022727272728,2.466928327645051,3,1,3
Indian,25072,Bombay Tavern,Full-service,CBD,0.99,30.05,1568,380,11419.0,594,356,238,17849.7,10697.8,7151.9,0.367287768563256,0.468091827607714,0.32,12,3.54,842.52,1879.8,-2773.48,-1662.22,334.83,0.32,0.5,0.3,0.2,-2221.07,-1.416498724489796,0.2423469387755102,0.3788265306122449,0.2270408163265306,0.15178571428571427,0.367287768563256,0.468091827607714,0.83537959617097,0.16,0.096,0.7080000000000001,1552.32,46647.216,4.933858267716535,-4.661310924369748,-4.656078431372549,1.4009623430962344,3,1,0
Indian,25760,Royal Tavern,QSR,South Auckland,1.05,36.97,1027,76,2809.72,476,285,190,17597.72,10536.45,7024.3,0.279037442803383,0.351388502935879,0.32,6,1.77,336.3,1038.4,872.39,522.33,2259.7,0.08,0.5,0.3,0.2,4692.82,4.569444985394353,0.07400194741966892,0.4634858812074002,0.2775073028237585,0.18500486854917234,0.279037442803383,0.351388502935879,0.630425945739262,0.16,0.096,0.35400000000000004,1078.3500000000001,39866.599500000004,13.485714285714288,1.8289098532494759,1.8263286713286715,11.83089005235602,3,3,2
Indian,26045,Tandoori Eatery,QSR,North Shore,1.03,45.09,836,96,4328.64,370,222,148,16683.3,10009.98,6673.32,0.224925592765212,0.394521895237267,0.28,4,1.18,174.64,1647.27,1677.55,1006.53,2364.91,0.13,0.5,0.3,0.2,6696.259999999999,8.009880382775119,0.11483253588516748,0.44258373205741625,0.26555023923444976,0.17703349282296652,0.224925592765212,0.394521895237267,0.619447488002479,0.14,0.084,0.236,861.08,38826.0972,16.982164948453608,4.521698113207547,4.5135874439461885,15.871879194630871,3,3,1
Indian,25155,Royal Kitchen,QSR,West Auckland,1.04,38.16,1293,117,4464.72,588,353,235,22438.08,13470.48,8967.6,0.272497455328703,0.418535946961492,0.3,5,1.48,347.8,1379.45,201.19,120.78,2422.89,0.1,0.5,0.3,0.2,4124.3099999999995,3.1897215777262176,0.09048723897911834,0.45475638051044087,0.27300850734725446,0.1817478731631864,0.272497455328703,0.418535946961492,0.6910334022901949,0.15,0.09,0.296,1344.72,51314.5152,11.690254237288135,0.34157894736842104,0.3411864406779661,10.266483050847457,3,3,3
Indian,25160,Curry Bistro,QSR,South Auckland,1.05,32.32,1615,173,5591.36,721,433,288,23302.72,13994.56,9308.16,0.246366346720606,0.39404577978421,0.3,16,4.72,1359.36,2010.59,1388.56,833.91,1987.74,0.12,0.5,0.3,0.2,6220.799999999999,3.8518885448916405,0.10712074303405572,0.44643962848297214,0.2681114551083591,0.17832817337461299,0.246366346720606,0.39404577978421,0.640412126504816,0.15,0.09,0.944,1695.75,54806.64000000001,11.555114942528736,1.923213296398892,1.9214516129032257,6.877993079584775,3,3,2
Indian,26128,Curry Cafe,Cafe,South Auckland,1.05,41.0,904,74,3034.0,415,249,166,17015.0,10209.0,6806.0,0.270414457395673,0.400200273632072,0.28,18,5.31,881.46,999.35,840.29,504.17,1360.34,0.09,0.5,0.3,0.2,3704.1499999999996,4.097511061946903,0.08185840707964602,0.459070796460177,0.2754424778761062,0.1836283185840708,0.270414457395673,0.400200273632072,0.670614731027745,0.14,0.084,1.062,949.2,38917.200000000004,13.324666666666667,2.0199278846153845,2.01668,8.145748502994012,3,0,2
Indian,25967,Tandoori Cafe,Cafe,CBD,0.99,44.01,787,71,3124.71,358,215,143,15755.58,9462.15,6293.43,0.258653102219105,0.417162339389324,0.3,16,4.72,674.96,1012.98,381.04,228.84,1365.27,0.1,0.5,0.3,0.2,2988.13,3.796861499364676,0.09021601016518424,0.45489199491740784,0.2731893265565438,0.18170266836086404,0.258653102219105,0.417162339389324,0.675815441608429,0.15,0.09,0.944,779.13,34289.511300000006,14.069166666666668,1.0613927576601672,1.0594444444444444,9.481041666666666,3,0,0
Indian,25200,Royal Cafe,Cafe,West Auckland,1.04,36.33,807,59,2143.47,374,224,150,13587.42,8137.92,5449.5,0.244643699340522,0.411526006320491,0.29,10,2.95,442.5,736.99,731.41,438.07,1431.2,0.08,0.5,0.3,0.2,3337.67,4.1358983890954155,0.07311028500619579,0.4634448574969021,0.27757125154894674,0.1858736059479554,0.244643699340522,0.411526006320491,0.656169705661013,0.145,0.087,0.5900000000000001,839.28,30491.0424,12.283166666666666,1.9504266666666665,1.9469777777777777,9.478145695364239,3,0,3
Indian,25564,Spice Diner,QSR,North Shore,1.03,41.64,689,56,2331.84,316,190,127,13158.24,7911.6,5288.28,0.278555665779859,0.3838096778607,0.3,6,1.77,224.79,787.31,495.21,297.75,1560.72,0.09,0.5,0.3,0.2,3140.99,4.558766328011611,0.08127721335268506,0.45863570391872277,0.2757619738751814,0.18432510885341075,0.278555665779859,0.3838096778607,0.662365343640559,0.15,0.09,0.35400000000000004,709.6700000000001,29550.6588,13.812456140350877,1.5621766561514194,1.5589005235602094,12.193125,3,3,1
Indian,25282,Royal Grill,QSR,South Auckland,1.05,36.32,842,90,3268.8,376,226,150,13656.32,8208.32,5448.0,0.225730990171432,0.44383520053234,0.28,5,1.48,222.0,1080.12,688.74,413.98,1578.2,0.12,0.5,0.3,0.2,3761.04,4.466793349168646,0.10688836104513065,0.44655581947743467,0.2684085510688836,0.17814726840855108,0.225730990171432,0.44383520053234,0.669566190703772,0.14,0.084,0.296,884.1,32110.512,11.869450549450548,1.826896551724138,1.8237004405286343,10.451655629139074,3,3,2
Indian,25324,Tandoori Grill,Full-service,South Auckland,1.05,41.93,1195,246,10314.78,474,285,190,19874.82,11950.05,7966.7,0.3501767747337,0.478179407468997,0.33,16,4.72,896.8,1770.47,-3147.3,-1892.36,470.63,0.26,0.5,0.3,0.2,-2798.56,-2.3418912133891214,0.2058577405857741,0.39665271966527205,0.23849372384937242,0.15899581589958162,0.3501767747337,0.478179407468997,0.828356182202697,0.165,0.099,0.944,1254.75,52611.667499999996,7.167894736842105,-6.625894736842105,-6.6166433566433565,2.4640314136125654,3,1,2
Indian,26497,Royal Corner,Ghost Kitchen,West Auckland,1.04,34.9,1575,60,2094.0,758,454,303,26454.2,15844.6,10574.7,0.268563216878101,0.317875550244935,0.33,4,1.18,357.54,866.0,2210.55,1323.99,4015.75,0.04,0.5,0.3,0.2,8416.29,5.343676190476191,0.0380952380952381,0.4812698412698413,0.28825396825396826,0.1923809523809524,0.268563216878101,0.317875550244935,0.586438767123036,0.165,0.099,0.236,1638.0,57166.200000000004,14.19672131147541,2.9124505928853757,2.909868131868132,13.209703947368421,3,2,3
Indian,26215,Royal Corner,QSR,West Auckland,1.04,46.53,1575,168,7817.04,704,422,281,32757.12,19635.66,13074.93,0.255600685477257,0.415959274978377,0.31,16,4.72,1326.32,2567.43,604.04,362.08,2968.01,0.12,0.5,0.3,0.2,6501.5599999999995,4.127974603174603,0.10666666666666666,0.446984126984127,0.2679365079365079,0.1784126984126984,0.255600685477257,0.415959274978377,0.6715599604556339,0.155,0.093,0.944,1638.0,76216.14,15.19189349112426,0.8567943262411347,0.8559810874704491,10.524858156028369,3,3,3
Indian,25933,Royal Corner,Full-service,North Shore,1.03,40.29,1196,283,11402.07,456,274,183,18372.24,11039.46,7373.07,0.365806857531425,0.46437070867978,0.31,12,3.54,647.82,1936.33,-2575.38,-1547.48,604.29,0.31,0.5,0.3,0.2,-1582.2400000000002,-1.3229431438127093,0.2366220735785953,0.38127090301003347,0.22909698996655514,0.15301003344481603,0.365806857531425,0.46437070867978,0.830177566211205,0.155,0.093,0.7080000000000001,1231.88,49632.4452,6.81806338028169,-5.635404814004376,-5.6272,3.2841847826086954,3,1,1
Indian,26136,Bombay Grill,Full-service,North Shore,1.03,36.46,965,239,8713.94,363,218,145,13234.98,7948.28,5286.7,0.378225913411006,0.538635544292629,0.32,12,3.54,513.3,724.46,-3134.86,-1882.64,-73.77,0.33,0.5,0.3,0.2,-4366.81,-4.52519170984456,0.24766839378238348,0.3761658031088083,0.22590673575129536,0.15025906735751296,0.378225913411006,0.538635544292629,0.916861457703635,0.16,0.096,0.7080000000000001,993.95,36239.416999999994,3.0185833333333334,-8.612252747252748,-8.596529680365297,-0.5052739726027397,3,1,1
Indian,25855,Curry Cafe,Cafe,South Auckland,1.05,34.09,1151,95,3238.55,528,317,211,17999.52,10806.53,7192.99,0.247257538642734,0.43013094838243,0.31,3,0.89,187.79,1044.79,227.0,136.29,2132.75,0.09,0.5,0.3,0.2,3540.83,3.0763075586446567,0.08253692441355344,0.45873153779322334,0.2754126846220678,0.18331885317115554,0.247257538642734,0.43013094838243,0.677388487025164,0.155,0.093,0.17800000000000002,1208.55,41199.4695,10.883229166666666,0.42911153119092627,0.4285849056603773,10.060141509433961,3,0,2
Indian,26341,Spice Kitchen,QSR,North Shore,1.03,39.46,1363,123,4853.58,620,372,248,24465.2,14679.12,9786.08,0.236265187393874,0.44987448786851,0.31,13,3.84,952.32,1523.35,94.44,56.67,2119.14,0.1,0.5,0.3,0.2,3793.6,2.783272193690389,0.09024211298606015,0.4548789435069699,0.27292736610418195,0.18195157740278795,0.236265187393874,0.44987448786851,0.686139675262384,0.155,0.093,0.768,1403.89,55397.49940000001,12.28508064516129,0.15207729468599032,0.15193029490616622,8.510602409638553,3,3,1
Indian,26382,Curry Eatery,Cafe,North Shore,1.03,33.31,485,40,1332.4,222,134,89,7394.82,4463.54,2964.59,0.251609610263258,0.42814964284189,0.3,9,2.66,236.74,426.69,149.68,90.35,712.64,0.09,0.5,0.3,0.2,1379.3600000000001,2.8440412371134025,0.08247422680412372,0.45773195876288664,0.27628865979381445,0.18350515463917527,0.251609610263258,0.42814964284189,0.679759253105148,0.15,0.09,0.532,499.55,16640.0105,10.407073170731707,0.6712107623318386,0.6692592592592592,7.918222222222222,3,0,1
Indian,26585,Curry Eatery,Full-service,West Auckland,1.04,37.19,724,149,5541.31,288,172,115,10710.72,6396.68,4276.85,0.35548200319754,0.474432263011113,0.28,3,0.89,102.35,942.5,-1177.26,-703.09,625.08,0.26,0.5,0.3,0.2,-312.77,-0.4320027624309392,0.20580110497237572,0.39779005524861877,0.2375690607734807,0.1588397790055249,0.35548200319754,0.474432263011113,0.8299142662086529,0.14,0.084,0.17800000000000002,752.96,28002.5824,6.283333333333333,-4.07356401384083,-4.064104046242774,5.3886206896551725,3,1,3
Indian,25495,Bombay Grill,QSR,CBD,0.99,35.13,1500,184,6463.92,658,395,263,23115.54,13876.35,9239.19,0.253726597707719,0.393319322844036,0.32,3,0.89,234.07,2281.47,761.75,457.28,3026.94,0.14,0.5,0.3,0.2,6527.4400000000005,4.351626666666667,0.12266666666666667,0.4386666666666667,0.26333333333333336,0.17533333333333334,0.253726597707719,0.393319322844036,0.6470459205517549,0.16,0.096,0.17800000000000002,1485.0,52168.05,12.33227027027027,1.155918057663126,1.1547474747474746,11.46568181818182,3,3,0
Indian,26021,Bombay Kitchen,Cafe,CBD,0.99,39.89,1474,121,4826.69,676,406,271,26965.64,16195.34,10810.19,0.217689578849822,0.424683736334555,0.32,7,2.07,560.97,1726.15,1014.63,609.38,3305.04,0.09,0.5,0.3,0.2,6655.200000000001,4.515061058344641,0.08208955223880596,0.4586160108548168,0.27544097693351427,0.18385345997286295,0.217689578849822,0.424683736334555,0.642373315184377,0.16,0.096,0.414,1459.26,58209.8814,14.14877049180328,1.498714918759232,1.4972481572481573,12.150882352941176,3,0,0
Indian,26628,Curry Grill,QSR,North Shore,1.03,38.74,1300,96,3719.04,602,361,241,23321.48,13985.14,9336.34,0.216772768590599,0.414154488639906,0.3,14,4.13,995.33,1372.6,1610.88,965.99,2450.46,0.08,0.5,0.3,0.2,6399.93,4.923023076923077,0.07384615384615384,0.46307692307692305,0.2776923076923077,0.1853846153846154,0.216772768590599,0.414154488639906,0.630927257230505,0.15,0.09,0.8260000000000001,1339.0,51872.86,14.150515463917525,2.671442786069652,2.6684806629834252,10.125867768595041,3,3,1
Indian,26266,Royal Bistro,QSR,North Shore,1.03,40.33,674,61,2460.13,306,184,123,12340.98,7420.72,4960.59,0.215120532363653,0.359738411800936,0.29,3,0.89,109.47,1045.9,1667.77,1002.84,1999.48,0.1,0.5,0.3,0.2,5715.99,8.480697329376854,0.09050445103857567,0.45400593471810086,0.27299703264094954,0.1824925816023739,0.215120532363653,0.359738411800936,0.574858944164589,0.145,0.087,0.17800000000000002,694.22,27997.892600000003,16.86935483870968,5.432475570032573,5.420756756756757,16.12483870967742,3,3,1
Indian,26469,Tandoori Bistro,Cafe,West Auckland,1.04,34.65,721,77,2668.05,322,193,129,11157.3,6687.45,4469.85,0.20615260142833,0.364671457675286,0.32,11,3.25,419.25,1145.06,1218.11,730.11,1499.1,0.12,0.5,0.3,0.2,4592.38,6.369459084604716,0.10679611650485436,0.4466019417475728,0.26768377253814146,0.17891816920943135,0.20615260142833,0.364671457675286,0.570824059103616,0.16,0.096,0.65,749.84,25981.956000000002,14.68025641025641,3.7712383900928788,3.763453608247423,11.53153846153846,3,0,3
Indian,26429,Curry House,Ghost Kitchen,West Auckland,1.04,41.83,894,50,2091.5,422,253,169,17652.26,10582.99,7069.27,0.275768244359642,0.201577129750513,0.28,8,2.36,398.84,1093.13,4283.4,2568.01,3295.95,0.06,0.5,0.3,0.2,11240.49,12.573255033557047,0.05592841163310961,0.4720357941834451,0.2829977628635346,0.1890380313199105,0.275768244359642,0.201577129750513,0.477345374110155,0.14,0.084,0.472,929.76,38891.8608,21.433921568627454,10.126241134751773,10.110275590551183,19.387941176470587,3,2,3
Indian,26390,Spice Corner,QSR,West Auckland,1.04,40.26,765,81,3261.06,342,205,137,13768.92,8253.3,5515.62,0.222713766936213,0.396285373903811,0.32,15,4.43,606.91,1242.47,839.92,503.46,1494.55,0.12,0.5,0.3,0.2,4080.3999999999996,5.333856209150326,0.10588235294117648,0.4470588235294118,0.2679738562091503,0.17908496732026144,0.222713766936213,0.396285373903811,0.618999140840024,0.16,0.096,0.886,795.6,32030.856,15.152073170731708,2.448746355685131,2.4439805825242717,10.830072463768115,3,3,3
Indian,25299,Tandoori Diner,QSR,South Auckland,1.05,40.89,1004,99,4048.11,452,272,181,18482.28,11122.08,7401.09,0.207066530697048,0.369789207098074,0.29,8,2.36,427.16,1712.93,2460.81,1480.84,2704.57,0.11,0.5,0.3,0.2,8359.15,8.325846613545817,0.09860557768924304,0.450199203187251,0.2709163346613546,0.1802788844621514,0.207066530697048,0.369789207098074,0.576855737795122,0.145,0.087,0.472,1054.2,43106.238,17.1293,5.432251655629139,5.424322344322344,14.860274725274726,3,3,2
Indian,26392,Curry Tavern,Full-service,North Shore,1.03,36.06,1655,287,10349.22,684,410,274,24665.04,14784.6,9880.44,0.369987202459015,0.495347937755287,0.28,17,5.02,1375.48,1393.68,-3584.7,-2148.72,-44.93,0.21,0.5,0.3,0.2,-4384.67,-2.6493474320241694,0.17341389728096676,0.4132930513595166,0.24773413897280966,0.16555891238670695,0.369987202459015,0.495347937755287,0.865335140214302,0.14,0.084,1.004,1704.65,61469.679000000004,4.839166666666667,-5.233138686131387,-5.228029197080292,-0.16338181818181818,3,1,1
Indian,26393,Bombay Cafe,Cafe,South Auckland,1.05,36.79,1378,169,6217.51,604,363,242,22221.16,13354.77,8903.18,0.245227572824806,0.426755411108024,0.28,3,0.89,215.38,2039.45,1066.99,641.26,2705.01,0.14,0.5,0.3,0.2,6452.71,4.6826632801161105,0.12264150943396226,0.4383164005805515,0.26342525399129174,0.17561683599419448,0.245227572824806,0.426755411108024,0.67198298393283,0.14,0.084,0.17800000000000002,1446.9,53231.45100000001,11.996764705882352,1.763619834710744,1.7617032967032966,11.13172839506173,3,0,2
Indian,25505,Tandoori Cafe,Cafe,South Auckland,1.05,33.54,553,45,1509.3,254,152,102,8519.16,5098.08,3421.08,0.26561315715313,0.383903538808227,0.33,16,4.72,481.44,528.98,174.5,104.43,717.59,0.09,0.5,0.3,0.2,1525.5,2.7585895117540686,0.081374321880651,0.4593128390596745,0.27486437613019893,0.1844484629294756,0.26561315715313,0.383903538808227,0.649516695961357,0.165,0.099,0.944,580.65,19475.001,11.499565217391305,0.6843137254901961,0.6825490196078432,6.966893203883496,3,0,2
Indian,25788,Bombay Grill,QSR,North Shore,1.03,33.36,892,116,3869.76,388,233,155,12943.68,7772.88,5170.8,0.220360619928688,0.366872822563164,0.29,16,4.72,731.6,1597.31,1589.05,954.25,1402.73,0.15,0.5,0.3,0.2,5543.34,6.214506726457399,0.13004484304932734,0.4349775784753363,0.26121076233183854,0.17376681614349776,0.220360619928688,0.366872822563164,0.5872334424918519,0.145,0.087,0.944,918.76,30649.8336,13.652222222222221,4.084961439588689,4.077991452991453,8.991858974358975,3,3,1
Indian,25830,Bombay Tavern,Full-service,West Auckland,1.04,36.26,786,176,6381.76,305,183,122,11059.3,6635.58,4423.72,0.398135793290567,0.490069181914441,0.28,16,4.72,575.84,713.45,-1860.23,-1116.14,-81.29,0.29,0.5,0.3,0.2,-2344.21,-2.9824554707379134,0.22391857506361323,0.3880407124681933,0.23282442748091603,0.15521628498727735,0.398135793290567,0.490069181914441,0.888204975205008,0.14,0.084,0.944,817.44,29640.3744,4.030790960451978,-6.079183006535947,-6.065978260869565,-0.6608943089430895,3,1,3
Indian,25307,Tandoori Diner,QSR,CBD,0.99,37.74,1314,130,4906.2,592,355,237,22342.08,13397.7,8944.38,0.211934431362897,0.355948929814622,0.31,10,2.95,699.15,2120.05,2728.34,1636.08,3165.87,0.11,0.5,0.3,0.2,9650.34,7.344246575342466,0.0989345509893455,0.4505327245053273,0.2701674277016743,0.18036529680365296,0.211934431362897,0.355948929814622,0.567883361177519,0.155,0.093,0.5900000000000001,1300.86,49094.4564,16.183587786259544,4.600910623946038,4.595730337078652,13.301974789915965,3,3,0
Indian,25387,Curry Eatery,QSR,South Auckland,1.05,34.07,650,79,2691.53,286,171,114,9744.02,5825.97,3883.98,0.258222869858146,0.372453051176853,0.27,4,1.18,134.52,994.05,967.82,578.66,1299.93,0.14,0.5,0.3,0.2,3840.46,5.9084,0.12153846153846155,0.44,0.2630769230769231,0.1753846153846154,0.258222869858146,0.372453051176853,0.630675921034999,0.135,0.081,0.236,682.5,23252.775,12.425625,3.37219512195122,3.364302325581395,11.303739130434783,3,3,2
Indian,26480,Tandoori House,Full-service,CBD,0.99,35.53,1404,224,7958.72,590,354,236,20962.7,12577.62,8385.08,0.350804590468761,0.519909499539062,0.29,15,4.43,1045.48,1028.95,-3369.0,-2021.4,38.59,0.19,0.5,0.3,0.2,-4322.860000000001,-3.078960113960114,0.15954415954415954,0.4202279202279202,0.25213675213675213,0.16809116809116809,0.350804590468761,0.519909499539062,0.870714090007823,0.145,0.087,0.886,1389.96,49385.2788,4.573111111111111,-5.700507614213198,-5.694084507042254,0.1628270042194093,3,1,0
Indian,25956,Curry Kitchen,Ghost Kitchen,North Shore,1.03,43.78,687,32,1400.96,328,196,131,14359.84,8580.88,5735.18,0.294028268253896,0.297554703603964,0.32,15,4.43,580.33,572.18,1269.65,758.7,1762.02,0.05,0.5,0.3,0.2,4362.549999999999,6.350145560407568,0.046579330422125184,0.4774381368267831,0.2852983988355167,0.19068413391557498,0.294028268253896,0.297554703603964,0.59158297185786,0.16,0.096,0.886,707.61,30979.165800000002,17.338787878787876,3.859118541033435,3.851269035532995,13.348636363636363,3,2,1
Indian,26238,Tandoori Grill,Full-service,West Auckland,1.04,34.76,855,202,7021.52,326,196,131,11331.76,6812.96,4553.56,0.354687712131999,0.532977459742688,0.32,6,1.77,231.87,788.76,-2353.21,-1414.81,279.65,0.31,0.5,0.3,0.2,-2699.61,-3.1574385964912284,0.2362573099415205,0.38128654970760234,0.22923976608187135,0.15321637426900586,0.354687712131999,0.532977459742688,0.887665171874687,0.16,0.096,0.35400000000000004,889.2,30908.592,3.8855172413793104,-7.196360856269114,-7.181776649746193,2.1185606060606057,3,1,3
Indian,25068,Royal Bistro,Full-service,CBD,0.99,31.5,1811,326,10269.0,742,446,297,23373.0,14049.0,9355.5,0.374791724944953,0.466369308275171,0.29,4,1.18,350.46,1631.12,-3065.63,-1842.68,1135.56,0.22,0.5,0.3,0.2,-2141.6300000000006,-1.1825676421866376,0.1800110436223081,0.409718387631143,0.24627277747101048,0.16399779127553837,0.374791724944953,0.466369308275171,0.841161033220124,0.145,0.087,0.236,1792.8899999999999,56476.034999999996,4.9881345565749236,-4.126016150740242,-4.122326621923937,3.8106040268456374,3,1,0
Indian,25189,Spice Cafe,Ghost Kitchen,South Auckland,1.05,37.8,1432,41,1549.8,696,417,278,26308.8,15762.6,10508.4,0.252295297326054,0.309719776711427,0.33,8,2.36,656.08,678.79,2840.95,1702.12,3946.44,0.03,0.5,0.3,0.2,9168.3,6.402444134078212,0.02863128491620112,0.4860335195530726,0.2912011173184358,0.1941340782122905,0.252295297326054,0.309719776711427,0.562015074037481,0.165,0.099,0.472,1503.6000000000001,56836.08,16.161666666666665,4.075968436154949,4.072057416267942,14.14494623655914,3,2,2
Indian,25312,Curry House,Cafe,CBD,0.99,41.94,1570,168,7045.92,701,421,280,29399.94,17656.74,11743.2,0.204454137217253,0.366188482311554,0.3,16,4.72,1321.6,3025.22,3803.1,2284.03,3720.43,0.12,0.5,0.3,0.2,12832.78,8.173745222929936,0.10700636942675158,0.44649681528662416,0.2681528662420382,0.178343949044586,0.204454137217253,0.366188482311554,0.570642619528807,0.15,0.09,0.944,1554.3,65187.342000000004,17.900710059171598,5.417521367521368,5.41239336492891,13.239964412811387,3,0,0
Indian,25556,Spice Cafe,Cafe,CBD,0.99,37.68,919,83,3127.44,418,251,167,15750.24,9457.68,6292.56,0.278962976634502,0.44875985973049,0.3,11,3.25,542.75,851.53,-436.64,-262.19,1170.57,0.1,0.5,0.3,0.2,1323.27,1.4399020674646354,0.09031556039173015,0.454842219804135,0.2731229597388466,0.18171926006528838,0.278962976634502,0.44875985973049,0.7277228363649919,0.15,0.09,0.65,909.81,34281.6408,10.137261904761905,-1.0421002386634846,-1.0404365079365079,6.967678571428571,3,0,0
Indian,25557,Bombay Corner,Full-service,North Shore,1.03,44.39,1425,369,16379.91,528,317,211,23437.92,14071.63,9366.29,0.374002317059785,0.462979784887284,0.3,3,0.89,187.79,2670.22,-3210.58,-1927.56,1339.08,0.35,0.5,0.3,0.2,-1128.8400000000001,-0.7921684210526316,0.25894736842105265,0.37052631578947365,0.22245614035087719,0.14807017543859652,0.374002317059785,0.462979784887284,0.8369821019470689,0.15,0.09,0.17800000000000002,1467.75,65153.4225,7.21681081081081,-6.069149338374291,-6.061509433962264,6.3164150943396224,3,1,1
Indian,25275,Curry Cafe,Full-service,West Auckland,1.04,40.5,1419,206,8343.0,606,364,243,24543.0,14742.0,9841.5,0.361040137254167,0.463562854845077,0.31,12,3.54,860.22,1463.34,-3303.56,-1984.32,865.95,0.17,0.5,0.3,0.2,-2958.59,-2.084982381959126,0.14517265680056377,0.427061310782241,0.25651867512332627,0.17124735729386892,0.361040137254167,0.463562854845077,0.8246029920992439,0.155,0.093,0.7080000000000001,1475.76,59768.28,7.06927536231884,-5.4424382207578255,-5.436493150684932,3.548975409836066,3,1,3
Indian,25438,Tandoori Corner,Cafe,North Shore,1.03,37.51,761,56,2100.56,352,212,141,13203.52,7952.12,5288.91,0.211977686174214,0.370079564861953,0.3,4,1.18,166.38,877.91,1557.26,937.89,2044.08,0.08,0.5,0.3,0.2,5417.139999999999,7.118449408672798,0.0735873850197109,0.46254927726675427,0.278580814717477,0.1852825229960578,0.211977686174214,0.370079564861953,0.582057251036167,0.15,0.09,0.236,783.83,29401.463300000003,15.401929824561403,4.411501416430595,4.403239436619718,14.394929577464788,3,0,1
Indian,25802,Tandoori Tavern,Cafe,North Shore,1.03,38.72,930,114,4414.08,408,245,163,15797.76,9486.4,6311.36,0.223570773955435,0.42723926785402,0.32,18,5.31,865.53,1541.35,461.14,276.91,1338.33,0.14,0.5,0.3,0.2,3617.7299999999996,3.8900322580645157,0.12258064516129033,0.43870967741935485,0.26344086021505375,0.17526881720430107,0.223570773955435,0.42723926785402,0.650810041809455,0.16,0.096,1.062,957.9,37089.888,13.40304347826087,1.127481662591687,1.1256504065040651,8.160548780487805,3,0,1
Indian,25076,Royal Eatery,QSR,CBD,0.99,34.16,1389,114,3894.24,638,382,255,21794.08,13049.12,8710.8,0.25112802170217,0.394247443974018,0.3,10,2.95,752.25,1380.99,1190.49,712.8,2336.81,0.09,0.5,0.3,0.2,5621.09,4.04686105111591,0.08207343412526996,0.4593232541396688,0.27501799856011516,0.18358531317494597,0.25112802170217,0.394247443974018,0.6453754656761881,0.15,0.09,0.5900000000000001,1375.11,46973.757600000004,12.008608695652175,1.8630516431924882,1.8610966057441252,9.1281640625,3,3,0
Indian,25522,Tandoori Grill,Cafe,West Auckland,1.04,43.9,883,108,4741.2,388,232,155,17033.2,10184.8,6804.5,0.251194011364132,0.351942593744025,0.27,10,2.95,457.25,1881.61,2160.89,1292.08,2243.21,0.14,0.5,0.3,0.2,7577.79,8.581868629671574,0.12231030577576445,0.43941109852774635,0.2627406568516421,0.1755379388448471,0.251194011364132,0.351942593744025,0.603136605108157,0.135,0.081,0.5900000000000001,918.32,40314.248,17.26247706422018,5.554987146529562,5.545407725321888,14.379551282051283,3,0,3
Indian,26694,Spice Tavern,Ghost Kitchen,CBD,0.99,36.2,1373,89,3221.8,642,385,257,23240.4,13937.0,9303.4,0.284615032421425,0.261543587490451,0.31,6,1.77,454.89,1462.19,3342.93,2004.72,3767.38,0.07,0.5,0.3,0.2,10577.220000000001,7.7037290604515665,0.06482155863073562,0.4675892206846322,0.28040786598689005,0.18718135469774216,0.284615032421425,0.261543587490451,0.546158619911876,0.155,0.093,0.35400000000000004,1359.27,49205.574,16.246555555555556,5.1989580093312595,5.193575129533679,14.602248062015505,3,2,0
Indian,25361,Bombay Corner,QSR,North Shore,1.03,42.27,1565,167,7059.09,699,419,280,29546.73,17711.13,11835.6,0.253019167240709,0.44921028285753,0.3,15,4.43,1240.4,2101.99,-65.87,-39.49,2283.89,0.12,0.5,0.3,0.2,4280.5199999999995,2.7351565495207666,0.10670926517571885,0.44664536741214056,0.26773162939297124,0.17891373801916932,0.253019167240709,0.44921028285753,0.702229450098239,0.15,0.09,0.886,1611.95,68137.1265,12.511845238095237,-0.0941,-0.09402380952380952,8.127722419928824,3,3,1
Indian,25686,Spice Tavern,Cafe,West Auckland,1.04,37.66,510,46,1732.36,232,139,93,8737.12,5234.74,3502.38,0.200643322840333,0.435225071781315,0.29,15,4.43,411.99,630.81,647.7,388.06,863.34,0.1,0.5,0.3,0.2,2529.91,4.960607843137255,0.09019607843137253,0.4549019607843137,0.2725490196078431,0.18235294117647058,0.200643322840333,0.435225071781315,0.635868394621648,0.145,0.087,0.886,530.4,19974.864,13.421489361702127,2.7798283261802577,2.771857142857143,9.184468085106383,3,0,3
Indian,25363,Curry Grill,Ghost Kitchen,West Auckland,1.04,36.03,1494,110,3963.3,692,415,277,24932.76,14952.45,9980.31,0.288230658089742,0.203706220642198,0.31,10,2.95,817.15,2013.61,4938.26,2961.53,4253.48,0.08,0.5,0.3,0.2,14166.88,9.48251673360107,0.07362784471218208,0.463186077643909,0.27777777777777785,0.18540829986613122,0.288230658089742,0.203706220642198,0.49193687873194003,0.155,0.093,0.5900000000000001,1553.76,55981.972799999996,18.14063063063063,7.125916305916307,7.1190625,15.300287769784171,3,2,3
Indian,25688,Curry Eatery,QSR,West Auckland,1.04,31.25,503,49,1531.25,227,136,91,7093.75,4250.0,2843.75,0.230203204471618,0.411707649985328,0.31,18,5.31,483.21,548.32,341.13,204.38,535.11,0.11,0.5,0.3,0.2,1628.94,3.2384493041749502,0.09741550695825049,0.45129224652087474,0.27037773359840955,0.18091451292246521,0.230203204471618,0.411707649985328,0.641910854456946,0.155,0.093,1.062,523.12,16347.5,10.9664,1.4961842105263157,1.4918248175182482,5.816413043478261,3,3,3
Indian,26620,Royal Cafe,QSR,West Auckland,1.04,31.34,644,53,1661.02,296,177,118,9276.64,5547.18,3698.12,0.220129707790911,0.444765468081459,0.32,5,1.48,174.64,556.62,140.12,83.79,1064.62,0.09,0.5,0.3,0.2,1845.1499999999999,2.8651397515527948,0.08229813664596274,0.45962732919254656,0.27484472049689446,0.18322981366459629,0.220129707790911,0.444765468081459,0.66489517587237,0.16,0.096,0.296,669.76,20990.2784,10.307777777777778,0.4717845117845118,0.4707303370786517,8.946386554621848,3,3,3
Indian,25042,Bombay Diner,Cafe,North Shore,1.03,40.89,1486,182,7441.98,652,391,261,26660.28,15987.99,10672.29,0.264747702013701,0.412279210542329,0.31,5,1.48,386.28,2403.56,345.87,207.41,3060.58,0.14,0.5,0.3,0.2,6017.42,4.049407806191117,0.1224764468371467,0.4387617765814267,0.2631224764468372,0.17563930013458953,0.264747702013701,0.412279210542329,0.67702691255603,0.155,0.093,0.296,1530.58,62585.41619999999,13.134207650273224,0.5296630934150076,0.5291071428571429,11.681603053435115,3,0,1
Indian,26177,Curry Kitchen,Full-service,South Auckland,1.05,40.9,1695,246,10061.4,724,435,290,29611.6,17791.5,11861.0,0.35075317309238,0.517579286312684,0.32,15,4.43,1284.7,1324.76,-5576.83,-3350.72,277.01,0.17,0.5,0.3,0.2,-7325.779999999999,-4.321994100294985,0.14513274336283186,0.4271386430678466,0.25663716814159293,0.1710914454277286,0.35075317309238,0.517579286312684,0.8683324594050641,0.16,0.096,0.886,1779.75,72791.77500000001,5.363400809716599,-7.6921793103448275,-7.685137614678899,0.9519243986254295,3,1,2
Indian,25652,Spice Corner,Ghost Kitchen,West Auckland,1.04,45.92,756,49,2250.08,354,212,141,16255.68,9735.04,6474.72,0.268270264845341,0.274301106890198,0.32,3,0.89,125.49,1029.25,2234.0,1337.87,2836.23,0.07,0.5,0.3,0.2,7437.35,9.83776455026455,0.06481481481481481,0.4682539682539682,0.2804232804232804,0.18650793650793648,0.268270264845341,0.274301106890198,0.5425713717355389,0.16,0.096,0.17800000000000002,786.24,36104.14080000001,20.585,6.292957746478873,6.281079812206572,19.973450704225353,3,2,3
Indian,26381,Royal Corner,Cafe,South Auckland,1.05,37.89,1398,103,3902.67,648,388,259,24552.72,14701.32,9813.51,0.246869681980461,0.438132131262682,0.31,5,1.48,383.32,1229.33,122.72,73.48,2707.92,0.08,0.5,0.3,0.2,4133.45,2.9566881258941344,0.0736766809728183,0.463519313304721,0.2775393419170243,0.18526466380543632,0.246869681980461,0.438132131262682,0.685001813243143,0.155,0.093,0.296,1467.9,55618.73100000001,11.820480769230768,0.1890909090909091,0.18889460154241647,10.415076923076924,3,0,2
Indian,26301,Royal Corner,QSR,North Shore,1.03,38.12,942,115,4383.8,414,248,165,15781.68,9453.76,6289.8,0.268955820500851,0.372937139170244,0.31,8,2.36,389.4,1569.87,759.21,454.79,1863.02,0.14,0.5,0.3,0.2,4646.889999999999,4.933004246284501,0.12208067940552017,0.4394904458598726,0.2632696390658174,0.1751592356687898,0.268955820500851,0.372937139170244,0.6418929596710949,0.155,0.093,0.472,970.26,36986.311200000004,13.533362068965516,1.8294216867469881,1.8264658634538153,11.223012048192771,3,3,1
Indian,25655,Curry Corner,Full-service,West Auckland,1.04,40.72,994,179,7288.88,408,244,163,16613.76,9935.68,6637.36,0.388945355406031,0.5055928963935,0.31,11,3.25,529.75,768.7,-3398.15,-2032.23,170.24,0.22,0.5,0.3,0.2,-4491.4400000000005,-4.518551307847083,0.18008048289738432,0.4104627766599597,0.2454728370221328,0.16398390342052313,0.388945355406031,0.5055928963935,0.8945382517995311,0.155,0.093,0.65,1033.76,42094.707200000004,4.270555555555556,-8.308435207823962,-8.294816326530613,1.038048780487805,3,1,3
Indian,25777,Bombay Grill,Cafe,West Auckland,1.04,33.33,1588,157,5232.81,716,429,286,23864.28,14298.57,9532.38,0.230246922746301,0.388176342844963,0.28,6,1.77,506.22,1996.72,2424.06,1452.4,3131.11,0.11,0.5,0.3,0.2,9004.29,5.670207808564232,0.09886649874055416,0.45088161209068006,0.2701511335012594,0.18010075566750627,0.230246922746301,0.388176342844963,0.618423265591264,0.14,0.084,0.35400000000000004,1651.52,55045.1616,12.63746835443038,3.380836820083682,3.3776744186046512,10.90979094076655,3,0,3
Indian,25090,Curry Diner,QSR,West Auckland,1.04,43.56,927,113,4922.28,407,244,163,17728.92,10628.64,7100.28,0.205600580256432,0.412046377081424,0.32,5,1.48,241.24,1882.05,1105.45,662.73,2473.57,0.14,0.5,0.3,0.2,6123.8,6.60604099244876,0.12189859762675298,0.43905070118662354,0.2632146709816613,0.17583603020496225,0.205600580256432,0.412046377081424,0.617646957337856,0.16,0.096,0.296,964.08,41995.324799999995,16.50921052631579,2.709436274509804,2.705020408163265,15.082743902439026,3,3,3
Indian,25939,Curry Cafe,Full-service,CBD,0.99,32.69,772,123,4020.87,324,195,130,10591.56,6374.55,4249.7,0.352214366337284,0.485965327802114,0.32,10,2.95,383.5,650.66,-1675.37,-1008.32,304.19,0.19,0.5,0.3,0.2,-1728.8400000000001,-2.2394300518134718,0.1593264248704663,0.41968911917098445,0.25259067357512954,0.16839378238341968,0.352214366337284,0.485965327802114,0.838179694139398,0.16,0.096,0.5900000000000001,764.28,24984.3132,5.247258064516129,-5.154984615384615,-5.144489795918368,2.3220610687022902,3,1,0
Indian,25337,Spice House,Full-service,West Auckland,1.04,32.02,1469,356,11399.12,556,334,223,17803.12,10694.68,7140.46,0.379499956371728,0.494955799099989,0.31,7,2.07,461.61,1431.09,-3283.89,-1972.7,434.83,0.32,0.5,0.3,0.2,-3390.67,-2.308148400272294,0.24234172906739282,0.37848876786929886,0.22736555479918313,0.15180394826412527,0.379499956371728,0.494955799099989,0.874455755471717,0.155,0.093,0.414,1527.76,48918.8752,4.008655462184874,-5.895673249551167,-5.888656716417911,1.9412053571428571,3,1,3
Indian,25336,Tandoori Diner,Cafe,West Auckland,1.04,40.5,1264,155,6277.5,554,333,222,22437.0,13486.5,8991.0,0.246210811920464,0.365804946655408,0.32,13,3.84,852.48,2435.57,1525.36,916.87,2635.89,0.14,0.5,0.3,0.2,7513.6900000000005,5.944375,0.12262658227848101,0.43829113924050633,0.2634493670886076,0.17563291139240506,0.246210811920464,0.365804946655408,0.6120157585758721,0.16,0.096,0.768,1314.56,53239.68,15.612628205128207,2.748396396396396,2.745119760479042,11.820134529147982,3,0,3
Indian,25862,Curry Corner,QSR,South Auckland,1.05,31.86,563,69,2198.34,247,148,99,7869.42,4715.28,3154.14,0.215387890022248,0.441896405839361,0.31,13,3.84,380.16,753.41,257.45,154.26,700.81,0.14,0.5,0.3,0.2,1865.9299999999998,3.3142628774422733,0.12255772646536413,0.43872113676731794,0.2628774422735346,0.1758436944937833,0.215387890022248,0.441896405839361,0.657284295861609,0.155,0.093,0.768,591.15,18834.039,10.763,1.0381048387096774,1.0353020134228188,7.0081,3,3,2
Indian,25218,Curry Eatery,Cafe,CBD,0.99,41.8,937,77,3218.6,430,258,172,17974.0,10784.4,7189.6,0.250285366009921,0.379183530481532,0.29,6,1.77,304.44,1192.59,1447.47,868.48,2359.53,0.09,0.5,0.3,0.2,5868.07,6.262614727854856,0.08217716115261472,0.4589114194236927,0.2753468516542156,0.18356456776947708,0.250285366009921,0.379183530481532,0.629468896491453,0.145,0.087,0.35400000000000004,927.63,38774.934,15.289615384615384,3.358399071925754,3.3532046332046335,13.638901734104047,3,0,0
Indian,25582,Tandoori Bistro,Full-service,South Auckland,1.05,32.71,1886,435,14228.85,726,435,290,23747.46,14228.85,9485.9,0.372665001999121,0.530481758853421,0.28,16,4.72,1368.8,1378.11,-4349.27,-2605.97,-450.06,0.3,0.5,0.3,0.2,-6027.190000000001,-3.1957529162248153,0.23064687168610817,0.38494167550371156,0.23064687168610817,0.1537645811240721,0.372665001999121,0.530481758853421,0.903146760852542,0.14,0.084,0.944,1980.3000000000002,64775.613,3.1608027522935775,-5.982489683631362,-5.976995412844036,-1.54659793814433,3,1,2
Indian,26674,Royal House,Full-service,West Auckland,1.04,45.84,1776,308,14118.72,734,440,294,33646.56,20169.6,13476.96,0.383812814799603,0.532299350085668,0.27,8,2.36,693.84,1184.39,-6262.03,-3753.81,436.71,0.21,0.5,0.3,0.2,-8394.74,-4.726768018018018,0.17342342342342343,0.4132882882882883,0.24774774774774774,0.16554054054054054,0.383812814799603,0.532299350085668,0.916112164885271,0.135,0.081,0.472,1847.04,84668.3136,3.8329773462783177,-8.519768707482992,-8.51204081632653,1.480372881355932,3,1,3
Indian,26312,Royal Corner,Cafe,CBD,0.99,40.75,1329,131,5338.25,599,359,240,24409.25,14629.25,9780.0,0.239654354639351,0.370142450649291,0.3,10,2.95,708.0,2083.0,2201.79,1319.61,3108.19,0.11,0.5,0.3,0.2,8712.59,6.555748683220466,0.09857035364936043,0.4507148231753198,0.27012791572610984,0.18058690744920994,0.239654354639351,0.370142450649291,0.609796805288642,0.15,0.09,0.5900000000000001,1315.71,53615.1825,15.780303030303031,3.66965,3.665583333333333,12.897053941908714,3,0,0
Indian,26555,Tandoori Tavern,Cafe,South Auckland,1.05,41.1,1048,120,4932.0,464,278,186,19070.4,11425.8,7644.6,0.238788859136403,0.395165687031113,0.29,18,5.31,987.66,1805.34,1450.22,868.88,1810.61,0.13,0.5,0.3,0.2,5935.049999999999,5.663215648854961,0.11450381679389314,0.4427480916030535,0.2652671755725191,0.17748091603053437,0.238788859136403,0.395165687031113,0.633954546167516,0.145,0.087,1.062,1100.4,45226.439999999995,14.920165289256198,3.118752688172043,3.1142652329749105,9.682406417112299,3,0,2
Indian,25103,Royal Tavern,Cafe,South Auckland,1.05,44.19,481,55,2430.45,213,128,85,9412.47,5656.32,3756.15,0.247696290276945,0.385943020856939,0.31,15,4.43,376.55,890.42,530.49,318.79,999.56,0.13,0.5,0.3,0.2,2739.2599999999998,5.694927234927235,0.11434511434511434,0.4428274428274428,0.2661122661122661,0.17671517671517672,0.247696290276945,0.385943020856939,0.633639311133884,0.155,0.093,0.886,505.05,22318.1595,15.900357142857143,2.4789252336448597,2.4712403100775195,11.622790697674418,3,0,2
Indian,26597,Spice Tavern,Cafe,CBD,0.99,44.0,970,119,5236.0,426,255,170,18744.0,11220.0,7480.0,0.202396530248225,0.363575630681589,0.27,15,4.43,753.1,2272.57,3074.54,1840.39,2493.43,0.14,0.5,0.3,0.2,9680.93,9.980340206185568,0.12268041237113401,0.43917525773195876,0.26288659793814434,0.17525773195876287,0.202396530248225,0.363575630681589,0.565972160929814,0.135,0.081,0.886,960.3,42253.2,18.938083333333335,7.200327868852459,7.1890234375,14.581461988304092,3,0,0
Indian,25345,Tandoori Kitchen,Cafe,CBD,0.99,30.42,551,67,2038.14,242,145,97,7361.64,4410.9,2950.74,0.234786411654204,0.443164036958478,0.3,4,1.18,114.46,656.38,162.32,97.26,835.82,0.14,0.5,0.3,0.2,1751.7800000000002,3.1792740471869334,0.12159709618874776,0.4392014519056262,0.2631578947368421,0.17604355716878403,0.234786411654204,0.443164036958478,0.6779504486126819,0.15,0.09,0.236,545.49,16593.8058,9.65264705882353,0.6679835390946501,0.6661643835616439,8.528775510204083,3,0,0
Indian,25507,Bombay Bistro,Cafe,North Shore,1.03,41.47,506,62,2571.14,222,133,89,9206.34,5515.51,3690.83,0.263065988197923,0.449756935448386,0.27,13,3.84,341.76,738.37,158.14,94.74,718.16,0.14,0.5,0.3,0.2,1709.4099999999999,3.378280632411067,0.1225296442687747,0.43873517786561267,0.2628458498023716,0.17588932806324112,0.263065988197923,0.449756935448386,0.7128229236463091,0.135,0.081,0.768,521.1800000000001,21613.334600000002,11.72015873015873,0.7091479820627802,0.7070149253731343,7.979555555555555,3,0,1
Indian,25064,Curry Kitchen,QSR,South Auckland,1.05,39.79,1108,144,5729.76,482,289,193,19178.78,11499.31,7679.47,0.274862326569855,0.387011474813335,0.29,16,4.72,910.96,1937.38,923.0,553.42,1685.67,0.15,0.5,0.3,0.2,5099.47,4.602409747292419,0.12996389891696752,0.4350180505415162,0.2608303249097473,0.17418772563176896,0.274862326569855,0.387011474813335,0.66187380138319,0.145,0.087,0.944,1163.4,46291.686,13.361241379310346,1.9109730848861284,1.9083448275862067,8.689020618556702,3,3,2
Indian,25913,Bombay Bistro,Full-service,North Shore,1.03,39.72,1516,220,8738.4,648,389,259,25738.56,15451.08,10287.48,0.383225433982443,0.51841914053075,0.27,5,1.48,383.32,859.47,-4417.88,-2652.09,628.51,0.17,0.5,0.3,0.2,-5581.99,-3.682051451187335,0.14511873350923482,0.42744063324538256,0.25659630606860157,0.170844327176781,0.383225433982443,0.51841914053075,0.901644574513193,0.135,0.081,0.296,1561.48,62021.98560000001,3.889004524886878,-6.807211093990755,-6.80023076923077,2.417346153846154,3,1,1
Indian,26333,Curry Bistro,Cafe,South Auckland,1.05,39.15,1282,147,5755.05,568,340,227,22237.2,13311.0,8887.05,0.230716460198164,0.444402274116874,0.27,14,4.13,937.51,1869.71,1220.41,730.52,1949.73,0.13,0.5,0.3,0.2,5770.37,4.50106864274571,0.11466458658346333,0.44305772230889234,0.26521060842433697,0.17706708268330731,0.230716460198164,0.444402274116874,0.675118734315038,0.135,0.081,0.8260000000000001,1346.1000000000001,52699.815,12.633175675675677,2.144833040421793,2.1422873900293253,8.551447368421053,3,0,2
Indian,26401,Tandoori House,QSR,South Auckland,1.05,39.1,510,37,1446.7,236,142,95,9227.6,5552.2,3714.5,0.204883327204734,0.423674208926968,0.31,13,3.84,364.8,537.37,566.97,341.14,1014.92,0.08,0.5,0.3,0.2,2460.4,4.824313725490196,0.07254901960784314,0.4627450980392157,0.2784313725490196,0.18627450980392157,0.204883327204734,0.423674208926968,0.628557536131702,0.155,0.093,0.768,535.5,20938.05,14.141315789473685,2.3922784810126583,2.3855944055944054,10.572083333333333,3,3,2
Indian,25270,Royal Grill,Cafe,North Shore,1.03,44.24,1636,148,6547.52,744,446,298,32914.56,19731.04,13183.52,0.228769693505019,0.427074353815988,0.27,7,2.07,616.86,2253.37,2440.81,1463.17,3920.33,0.1,0.5,0.3,0.2,10077.68,6.159951100244499,0.09046454767726161,0.4547677261613692,0.2726161369193154,0.1821515892420538,0.228769693505019,0.427074353815988,0.655844047321007,0.135,0.081,0.414,1685.0800000000002,74547.93920000001,15.123288590604027,3.276255033557047,3.27331096196868,13.111471571906355,3,0,1
Indian,25959,Tandoori House,Cafe,North Shore,1.03,32.04,524,60,1922.4,232,139,93,7433.28,4453.56,2979.72,0.219312045294791,0.381069437088445,0.27,4,1.18,109.74,768.23,963.49,577.26,1081.01,0.13,0.5,0.3,0.2,3389.99,6.469446564885496,0.11450381679389311,0.44274809160305334,0.26526717557251905,0.1774809160305343,0.219312045294791,0.381069437088445,0.600381482383236,0.135,0.081,0.236,539.72,17292.628800000002,12.593934426229508,4.135150214592275,4.123285714285714,11.500106382978723,3,0,1
Indian,26445,Bombay Grill,Full-service,West Auckland,1.04,42.58,1038,158,6727.64,440,264,176,18735.2,11241.12,7494.08,0.395378248509951,0.512961703492329,0.32,6,1.77,311.52,616.66,-4277.99,-2566.8,375.39,0.18,0.5,0.3,0.2,-5852.74,-5.638477842003853,0.15221579961464354,0.42389210019267826,0.254335260115607,0.16955684007707128,0.395378248509951,0.512961703492329,0.9083399520022799,0.16,0.096,0.35400000000000004,1079.52,45965.9616,3.8783647798742136,-9.700657596371881,-9.686037735849057,2.1208474576271183,3,1,3
Indian,26689,Tandoori Cafe,Full-service,North Shore,1.03,42.48,927,191,8113.68,368,221,147,15632.64,9388.08,6244.56,0.355269491649233,0.45088061185088,0.33,18,5.31,780.57,1572.84,-2128.39,-1278.19,429.94,0.26,0.5,0.3,0.2,-1403.8,-1.5143473570658037,0.20604099244875945,0.3969795037756203,0.238403451995685,0.15857605177993528,0.355269491649233,0.45088061185088,0.8061501035001131,0.165,0.099,1.062,954.8100000000001,40560.3288,8.191875,-5.767994579945799,-5.757612612612613,2.905,3,1,1
Indian,26285,Bombay Corner,Cafe,CBD,0.99,31.62,1649,189,5976.18,730,438,292,23082.6,13849.56,9233.04,0.26230069629848,0.39293724889867,0.3,8,2.36,689.12,2060.36,1033.22,619.93,2494.08,0.13,0.5,0.3,0.2,6207.59,3.7644572468162525,0.11461491813220134,0.4426925409338993,0.2656155245603396,0.17707701637355977,0.26230069629848,0.39293724889867,0.65523794519715,0.15,0.09,0.472,1632.51,51619.966199999995,10.844000000000001,1.4134336525307798,1.412141230068337,8.51221843003413,3,0,0
Indian,25479,Curry Bistro,QSR,North Shore,1.03,39.98,641,68,2718.64,286,172,115,11434.28,6876.56,4597.7,0.265662389323115,0.358416500827298,0.29,4,1.18,135.7,1021.99,982.45,590.84,1592.67,0.12,0.5,0.3,0.2,4187.950000000001,6.533463338533543,0.10608424336973478,0.4461778471138846,0.2683307332293292,0.17940717628705147,0.265662389323115,0.358416500827298,0.624078890150413,0.145,0.087,0.236,660.23,26395.9954,14.81144927536232,3.4231707317073172,3.4152601156069364,13.72991379310345,3,3,1
Indian,26207,Bombay Eatery,QSR,CBD,0.99,38.65,604,74,2860.1,265,159,106,10242.25,6145.35,4096.9,0.257352492902428,0.40286834645085,0.32,16,4.72,500.32,971.8,202.58,121.55,891.72,0.14,0.5,0.3,0.2,2187.6499999999996,3.6219370860927147,0.12251655629139073,0.43874172185430466,0.2632450331125828,0.17549668874172186,0.257352492902428,0.40286834645085,0.660220839353278,0.16,0.096,0.944,597.96,23111.154,12.957333333333333,0.7615789473684211,0.7596875,8.333831775700935,3,3,0
Indian,25724,Spice House,Ghost Kitchen,South Auckland,1.05,41.71,1373,113,4713.23,630,378,252,26277.3,15766.38,10510.92,0.266961202840321,0.253399959648959,0.28,7,2.07,521.64,2260.65,5245.97,3147.58,4519.81,0.09,0.5,0.3,0.2,15174.010000000002,11.051718863801895,0.08230152949745084,0.45884923525127463,0.2753095411507648,0.18353969410050985,0.266961202840321,0.253399959648959,0.52036116248928,0.14,0.084,0.414,1441.65,60131.2215,19.830263157894738,8.313740095087164,8.304960422163589,17.864861660079054,3,2,2
Indian,25238,Spice Bistro,Full-service,CBD,0.99,32.21,485,87,2802.27,199,119,80,6409.79,3832.99,2576.8,0.351886709034443,0.498530267947353,0.29,9,2.66,212.8,419.17,-900.04,-538.22,172.65,0.22,0.5,0.3,0.2,-846.4399999999999,-1.7452371134020617,0.1793814432989691,0.4103092783505155,0.24536082474226806,0.16494845360824745,0.351886709034443,0.498530267947353,0.850416976981796,0.145,0.087,0.532,480.15,15465.631499999998,4.763295454545455,-4.5001999999999995,-4.485166666666667,2.1314814814814818,3,1,0
Indian,26492,Curry Eatery,QSR,North Shore,1.03,37.39,940,122,4561.58,409,245,164,15292.51,9160.55,6131.96,0.224889688119292,0.40166338889394,0.29,9,2.66,436.24,1703.51,1276.11,764.42,1853.72,0.15,0.5,0.3,0.2,5597.76,5.9550638297872345,0.12978723404255318,0.43510638297872345,0.26063829787234044,0.17446808510638298,0.224889688119292,0.40166338889394,0.6265530770132319,0.145,0.087,0.532,968.2,36200.998,13.849674796747967,3.112463414634146,3.10739837398374,11.234666666666667,3,3,1
Indian,25320,Tandoori Corner,Full-service,South Auckland,1.05,34.11,1716,416,14189.76,650,390,260,22171.5,13302.9,8868.6,0.359559498040471,0.476637484016828,0.27,17,5.02,1305.2,2324.33,-2354.55,-1412.73,147.5,0.32,0.5,0.3,0.2,-1295.4500000000003,-0.7549242424242426,0.24242424242424243,0.3787878787878788,0.22727272727272727,0.15151515151515152,0.359559498040471,0.476637484016828,0.836196982057299,0.135,0.081,1.004,1801.8000000000002,61459.39800000001,5.573932853717026,-3.616820276497696,-3.6131202046035806,0.5651340996168582,3,1,2
Indian,26399,Curry Diner,QSR,West Auckland,1.04,33.57,1622,160,5371.2,731,439,292,24539.67,14737.23,9802.44,0.258429350443184,0.361078180908225,0.29,15,4.43,1293.56,2043.7,2220.66,1333.61,2436.19,0.11,0.5,0.3,0.2,8034.16,4.95324290998767,0.09864364981504316,0.4506781750924784,0.27065351418002465,0.18002466091245375,0.258429350443184,0.361078180908225,0.619507531351409,0.145,0.087,0.886,1686.88,56628.5616,12.693788819875778,3.033688524590164,3.030931818181818,8.314641638225256,3,3,3
Indian,25767,Tandoori Eatery,QSR,CBD,0.99,30.55,1366,112,3421.6,627,376,251,19154.85,11486.8,7668.05,0.277970379982144,0.371558752236888,0.29,8,2.36,592.36,1199.17,1158.31,694.62,2095.07,0.09,0.5,0.3,0.2,5147.17,3.768060029282577,0.08199121522693996,0.45900439238652996,0.27525622254758414,0.18374816983894582,0.277970379982144,0.371558752236888,0.649529132219032,0.145,0.087,0.472,1352.34,41313.987,10.612123893805311,1.8444426751592355,1.8424933687002654,8.313769841269842,3,3,0
Indian,25404,Curry Kitchen,Cafe,CBD,0.99,39.42,1547,127,5006.34,710,426,284,27988.2,16792.92,11195.28,0.205401578303427,0.443159784423187,0.28,14,4.13,1172.92,1759.42,1999.44,1199.66,2761.53,0.09,0.5,0.3,0.2,7720.050000000001,4.990336134453782,0.08209437621202327,0.4589528118939884,0.275371687136393,0.18358112475759536,0.205401578303427,0.443159784423187,0.648561362726614,0.14,0.084,0.8260000000000001,1531.53,60372.912599999996,13.74546875,2.8121518987341774,2.809508196721312,9.689578947368421,3,0,0
Indian,25202,Bombay Corner,Ghost Kitchen,North Shore,1.03,40.04,1418,92,3683.68,663,398,265,26546.52,15935.92,10610.6,0.291234462964348,0.259023642307147,0.3,18,5.31,1407.15,1656.71,3975.13,2386.27,3364.88,0.07,0.5,0.3,0.2,11382.990000000002,8.027496473906913,0.06488011283497884,0.4675599435825106,0.28067700987306066,0.18688293370944994,0.291234462964348,0.259023642307147,0.550258105271495,0.15,0.09,1.062,1460.54,58480.0216,17.81408602150538,5.98664156626506,5.98062656641604,12.649924812030076,3,2,1
Indian,25325,Tandoori Grill,QSR,West Auckland,1.04,34.01,1213,89,3026.89,562,337,225,19113.62,11461.37,7652.25,0.279793931487948,0.408069194294512,0.27,6,1.77,398.25,944.8,805.39,482.95,1990.3,0.08,0.5,0.3,0.2,4223.44,3.481813685078318,0.07337180544105523,0.46331409727947237,0.2778235779060182,0.18549051937345426,0.279793931487948,0.408069194294512,0.68786312578246,0.135,0.081,0.35400000000000004,1261.52,42904.2952,10.497777777777777,1.4305328596802842,1.4288461538461539,8.806637168141593,3,3,3
Indian,26621,Tandoori Eatery,QSR,CBD,0.99,40.33,628,72,2903.76,278,167,111,11211.74,6735.11,4476.63,0.26501995574683,0.399025585385971,0.33,16,4.72,523.92,975.53,66.76,40.1,980.02,0.13,0.5,0.3,0.2,2062.41,3.2840923566878977,0.11464968152866242,0.44267515923566875,0.2659235668789809,0.1767515923566879,0.26501995574683,0.399025585385971,0.664045541132801,0.165,0.099,0.944,621.72,25073.9676,13.363424657534246,0.23928315412186382,0.2386904761904762,8.750178571428572,3,3,0
Indian,26096,Spice Grill,Full-service,South Auckland,1.05,45.37,1762,229,10389.73,766,460,307,34753.42,20870.2,13928.59,0.373291050165426,0.50635389033705,0.28,6,1.77,543.39,1250.46,-5548.21,-3331.82,1132.99,0.15,0.5,0.3,0.2,-6496.58,-3.687048808172531,0.12996594778660614,0.4347332576617481,0.261066969353008,0.17423382519863795,0.373291050165426,0.50635389033705,0.879644940502476,0.14,0.084,0.35400000000000004,1850.1000000000001,83939.037,5.436782608695652,-7.233650586701434,-7.227375271149675,3.678538961038961,3,1,2
Indian,26097,Royal Grill,Ghost Kitchen,West Auckland,1.04,38.59,633,57,2199.63,288,173,115,11113.92,6676.07,4437.85,0.283717413037084,0.223925864184275,0.28,7,2.07,238.05,1083.0,2360.12,1417.71,1946.96,0.1,0.5,0.3,0.2,6807.79,10.75480252764613,0.09004739336492891,0.4549763033175355,0.273301737756714,0.18167456556082148,0.283717413037084,0.223925864184275,0.5076432772213589,0.14,0.084,0.414,658.32,25404.5688,18.67241379310345,8.166505190311419,8.147758620689656,16.784137931034483,3,2,3
Indian,26219,Royal Kitchen,QSR,North Shore,1.03,36.34,1293,128,4651.52,582,350,233,21149.88,12719.0,8467.22,0.273164425063878,0.437278969050385,0.31,15,4.43,1032.19,1346.88,-432.38,-260.02,1419.55,0.11,0.5,0.3,0.2,2074.03,1.6040448569218873,0.09899458623356536,0.45011600928074247,0.27068832173240526,0.18020108275328692,0.273164425063878,0.437278969050385,0.7104433941142629,0.155,0.093,0.886,1331.79,48397.248600000006,10.44093023255814,-0.7416466552315609,-0.7407977207977208,6.066452991452992,3,3,1
Indian,25047,Tandoori Eatery,QSR,West Auckland,1.04,44.82,734,78,3495.96,328,197,131,14700.96,8829.54,5871.42,0.244568080697209,0.403566297888756,0.32,14,4.13,541.03,1230.11,468.46,281.36,1524.92,0.12,0.5,0.3,0.2,3504.85,4.7749999999999995,0.10626702997275206,0.44686648501362397,0.2683923705722071,0.17847411444141692,0.244568080697209,0.403566297888756,0.648134378585965,0.16,0.096,0.8260000000000001,763.36,34213.7952,15.571012658227847,1.4238905775075987,1.421010101010101,11.552424242424243,3,3,3
Indian,25697,Royal House,QSR,South Auckland,1.05,41.5,883,87,3610.5,398,239,159,16517.0,9918.5,6598.5,0.220556069426239,0.42173113625031,0.31,17,5.02,798.18,1291.52,788.07,473.24,1562.19,0.11,0.5,0.3,0.2,4115.02,4.660271800679502,0.0985277463193658,0.4507361268403171,0.2706681766704417,0.18006795016987542,0.220556069426239,0.42173113625031,0.642287205676549,0.155,0.093,1.004,927.1500000000001,38476.725,14.676363636363636,1.9751127819548873,1.9718333333333333,9.7636875,3,3,2
Indian,26465,Tandoori Diner,QSR,North Shore,1.03,34.89,1339,143,4989.27,598,359,239,20864.22,12525.51,8338.71,0.216410799063742,0.360744556062855,0.3,17,5.02,1199.78,2109.69,2563.06,1538.69,2326.2,0.12,0.5,0.3,0.2,8537.64,6.376131441374159,0.10679611650485438,0.44660194174757284,0.2681105302464526,0.17849141150112022,0.216410799063742,0.360744556062855,0.577155355126597,0.15,0.09,1.004,1379.17,48119.2413,14.650625,4.2788981636060095,4.274138888888889,9.692499999999999,3,3,1
Indian,26222,Bombay Tavern,Cafe,CBD,0.99,35.06,1469,145,5083.7,662,397,265,23209.72,13918.82,9290.9,0.257371511384845,0.422914584865794,0.32,5,1.48,392.2,1625.33,-6.64,-3.98,2578.23,0.11,0.5,0.3,0.2,4192.94,2.85428182437032,0.09870660313138188,0.45064669843430905,0.27025187202178347,0.1803948264125255,0.257371511384845,0.422914584865794,0.680286096250639,0.16,0.096,0.296,1454.31,50988.10860000001,11.132397260273972,-0.010015082956259426,-0.01,9.692593984962405,3,0,0
Indian,26613,Royal Kitchen,Cafe,West Auckland,1.04,35.71,478,58,2071.18,210,126,84,7499.1,4499.46,2999.64,0.216459960769862,0.374055620725267,0.29,17,5.02,421.68,848.12,896.03,537.62,806.63,0.14,0.5,0.3,0.2,3088.4,6.4610878661087865,0.1213389121338912,0.4393305439330544,0.2635983263598326,0.17573221757322174,0.216459960769862,0.374055620725267,0.590515581495129,0.145,0.087,1.004,497.12,17752.1552,14.374915254237289,4.246587677725119,4.233228346456693,9.489764705882353,3,0,3
Indian,26104,Curry Grill,Full-service,North Shore,1.03,37.2,1558,203,7551.6,678,406,271,25221.6,15103.2,10081.2,0.394597242539749,0.46595036315266,0.27,6,1.77,479.67,1053.09,-3292.62,-1971.69,926.18,0.15,0.5,0.3,0.2,-3285.0399999999995,-2.1084980744544284,0.1302952503209243,0.4351732991014121,0.2605905006418486,0.1739409499358152,0.394597242539749,0.46595036315266,0.860547605692409,0.135,0.081,0.35400000000000004,1604.74,59696.327999999994,5.162205882352941,-4.849219440353461,-4.844447174447175,3.4050735294117644,3,1,1
Indian,26145,Spice Grill,QSR,South Auckland,1.05,40.64,1020,84,3413.76,468,281,187,19019.52,11419.84,7599.68,0.235223977230489,0.353703589946963,0.31,14,4.13,772.31,1403.3,1922.35,1154.23,2351.71,0.09,0.5,0.3,0.2,6831.589999999999,6.69763725490196,0.0823529411764706,0.45882352941176474,0.2754901960784314,0.18333333333333335,0.235223977230489,0.353703589946963,0.588927567177452,0.155,0.093,0.8260000000000001,1071.0,43525.439999999995,16.50941176470588,4.098827292110874,4.0930141843971635,12.50909574468085,3,3,2
Indian,25458,Royal Bistro,Full-service,CBD,0.99,32.89,1708,319,10491.91,694,417,278,22825.66,13715.13,9143.42,0.358053909707814,0.541396578447893,0.3,12,3.54,984.12,1054.96,-4552.59,-2735.49,-64.75,0.23,0.5,0.3,0.2,-6297.87,-3.687277517564403,0.186768149882904,0.4063231850117096,0.24414519906323184,0.16276346604215458,0.358053909707814,0.541396578447893,0.899450488155707,0.15,0.09,0.7080000000000001,1690.92,55614.358799999995,3.2967500000000003,-6.550489208633094,-6.544234449760765,-0.23207885304659498,3,1,0
Indian,26107,Tandoori Tavern,Cafe,North Shore,1.03,39.73,971,119,4727.87,426,256,170,16924.98,10170.88,6754.1,0.220234274100512,0.356106535042636,0.3,4,1.18,200.6,2003.01,2092.93,1257.72,2660.84,0.14,0.5,0.3,0.2,8014.5,8.253861997940268,0.12255406797116376,0.4387229660144182,0.26364572605561276,0.1750772399588054,0.220234274100512,0.356106535042636,0.576340809143148,0.15,0.09,0.236,1000.13,39735.164899999996,16.69175,4.901475409836065,4.893852140077821,15.560467836257311,3,0,1
Indian,25744,Spice Bistro,Cafe,West Auckland,1.04,45.96,506,66,3033.36,220,132,88,10111.2,6066.72,4044.48,0.263840750865638,0.350082896370441,0.31,17,5.02,441.76,1171.11,769.22,461.53,1119.72,0.15,0.5,0.3,0.2,3521.58,6.959644268774704,0.13043478260869565,0.43478260869565216,0.2608695652173913,0.17391304347826086,0.263840750865638,0.350082896370441,0.613923647236079,0.155,0.093,1.004,526.24,24185.990400000002,17.47925373134328,3.480633484162896,3.4701503759398493,12.581123595505618,3,0,3
Indian,25866,Spice Corner,QSR,West Auckland,1.04,42.39,1697,208,8817.12,744,447,298,31538.16,18948.33,12632.22,0.269348163623363,0.408116451813839,0.27,8,2.36,703.28,2843.83,1656.87,995.46,3371.06,0.14,0.5,0.3,0.2,8867.22,5.225232763700648,0.12256923983500295,0.4384207424867413,0.26340601060695346,0.17560400707130228,0.269348163623363,0.408116451813839,0.6774646154372019,0.135,0.081,0.472,1764.88,74813.2632,13.606842105263157,2.2239865771812077,2.222008928571429,11.274448160535117,3,3,3
Indian,25746,Bombay Kitchen,Cafe,CBD,0.99,36.31,1164,151,5482.81,506,304,203,18372.86,11038.24,7370.93,0.219539311733097,0.379697456932627,0.27,14,4.13,838.39,2197.31,2402.49,1443.4,2115.61,0.15,0.5,0.3,0.2,8158.8099999999995,7.009286941580756,0.12972508591065293,0.4347079037800687,0.26116838487972505,0.17439862542955326,0.219539311733097,0.379697456932627,0.5992367686657241,0.135,0.081,0.8260000000000001,1152.36,41842.191600000006,14.455986842105263,4.738639053254437,4.732459016393443,10.370637254901961,3,0,0
Indian,26232,Tandoori Kitchen,QSR,North Shore,1.03,37.99,625,51,1937.49,287,172,115,10903.13,6534.28,4368.85,0.275574485715479,0.429182407120243,0.32,14,4.13,474.95,572.03,-269.93,-161.77,814.92,0.09,0.5,0.3,0.2,955.2499999999999,1.5283999999999998,0.0816,0.45919999999999994,0.2752,0.18400000000000002,0.275574485715479,0.429182407120243,0.704756892835722,0.16,0.096,0.8260000000000001,643.75,24456.0625,11.000576923076922,-0.9372569444444445,-0.9350867052023122,7.025172413793103,3,3,1
Indian,25949,Spice Grill,Cafe,North Shore,1.03,34.8,945,116,4036.8,414,249,166,14407.2,8665.2,5776.8,0.27771425018087,0.398123694886453,0.29,14,4.13,685.58,1308.58,492.18,296.02,1187.04,0.14,0.5,0.3,0.2,3283.8199999999997,3.4749417989417988,0.12275132275132275,0.4380952380952381,0.2634920634920635,0.17566137566137566,0.27771425018087,0.398123694886453,0.675837945067323,0.145,0.087,0.8260000000000001,973.35,33872.58,11.184444444444443,1.185975903614458,1.18408,7.108023952095808,3,0,1
Indian,26477,Bombay Tavern,Cafe,West Auckland,1.04,45.86,1100,100,4586.0,500,300,200,22930.0,13758.0,9172.0,0.218355244267732,0.397347188158892,0.3,5,1.48,296.0,1762.39,1932.94,1159.77,3228.78,0.1,0.5,0.3,0.2,8083.880000000001,7.348981818181819,0.09090909090909091,0.45454545454545453,0.2727272727272727,0.18181818181818182,0.218355244267732,0.397347188158892,0.615702432426624,0.15,0.09,0.296,1144.0,52463.840000000004,17.449405940594062,3.858163672654691,3.8530564784053154,16.06358208955224,3,0,3
Indian,25547,Spice Kitchen,QSR,CBD,0.99,30.69,1054,129,3959.01,462,278,185,14178.78,8531.82,5677.65,0.206030499003828,0.407672602171078,0.32,14,4.13,764.05,1529.35,940.01,565.63,1429.21,0.14,0.5,0.3,0.2,4464.2,4.235483870967742,0.12239089184060721,0.4383301707779886,0.2637571157495256,0.17552182163187854,0.206030499003828,0.407672602171078,0.613703101174906,0.16,0.096,0.8260000000000001,1043.46,32023.7874,11.76423076923077,2.030259179265659,2.027347670250896,7.683924731182796,3,3,0
Indian,26075,Bombay Cafe,Full-service,South Auckland,1.05,33.96,2027,491,16674.36,768,461,307,26081.28,15655.56,10425.72,0.351224799279589,0.532647073408589,0.32,18,5.31,1630.17,1936.36,-5317.24,-3191.73,-419.45,0.32,0.5,0.3,0.2,-6992.06,-3.4494622594967934,0.24222989639861867,0.37888505180069065,0.22742969906265417,0.1514553527380365,0.351224799279589,0.532647073408589,0.883871872688178,0.16,0.096,1.062,2128.35,72278.766,3.935691056910569,-6.914486345903771,-6.9085064935064935,-1.3618506493506493,3,1,2
Indian,25332,Spice Tavern,QSR,CBD,0.99,30.89,614,70,2162.3,272,163,109,8402.08,5035.07,3367.01,0.246180343739688,0.441651750309393,0.29,10,2.95,321.55,675.0,186.26,111.62,729.52,0.13,0.5,0.3,0.2,1702.4,2.772638436482085,0.11400651465798047,0.4429967426710098,0.26547231270358307,0.17752442996742673,0.246180343739688,0.441651750309393,0.687832094049081,0.145,0.087,0.5900000000000001,607.86,18776.7954,9.507042253521126,0.6822710622710623,0.680609756097561,6.632,3,3,0
Indian,25078,Spice Eatery,Full-service,CBD,0.99,34.5,954,184,6348.0,385,231,154,13282.5,7969.5,5313.0,0.380056269501802,0.466577301663347,0.3,6,1.77,272.58,973.57,-1947.66,-1168.6,542.26,0.24,0.5,0.3,0.2,-1600.43,-1.6775995807127884,0.1928721174004193,0.40356394129979034,0.24213836477987422,0.16142557651991615,0.380056269501802,0.466577301663347,0.8466335711651489,0.15,0.09,0.35400000000000004,944.46,32583.87,5.262540540540541,-5.045751295336788,-5.037068965517241,3.4984516129032257,3,1,0
Indian,26535,Curry Diner,Cafe,CBD,0.99,38.14,1607,159,6064.26,724,434,290,27613.36,16552.76,11060.6,0.204376494511962,0.383977796067484,0.31,11,3.25,942.5,2496.33,2806.78,1682.52,3610.55,0.11,0.5,0.3,0.2,10596.18,6.593764779091475,0.09894212818917236,0.4505289359054138,0.27006845052893586,0.1804604853764779,0.204376494511962,0.383977796067484,0.588354290579446,0.155,0.093,0.65,1590.93,60678.0702,15.602062499999999,3.8714206896551726,3.867862068965517,12.407388316151204,3,0,0
Indian,26643,Royal Grill,Full-service,CBD,0.99,33.57,1667,289,9701.73,689,413,276,23129.73,13864.41,9265.32,0.39728331787046,0.474615921708755,0.28,17,5.02,1385.52,1242.8,-3513.39,-2105.99,-198.63,0.21,0.5,0.3,0.2,-4575.21,-2.7445770845830832,0.1733653269346131,0.4133173365326935,0.24775044991001802,0.16556688662267546,0.39728331787046,0.474615921708755,0.871899239579215,0.14,0.084,1.004,1650.33,55401.57809999999,4.28551724137931,-5.091869565217391,-5.086932367149758,-0.7170758122743682,3,1,0
Indian,25756,Spice Diner,Cafe,North Shore,1.03,32.1,616,66,2118.6,275,165,110,8827.5,5296.5,3531.0,0.227221258115023,0.372634863946587,0.31,7,2.07,227.7,847.74,795.75,477.45,1185.21,0.12,0.5,0.3,0.2,3306.15,5.367126623376624,0.10714285714285715,0.44642857142857145,0.26785714285714285,0.17857142857142858,0.227221258115023,0.372634863946587,0.59985612206161,0.155,0.093,0.414,634.48,20366.807999999997,12.652835820895522,2.8831521739130435,2.8762048192771084,10.677567567567568,3,0,1
Indian,26606,Tandoori Diner,QSR,CBD,0.99,36.96,1185,145,5359.2,520,312,208,19219.2,11531.52,7687.68,0.224772080108523,0.37316050613299,0.29,5,1.48,307.84,2154.76,2153.85,1292.31,2783.13,0.14,0.5,0.3,0.2,8384.05,7.0751476793248935,0.12236286919831224,0.4388185654008439,0.26329113924050634,0.17552742616033756,0.224772080108523,0.37316050613299,0.597932586241513,0.145,0.087,0.296,1173.15,43359.623999999996,14.758630136986303,4.134069097888675,4.128785942492013,13.316411483253589,3,3,0
Indian,25759,Spice Cafe,QSR,North Shore,1.03,30.99,1553,178,5516.22,688,412,275,21321.12,12767.88,8522.25,0.270179027989507,0.355104209878482,0.32,16,4.72,1298.0,2067.02,1166.62,698.62,1895.43,0.13,0.5,0.3,0.2,5827.69,3.752537025112685,0.11461687057308435,0.44301352221506757,0.2652929813264649,0.17707662588538312,0.270179027989507,0.355104209878482,0.625283237867989,0.16,0.096,0.944,1599.5900000000001,49571.2941,11.547597765363129,1.6932075471698111,1.6915738498789346,6.867500000000001,3,3,1
Indian,26487,Spice House,Full-service,CBD,0.99,37.63,781,141,5305.83,320,192,128,12041.6,7224.96,4816.64,0.377514863258693,0.46494656840805,0.3,9,2.66,340.48,835.87,-1715.46,-1029.28,418.33,0.22,0.5,0.3,0.2,-1490.54,-1.9085019206145966,0.18053777208706787,0.4097311139564661,0.24583866837387966,0.16389244558258645,0.377514863258693,0.46494656840805,0.8424614316667429,0.15,0.09,0.532,773.1899999999999,29095.1397,5.886408450704225,-5.344112149532711,-5.333056994818652,3.2428682170542635,3,1,0
Indian,25153,Curry Grill,Cafe,CBD,0.99,40.16,850,84,3373.44,383,230,153,15381.28,9236.8,6144.48,0.259762070644647,0.447379531897604,0.3,3,0.89,136.17,987.94,-109.85,-65.97,1663.29,0.11,0.5,0.3,0.2,2475.41,2.9122470588235294,0.09882352941176471,0.4505882352941177,0.27058823529411763,0.18,0.259762070644647,0.447379531897604,0.707141602542251,0.15,0.09,0.17800000000000002,841.5,33794.64,11.622823529411765,-0.28606770833333334,-0.28558441558441555,10.800584415584416,3,0,0
Indian,25033,Spice Diner,Full-service,West Auckland,1.04,34.95,618,153,5347.35,232,140,93,8108.4,4893.0,3250.35,0.371757352666464,0.462851057504304,0.32,16,4.72,438.96,884.41,-1253.63,-756.5,98.62,0.33,0.5,0.3,0.2,-1027.1000000000004,-1.661974110032363,0.2475728155339806,0.37540453074433655,0.226537216828479,0.1504854368932039,0.371757352666464,0.462851057504304,0.834608410170768,0.16,0.096,0.944,642.72,22463.064,5.742922077922078,-5.380386266094421,-5.365248226950355,1.0491489361702129,3,1,3
Indian,26126,Spice Eatery,QSR,South Auckland,1.05,39.42,1685,139,5479.38,773,464,309,30471.66,18290.88,12180.78,0.230952102020383,0.362889633560553,0.31,3,0.89,275.01,2225.5,2930.1,1758.82,4672.31,0.09,0.5,0.3,0.2,11586.73,6.87639762611276,0.0824925816023739,0.4587537091988131,0.2753709198813057,0.18338278931750743,0.230952102020383,0.362889633560553,0.593841735580936,0.155,0.093,0.17800000000000002,1769.25,69743.835,15.896428571428572,3.785658914728682,3.7824086021505376,15.071967741935484,3,3,2
Indian,26653,Curry Tavern,Cafe,North Shore,1.03,40.32,968,88,3548.16,440,264,176,17740.8,10644.48,7096.32,0.265767632648349,0.375899662310258,0.27,14,4.13,726.88,1271.42,1567.09,940.26,1815.96,0.1,0.5,0.3,0.2,5594.7300000000005,5.779679752066116,0.09090909090909091,0.4545454545454546,0.27272727272727276,0.18181818181818182,0.265767632648349,0.375899662310258,0.6416672949586071,0.135,0.081,0.8260000000000001,997.0400000000001,40200.652799999996,14.28561797752809,3.5534920634920635,3.548150943396226,10.259661016949153,3,0,1
Indian,25440,Bombay Bistro,QSR,North Shore,1.03,33.12,792,97,3212.64,348,208,139,11525.76,6888.96,4603.68,0.244969292469323,0.365438399394043,0.29,16,4.72,656.08,1251.62,1147.88,686.09,1137.48,0.14,0.5,0.3,0.2,4223.07,5.332159090909091,0.12247474747474747,0.4393939393939394,0.2626262626262626,0.1755050505050505,0.244969292469323,0.365438399394043,0.610407691863366,0.145,0.087,0.944,815.76,27017.9712,12.771632653061223,3.2890544412607454,3.2827272727272727,8.124857142857143,3,3,1
Indian,26236,Royal Grill,QSR,CBD,0.99,40.75,599,64,2608.0,268,160,107,10921.0,6520.0,4360.25,0.211037353798747,0.438833950948901,0.3,8,2.36,252.52,913.14,547.46,326.84,1274.13,0.12,0.5,0.3,0.2,3061.5699999999997,5.111135225375626,0.10684474123539232,0.44741235392320533,0.2671118530884808,0.17863105175292154,0.211037353798747,0.438833950948901,0.649871304747648,0.15,0.09,0.472,593.01,24165.1575,14.048307692307691,2.035167286245353,2.030062111801242,11.797500000000001,3,3,0
Indian,26665,Royal Grill,Full-service,South Auckland,1.05,43.01,1756,304,13075.04,726,436,290,31225.26,18752.36,12472.9,0.38189453529194,0.513519361917861,0.28,14,4.13,1197.7,1367.47,-5477.34,-3289.42,106.79,0.21,0.5,0.3,0.2,-7292.5,-4.152904328018224,0.173120728929385,0.4134396355353075,0.24829157175398633,0.16514806378132119,0.38189453529194,0.513519361917861,0.8954138972098009,0.14,0.084,0.8260000000000001,1843.8000000000002,79301.838,4.483508196721312,-7.534167812929849,-7.527276887871854,0.36697594501718217,3,1,2
Indian,25578,Spice Cafe,QSR,West Auckland,1.04,32.96,934,114,3757.44,410,246,164,13513.6,8108.16,5405.44,0.202443747427315,0.354591334611177,0.28,7,2.07,339.48,1664.41,2202.24,1321.35,2054.94,0.14,0.5,0.3,0.2,7242.9400000000005,7.754753747323341,0.12205567451820129,0.4389721627408994,0.2633832976445396,0.17558886509635974,0.202443747427315,0.354591334611177,0.557035082038492,0.14,0.084,0.414,971.36,32016.0256,14.47313043478261,5.3582481751824815,5.349595141700404,12.45418181818182,3,3,3
Indian,25929,Bombay Grill,QSR,CBD,0.99,40.71,1586,144,5862.24,721,433,288,29351.91,17627.43,11724.48,0.261057219300419,0.387353183235973,0.28,11,3.25,936.0,2061.1,2101.29,1261.94,3186.21,0.1,0.5,0.3,0.2,8610.54,5.429092055485499,0.09079445145018915,0.4546027742749054,0.27301387137452715,0.1815889029003783,0.261057219300419,0.387353183235973,0.6484104025363919,0.14,0.084,0.65,1570.1399999999999,63920.399399999995,14.214482758620688,2.9103739612188364,2.9076958525345624,11.024948096885813,3,3,0
Indian,25525,Spice Bistro,Cafe,South Auckland,1.05,39.22,1707,169,6628.18,769,461,308,30160.18,18080.42,12079.76,0.221280722506344,0.383297110931016,0.32,14,4.13,1272.04,2620.93,2274.75,1363.66,3504.56,0.11,0.5,0.3,0.2,9763.9,5.7199179847686,0.09900410076157001,0.450497949619215,0.27006444053895723,0.1804335090802578,0.221280722506344,0.383297110931016,0.6045778334373599,0.16,0.096,0.8260000000000001,1792.3500000000001,70295.96699999999,15.417235294117646,2.9542207792207793,2.951645021645022,11.341618122977346,3,0,2
Indian,26147,Spice Grill,Full-service,South Auckland,1.05,44.16,993,246,10863.36,374,224,149,16515.84,9891.84,6579.84,0.392545880540274,0.520224752998911,0.28,6,1.77,263.73,947.6,-3183.77,-1906.86,310.23,0.33,0.5,0.3,0.2,-3832.7999999999997,-3.8598187311178247,0.24773413897280966,0.3766364551863041,0.22557905337361528,0.1500503524672709,0.392545880540274,0.520224752998911,0.912770633539185,0.14,0.084,0.35400000000000004,1042.65,46043.424000000006,3.836437246963563,-8.490053333333334,-8.474933333333333,2.0682,3,1,2
Indian,26619,Tandoori Bistro,Cafe,CBD,0.99,42.55,973,119,5063.45,427,256,171,18168.85,10892.8,7276.05,0.241101745236665,0.381717206002213,0.3,17,5.02,858.42,1909.84,1402.29,840.72,1885.97,0.14,0.5,0.3,0.2,6038.820000000001,6.20639260020555,0.12230215827338128,0.4388489208633093,0.26310380267214795,0.17574511819116134,0.241101745236665,0.381717206002213,0.622818951238878,0.15,0.09,1.004,963.27,40987.1385,15.915333333333333,3.276378504672897,3.271284046692607,10.964941860465116,3,0,0
Indian,26419,Spice Kitchen,Full-service,South Auckland,1.05,33.27,660,160,5323.2,250,150,100,8317.5,4990.5,3327.0,0.356647593807429,0.510117775341496,0.29,17,5.02,502.0,709.23,-1303.9,-782.34,-58.73,0.32,0.5,0.3,0.2,-1435.7400000000002,-2.175363636363637,0.2424242424242424,0.3787878787878788,0.22727272727272727,0.15151515151515152,0.356647593807429,0.510117775341496,0.866765369148925,0.145,0.087,1.004,693.0,23056.11,4.405155279503106,-5.194820717131474,-5.181059602649007,-0.5814851485148514,3,1,2
Indian,26501,Tandoori Corner,Ghost Kitchen,North Shore,1.03,35.43,1511,137,4853.91,687,412,275,24340.41,14597.16,9743.25,0.250613305682782,0.236551172996406,0.32,6,1.77,486.75,2489.26,4693.7,2814.85,4509.93,0.1,0.5,0.3,0.2,14507.74,9.601416280608868,0.09066843150231635,0.45466578424884185,0.27266710787557913,0.18199867637326275,0.250613305682782,0.236551172996406,0.487164478679188,0.16,0.096,0.35400000000000004,1556.33,55140.7719,18.038115942028988,6.822238372093023,6.815617433414044,16.340326086956523,3,2,1
Indian,25329,Bombay Cafe,Cafe,North Shore,1.03,34.77,817,81,2816.37,368,221,147,12795.36,7684.17,5111.19,0.20891814365983,0.436058595543727,0.27,15,4.43,651.21,999.88,1087.9,653.33,1163.38,0.11,0.5,0.3,0.2,3904.4900000000002,4.77905752753978,0.09914320685434516,0.45042839657282746,0.27050183598531213,0.17992656058751527,0.20891814365983,0.436058595543727,0.644976739203557,0.135,0.081,0.886,841.51,29259.3027,12.193658536585366,2.948238482384824,2.942927927927928,7.860675675675677,3,0,1
Indian,25936,Royal Cafe,QSR,West Auckland,1.04,40.36,1412,128,5166.08,642,385,257,25911.12,15538.6,10372.52,0.259702173862606,0.402220298838802,0.28,10,2.95,758.15,1746.54,1504.85,902.44,2748.57,0.1,0.5,0.3,0.2,6902.4,4.888385269121812,0.0906515580736544,0.45467422096317284,0.27266288951841366,0.18201133144475923,0.259702173862606,0.402220298838802,0.661922472701408,0.14,0.084,0.5900000000000001,1468.48,59267.85279999999,13.53906976744186,2.340357698289269,2.3379274611398966,10.653372093023256,3,3,3
Indian,25169,Bombay Eatery,Cafe,North Shore,1.03,33.38,1202,109,3638.42,546,328,219,18225.48,10948.64,7310.22,0.240091151744127,0.410124057391658,0.28,7,2.07,453.33,1272.66,1271.86,764.05,2103.67,0.1,0.5,0.3,0.2,5412.24,4.502695507487521,0.09068219633943428,0.454242928452579,0.27287853577371046,0.1821963394342762,0.240091151744127,0.410124057391658,0.650215209135785,0.14,0.084,0.414,1238.06,41326.442800000004,11.569636363636365,2.3251553930530164,2.3223404255319147,9.562136363636364,3,0,1
Indian,26262,Curry Corner,Full-service,CBD,0.99,30.28,957,237,7176.36,360,216,144,10900.8,6540.48,4360.32,0.389117768767756,0.534674153849483,0.27,3,0.89,128.16,546.9,-2112.49,-1267.49,204.13,0.33,0.5,0.3,0.2,-2628.95,-2.747074190177638,0.2476489028213166,0.37617554858934166,0.225705329153605,0.15047021943573669,0.389117768767756,0.534674153849483,0.9237919226172391,0.135,0.081,0.17800000000000002,947.43,28688.180399999997,2.2978991596638654,-5.851772853185595,-5.840967741935484,1.4077931034482758,3,1,0
Indian,25211,Curry Tavern,Cafe,South Auckland,1.05,35.75,911,104,3718.0,404,242,161,14443.0,8651.5,5755.75,0.24738922284916,0.375637275981717,0.31,16,4.72,759.92,1401.59,967.3,579.42,1409.85,0.13,0.5,0.3,0.2,4358.16,4.783929747530187,0.1141602634467618,0.4434687156970362,0.265642151481888,0.17672886937431395,0.24738922284916,0.375637275981717,0.623026498830877,0.155,0.093,0.944,956.5500000000001,34196.6625,13.34847619047619,2.388395061728395,2.384444444444444,8.702777777777778,3,0,2
Indian,26306,Bombay Eatery,Cafe,South Auckland,1.05,40.07,1218,100,4007.0,559,335,224,22399.13,13423.45,8975.68,0.275403123795986,0.396439639991149,0.31,4,1.18,264.32,1314.93,406.71,243.73,2681.11,0.09,0.5,0.3,0.2,4646.4800000000005,3.814844006568145,0.08210180623973727,0.45894909688013136,0.27504105090311987,0.1839080459770115,0.275403123795986,0.396439639991149,0.671842763787135,0.155,0.093,0.236,1278.9,51245.523,13.01910891089109,0.7262678571428571,0.7253869047619047,11.916044444444445,3,0,2
Indian,25482,Spice Eatery,Full-service,North Shore,1.03,31.8,888,154,4897.2,367,220,147,11670.6,6996.0,4674.6,0.392120596475434,0.483421585988253,0.3,13,3.84,564.48,609.49,-2048.68,-1228.09,17.31,0.21,0.5,0.3,0.2,-2649.97,-2.9842004504504502,0.1734234234234234,0.4132882882882883,0.24774774774774774,0.16554054054054054,0.392120596475434,0.483421585988253,0.8755421824636871,0.15,0.09,0.768,914.64,29085.552000000003,3.932193548387097,-5.5670652173913036,-5.556968325791855,0.11695945945945944,3,1,1
Indian,25457,Royal Diner,Full-service,CBD,0.99,39.01,1062,275,10727.75,394,236,157,15369.94,9206.36,6124.57,0.384822722373065,0.492451391811483,0.27,3,0.89,139.73,1316.57,-2263.59,-1355.86,611.91,0.35,0.5,0.3,0.2,-1690.9700000000003,-1.592250470809793,0.2589453860640301,0.3709981167608286,0.2222222222222222,0.147834274952919,0.384822722373065,0.492451391811483,0.8772741141845479,0.135,0.081,0.17800000000000002,1051.3799999999999,41014.3338,4.770181159420289,-5.730607594936709,-5.720928270042194,3.8728481012658227,3,1,0
Indian,26630,Spice House,Ghost Kitchen,South Auckland,1.05,43.17,655,59,2547.03,298,179,119,12864.66,7727.43,5137.23,0.276819002674893,0.345801801141351,0.32,4,1.18,140.42,961.2,738.16,443.39,1798.26,0.1,0.5,0.3,0.2,3941.01,6.0168091603053435,0.0900763358778626,0.45496183206106866,0.2732824427480916,0.18167938931297706,0.276819002674893,0.345801801141351,0.622620803816244,0.16,0.096,0.236,687.75,29690.167500000003,16.02,2.46876254180602,2.463277777777778,14.9855,3,2,2
Indian,25424,Curry House,Cafe,West Auckland,1.04,34.46,1146,122,4204.12,512,307,205,17643.52,10579.22,7064.3,0.267271007932723,0.403685403359123,0.31,15,4.43,908.15,1383.34,336.0,201.47,1416.31,0.12,0.5,0.3,0.2,3337.12,2.9119720767888304,0.10645724258289702,0.44677137870855144,0.2678883071553228,0.1788830715532286,0.267271007932723,0.403685403359123,0.670956411291846,0.155,0.093,0.886,1191.8400000000001,41070.80640000001,11.246666666666666,0.6549707602339181,0.6541233766233766,6.875291262135922,3,0,3
Indian,25905,Curry Grill,Full-service,West Auckland,1.04,40.99,1249,273,11190.27,488,293,195,20003.12,12010.07,7993.05,0.36133549696533,0.464482245361432,0.29,9,2.66,518.7,1949.15,-2316.72,-1390.98,873.55,0.28,0.5,0.3,0.2,-884.9999999999998,-0.708566853482786,0.21857485988791034,0.3907125700560448,0.23458767013610887,0.15612489991993594,0.36133549696533,0.464482245361432,0.8258177423267621,0.145,0.087,0.532,1298.96,53244.37040000001,7.113686131386862,-4.7376687116564415,-4.731224489795919,4.4568877551020405,3,1,3
Indian,25906,Royal Cafe,Cafe,North Shore,1.03,39.25,932,107,4199.75,412,248,165,16171.0,9734.0,6476.25,0.249628631453961,0.400936816562898,0.28,14,4.13,681.45,1467.54,1122.83,675.88,1581.58,0.13,0.5,0.3,0.2,4847.83,5.201534334763949,0.1148068669527897,0.44206008583690987,0.26609442060085836,0.17703862660944206,0.249628631453961,0.400936816562898,0.650565448016859,0.14,0.084,0.8260000000000001,959.96,37678.43,13.588333333333333,2.7187167070217915,2.7143775100401606,9.527590361445784,3,0,1
Indian,25705,Tandoori Diner,Cafe,West Auckland,1.04,40.63,1108,100,4063.0,504,302,202,20477.52,12270.26,8207.26,0.258585739787668,0.373463932843879,0.28,6,1.77,357.54,1494.98,1801.0,1079.17,2662.32,0.1,0.5,0.3,0.2,7037.469999999999,6.351507220216606,0.09025270758122743,0.4548736462093863,0.27256317689530685,0.18231046931407943,0.258585739787668,0.373463932843879,0.632049672631547,0.14,0.084,0.35400000000000004,1152.32,46818.761600000005,14.801782178217822,3.5663366336633664,3.561617161716172,13.114876847290642,3,0,3
Indian,25465,Royal House,Cafe,South Auckland,1.05,33.66,1408,139,4678.74,634,381,254,21340.44,12824.46,8549.64,0.277729024235159,0.425745386769995,0.29,6,1.77,449.58,1387.37,139.26,83.69,2085.61,0.11,0.5,0.3,0.2,3695.9300000000003,2.624950284090909,0.09872159090909091,0.4502840909090909,0.2705965909090909,0.18039772727272727,0.277729024235159,0.425745386769995,0.7034744110051541,0.145,0.087,0.35400000000000004,1478.4,49762.944,9.909785714285713,0.21930708661417322,0.21908376963350784,8.178862745098039,3,0,2
Indian,25923,Spice Bistro,Cafe,South Auckland,1.05,42.83,775,70,2998.1,352,212,141,15076.16,9079.96,6039.03,0.239987723380327,0.36103519462049,0.3,10,2.95,415.95,1196.17,1492.19,898.71,1993.48,0.1,0.5,0.3,0.2,5580.55,7.200709677419355,0.09032258064516129,0.45419354838709675,0.27354838709677415,0.18193548387096772,0.239987723380327,0.36103519462049,0.601022918000817,0.15,0.09,0.5900000000000001,813.75,34852.9125,16.847464788732395,4.227167138810199,4.219295774647888,14.038591549295775,3,0,2
Indian,26072,Tandoori Diner,Full-service,North Shore,1.03,36.89,736,182,6713.98,277,166,111,10218.53,6123.74,4094.79,0.364053797861561,0.454439165024087,0.31,14,4.13,458.43,1218.63,-1313.01,-786.86,284.8,0.33,0.5,0.3,0.2,-596.4399999999998,-0.8103804347826085,0.24728260869565216,0.37635869565217395,0.22554347826086954,0.15081521739130435,0.364053797861561,0.454439165024087,0.818492962885648,0.155,0.093,0.8260000000000001,758.08,27965.571200000002,6.659180327868853,-4.723057553956835,-4.711736526946108,2.542857142857143,3,1,1
Indian,25587,Tandoori Kitchen,QSR,CBD,0.99,43.07,533,39,1679.73,247,148,99,10638.29,6374.36,4263.93,0.229685053378344,0.443937585805543,0.3,11,3.25,321.75,548.23,280.61,168.14,1069.9,0.08,0.5,0.3,0.2,2066.88,3.8778236397748596,0.07317073170731707,0.4634146341463415,0.27767354596622884,0.18574108818011256,0.229685053378344,0.443937585805543,0.673622639183887,0.15,0.09,0.65,527.67,22726.746900000002,13.70575,1.131491935483871,1.128456375838926,10.699000000000002,3,3,0
Indian,26212,Curry Bistro,Ghost Kitchen,West Auckland,1.04,43.43,695,51,2214.93,322,193,129,13984.46,8381.99,5602.47,0.269806259451434,0.235637369006872,0.27,18,5.31,684.99,1095.41,3140.3,1882.23,2085.75,0.08,0.5,0.3,0.2,8203.69,11.803870503597123,0.07338129496402877,0.4633093525179856,0.2776978417266187,0.18561151079136692,0.269806259451434,0.235637369006872,0.5054436284583059,0.135,0.081,1.062,722.8000000000001,31391.203999999998,21.065576923076925,9.722291021671827,9.702216494845361,16.04423076923077,3,2,3
Indian,26331,Tandoori Corner,Cafe,South Auckland,1.05,41.72,706,64,2670.08,321,193,128,13392.12,8051.96,5340.16,0.26964652242139,0.428811986558139,0.32,5,1.48,189.44,805.14,-247.2,-148.63,1420.84,0.1,0.5,0.3,0.2,1830.15,2.5922804532577906,0.0906515580736544,0.45467422096317284,0.273371104815864,0.1813031161473088,0.26964652242139,0.428811986558139,0.698458508979529,0.16,0.096,0.296,741.3000000000001,30927.036,12.38676923076923,-0.7677018633540372,-0.7661340206185567,11.014263565891472,3,0,2
Indian,26080,Curry Eatery,Cafe,West Auckland,1.04,37.43,1137,148,5539.64,494,297,198,18490.42,11116.71,7411.14,0.269055720474571,0.420033977157436,0.32,13,3.84,760.32,1722.33,-168.07,-101.05,1543.88,0.15,0.5,0.3,0.2,2997.09,2.635963060686016,0.1301671064204046,0.43447669305189096,0.2612137203166227,0.1741424802110818,0.269055720474571,0.420033977157436,0.689089697632007,0.16,0.096,0.768,1182.48,44260.2264,11.559261744966442,-0.3395353535353535,-0.3390939597315436,7.75819095477387,3,0,3
Indian,26211,Spice House,Cafe,South Auckland,1.05,42.61,1597,183,7797.63,707,424,283,30125.27,18066.64,12058.63,0.272716872952878,0.392648420785554,0.32,4,1.18,333.94,2609.36,440.87,264.4,3701.3,0.13,0.5,0.3,0.2,7015.93,4.393193487789605,0.11458985597996243,0.4427050720100188,0.2654978083907326,0.17720726361928615,0.272716872952878,0.392648420785554,0.665365293738432,0.16,0.096,0.236,1676.8500000000001,71450.5785,14.181304347826087,0.6226977401129944,0.6221176470588234,13.03274647887324,3,0,2
Indian,26648,Royal Eatery,Ghost Kitchen,CBD,0.99,29.97,1033,49,1468.53,492,295,197,14745.24,8841.15,5904.09,0.271228667744435,0.334657383756712,0.3,4,1.18,232.46,578.77,1387.73,832.08,2094.42,0.05,0.5,0.3,0.2,4893.0,4.736689254598257,0.04743465634075508,0.4762826718296225,0.2855759922555663,0.19070667957405615,0.271228667744435,0.334657383756712,0.605886051501147,0.15,0.09,0.236,1022.67,30649.419899999997,11.5754,2.8148681541582152,2.811081081081081,10.577878787878788,3,2,0
Indian,26083,Curry Diner,QSR,West Auckland,1.04,40.8,1301,139,5671.2,581,349,232,23704.8,14239.2,9465.6,0.209401438068599,0.427624624571763,0.27,3,0.89,206.48,2058.5,2203.93,1323.87,3229.29,0.12,0.5,0.3,0.2,8815.59,6.776010760953113,0.10684089162182937,0.44657955418908535,0.2682551883166795,0.17832436587240585,0.209401438068599,0.427624624571763,0.637026062640362,0.135,0.081,0.17800000000000002,1353.04,55204.032,14.70357142857143,3.786821305841924,3.782485714285714,13.85961373390558,3,3,3
Indian,25854,Spice Grill,Full-service,CBD,0.99,35.89,661,86,3086.54,288,172,115,10336.32,6173.08,4127.35,0.359750429727137,0.467440707026981,0.28,9,2.66,305.9,533.38,-1107.96,-661.7,407.34,0.15,0.5,0.3,0.2,-828.9400000000003,-1.2540695915279882,0.13010590015128592,0.4357034795763994,0.26021180030257185,0.17397881996974282,0.359750429727137,0.467440707026981,0.827191136754118,0.14,0.084,0.532,654.39,23486.0571,6.130804597701149,-3.833771626297578,-3.82485549132948,3.511551724137931,3,1,0
Indian,25677,Royal Bistro,Full-service,CBD,0.99,41.47,1154,252,10450.44,451,271,180,18702.97,11238.37,7464.6,0.360269789479207,0.468195636197925,0.32,18,5.31,955.8,1792.61,-2776.74,-1668.51,324.64,0.28,0.5,0.3,0.2,-2328.0,-2.017331022530329,0.21837088388214904,0.39081455805892545,0.23483535528596186,0.1559792027729636,0.360269789479207,0.468195636197925,0.828465425677132,0.16,0.096,1.062,1142.46,47377.8162,7.085415019762846,-6.143230088495574,-6.13422794117647,1.7935911602209944,3,1,0
Indian,25845,Spice Eatery,Cafe,South Auckland,1.05,37.31,1195,137,5111.47,529,317,212,19736.99,11827.27,7909.72,0.264910599030554,0.378957715001889,0.29,7,2.07,438.84,1820.36,1305.24,782.16,2378.06,0.13,0.5,0.3,0.2,6285.82,5.260100418410041,0.11464435146443513,0.4426778242677824,0.26527196652719665,0.17740585774058576,0.264910599030554,0.378957715001889,0.643868314032443,0.145,0.087,0.414,1254.75,46814.7225,13.191014492753622,2.4627169811320755,2.459622641509434,11.164600938967135,3,0,2
Indian,25519,Bombay Diner,QSR,South Auckland,1.05,45.41,1552,141,6402.81,706,423,282,32059.46,19208.43,12805.62,0.242675538398325,0.386734868190251,0.29,12,3.54,998.28,2372.81,2583.66,1548.0,3747.35,0.1,0.5,0.3,0.2,10251.82,6.60555412371134,0.09085051546391754,0.4548969072164949,0.2725515463917526,0.18170103092783507,0.242675538398325,0.386734868190251,0.6294104065885759,0.145,0.087,0.7080000000000001,1629.6000000000001,74000.136,16.709929577464788,3.654398868458274,3.650943396226415,13.241519434628975,3,3,2
Indian,26298,Spice Diner,Full-service,North Shore,1.03,36.98,1431,238,8801.24,596,358,239,22040.08,13238.84,8838.22,0.364159197977278,0.48434071210213,0.28,13,3.84,917.76,1333.39,-2832.15,-1701.19,421.23,0.2,0.5,0.3,0.2,-2778.72,-1.941802935010482,0.1663172606568833,0.416491963661775,0.25017470300489164,0.16701607267645,0.364159197977278,0.48434071210213,0.848499910079408,0.14,0.084,0.768,1473.93,54505.93140000001,5.5790376569037665,-4.743969849246231,-4.738690807799443,1.755125,3,1,1
Indian,25114,Royal Bistro,Ghost Kitchen,CBD,0.99,43.57,1288,95,4139.15,596,358,239,25967.72,15598.06,10413.23,0.275923362467438,0.285576167376712,0.28,15,4.43,1058.77,1815.02,4115.9,2472.3,3507.44,0.08,0.5,0.3,0.2,11910.660000000002,9.247406832298138,0.07375776397515527,0.46273291925465837,0.2779503105590062,0.1855590062111801,0.275923362467438,0.285576167376712,0.56149952984415,0.14,0.084,0.886,1275.12,55556.9784,18.906458333333333,6.89430485762144,6.8866295264623965,14.614333333333333,3,2,0
Indian,25562,Curry Diner,Ghost Kitchen,South Auckland,1.05,32.78,506,37,1212.86,234,141,94,7670.52,4621.98,3081.32,0.26702246327186,0.211608359671663,0.28,7,2.07,194.58,632.35,1851.43,1115.6,1411.93,0.08,0.5,0.3,0.2,5011.31,9.903774703557312,0.07312252964426877,0.4624505928853755,0.2786561264822134,0.1857707509881423,0.26702246327186,0.211608359671663,0.478630822943523,0.14,0.084,0.414,531.3000000000001,17416.014000000003,16.64078947368421,7.8784255319148935,7.856338028169014,14.86242105263158,3,2,2
Indian,26291,Royal Corner,Full-service,North Shore,1.03,44.35,580,108,4789.8,236,142,94,10466.6,6297.7,4168.9,0.399440882727504,0.479600088461302,0.27,9,2.66,250.04,579.37,-1559.95,-938.62,254.23,0.23,0.5,0.3,0.2,-1664.97,-2.8706379310344827,0.18620689655172415,0.40689655172413797,0.24482758620689654,0.16206896551724137,0.399440882727504,0.479600088461302,0.879040971188806,0.135,0.081,0.532,597.4,26494.690000000002,5.315321100917431,-6.582067510548524,-6.563776223776224,2.6761052631578948,3,1,1
Indian,25110,Spice Grill,QSR,West Auckland,1.04,42.87,1145,131,5615.97,507,304,203,21735.09,13032.48,8702.61,0.203999982159585,0.391077820281498,0.32,13,3.84,779.52,2274.03,1845.79,1106.75,2744.36,0.13,0.5,0.3,0.2,7970.93,6.961510917030568,0.11441048034934498,0.4427947598253275,0.26550218340611353,0.17729257641921398,0.203999982159585,0.391077820281498,0.595077802441083,0.16,0.096,0.768,1190.8,51049.596000000005,17.227500000000003,3.6334448818897638,3.628688524590164,13.452745098039216,3,3,3
Indian,25216,Curry Tavern,Full-service,North Shore,1.03,33.9,1230,160,5424.0,535,321,214,18136.5,10881.9,7254.6,0.378257887647487,0.507687572110444,0.28,13,3.84,821.76,618.63,-3009.67,-1805.8,5.66,0.15,0.5,0.3,0.2,-4191.18,-3.4074634146341465,0.13008130081300814,0.4349593495934959,0.26097560975609757,0.17398373983739837,0.378257887647487,0.507687572110444,0.885945459757931,0.14,0.084,0.768,1266.9,42947.91,3.842422360248447,-5.615055970149254,-5.60807453416149,0.026325581395348838,3,1,1
Indian,25931,Spice Kitchen,Ghost Kitchen,West Auckland,1.04,41.49,1376,65,2696.85,656,393,262,27217.44,16305.57,10870.38,0.261336358601693,0.305998752755113,0.32,18,5.31,1391.22,1166.83,3066.45,1837.07,3312.01,0.05,0.5,0.3,0.2,9382.36,6.81857558139535,0.047238372093023256,0.47674418604651164,0.2856104651162791,0.19040697674418605,0.261336358601693,0.305998752755113,0.567335111356806,0.16,0.096,1.062,1431.04,59373.8496,17.679242424242425,4.667351598173516,4.662614213197969,12.593193916349811,3,2,3
Indian,26593,Royal Diner,Full-service,South Auckland,1.05,39.21,1106,235,9214.35,436,261,174,17095.56,10233.81,6822.54,0.393314447952434,0.477627313928679,0.29,4,1.18,205.32,1189.19,-2751.39,-1647.05,675.18,0.27,0.5,0.3,0.2,-2534.07,-2.29120253164557,0.21247739602169982,0.39421338155515373,0.23598553345388787,0.15732368896925858,0.393314447952434,0.477627313928679,0.870941761881113,0.145,0.087,0.236,1161.3,45534.573000000004,5.038940677966102,-6.296086956521739,-6.286450381679389,3.858171428571428,3,1,2
Indian,26258,Curry Grill,QSR,South Auckland,1.05,43.82,587,67,2935.94,260,156,104,11393.2,6835.92,4557.28,0.215669532846659,0.445533280982636,0.32,6,1.77,184.08,994.69,214.16,128.5,1359.91,0.13,0.5,0.3,0.2,2697.26,4.5949914821124365,0.1141396933560477,0.44293015332197616,0.2657580919931857,0.17717206132879046,0.215669532846659,0.445533280982636,0.661202813829295,0.16,0.096,0.35400000000000004,616.35,27008.457000000002,14.62779411764706,0.820536398467433,0.8184713375796179,12.95152380952381,3,3,2
Indian,26676,Bombay Cafe,Full-service,CBD,0.99,32.14,1671,255,8195.7,708,425,283,22755.12,13659.5,9095.62,0.38263470812235,0.490592550532892,0.33,16,4.72,1335.76,1038.99,-4624.46,-2775.98,-182.68,0.18,0.5,0.3,0.2,-6544.130000000001,-3.9162956313584685,0.1526032315978456,0.42369838420107714,0.25433871932974267,0.16935966487133453,0.38263470812235,0.490592550532892,0.8732272586552421,0.165,0.099,0.944,1654.29,53168.880600000004,4.0585546875,-6.522510578279267,-6.5163849765258215,-0.6432394366197184,3,1,0
Indian,25814,Tandoori Cafe,Ghost Kitchen,CBD,0.99,37.47,753,35,1311.45,359,215,144,13451.73,8056.05,5395.68,0.276370377407875,0.282053983747028,0.33,10,2.95,424.8,579.1,1500.89,898.86,1957.8,0.05,0.5,0.3,0.2,4936.650000000001,6.555976095617531,0.04648074369189907,0.47675962815405043,0.2855245683930943,0.1912350597609562,0.276370377407875,0.282053983747028,0.558424361154903,0.165,0.099,0.5900000000000001,745.47,27932.7609,16.086111111111112,4.169138888888889,4.161388888888889,13.50206896551724,3,2,0
Indian,25154,Spice Tavern,QSR,CBD,0.99,40.4,576,70,2828.0,253,152,101,10221.2,6140.8,4080.4,0.223648589961231,0.447242902149446,0.3,6,1.77,178.77,930.72,297.52,178.75,1164.12,0.14,0.5,0.3,0.2,2571.1099999999997,4.463732638888889,0.12152777777777778,0.4392361111111111,0.2638888888888889,0.1753472222222222,0.223648589961231,0.447242902149446,0.670891492110677,0.15,0.09,0.35400000000000004,570.24,23037.696,13.108732394366198,1.1713385826771652,1.1683006535947713,11.412941176470587,3,3,0
Indian,26001,Curry Kitchen,QSR,CBD,0.99,39.73,567,51,2026.23,258,155,103,10250.34,6158.15,4092.19,0.215525405351073,0.392081076465547,0.32,17,5.02,517.06,795.08,742.06,445.81,1088.69,0.1,0.5,0.3,0.2,3071.64,5.417354497354497,0.08994708994708994,0.45502645502645506,0.27336860670194,0.18165784832451498,0.215525405351073,0.392081076465547,0.60760648181662,0.16,0.096,1.004,561.33,22301.6409,15.290000000000001,2.865096525096525,2.8577564102564104,10.468173076923078,3,3,0
Indian,26203,Curry Grill,Cafe,CBD,0.99,43.47,1048,112,4868.64,468,281,187,20343.96,12215.07,8128.89,0.238891417346895,0.389279943495058,0.3,5,1.48,276.76,1810.3,1461.28,877.39,2745.79,0.12,0.5,0.3,0.2,6894.76,6.578969465648855,0.1068702290076336,0.44656488549618323,0.2681297709923664,0.1784351145038168,0.238891417346895,0.389279943495058,0.628171360841953,0.15,0.09,0.296,1037.52,45100.994399999996,16.020353982300886,3.115735607675906,3.1113120567375887,14.605265957446809,3,0,0
Indian,26324,Tandoori Cafe,Cafe,West Auckland,1.04,42.44,1518,174,7384.56,672,403,269,28519.68,17103.32,11416.36,0.212132799457759,0.350313313887455,0.33,15,4.43,1191.67,3231.14,3067.4,1839.53,3803.6,0.13,0.5,0.3,0.2,11941.67,7.86671277997365,0.11462450592885376,0.4426877470355731,0.2654808959156785,0.17720685111989462,0.212132799457759,0.350313313887455,0.562446113345214,0.165,0.099,0.886,1578.72,67000.8768,18.46365714285714,4.55780089153046,4.553292079207921,14.087407407407406,3,0,3
Indian,26067,Spice Tavern,Cafe,South Auckland,1.05,41.39,1707,222,9188.58,742,446,297,30711.38,18459.94,12292.83,0.2530756329,0.366731766890734,0.31,5,1.48,439.56,3493.43,2155.71,1295.75,4234.08,0.15,0.5,0.3,0.2,11178.97,6.548898652606912,0.13005272407732865,0.434680726420621,0.2612770943175161,0.1739894551845343,0.2530756329,0.366731766890734,0.6198073997907341,0.155,0.093,0.296,1792.3500000000001,74185.3665,15.665605381165918,2.9013593539703906,2.8987695749440716,14.208322147651007,3,0,2
Indian,26228,Curry Kitchen,QSR,West Auckland,1.04,43.04,892,88,3787.52,402,241,161,17302.08,10372.64,6929.44,0.218910074550658,0.4394827040378,0.27,15,4.43,713.23,1293.84,1238.95,742.76,1653.92,0.11,0.5,0.3,0.2,4929.47,5.526311659192825,0.09865470852017937,0.45067264573991034,0.2701793721973094,0.1804932735426009,0.218910074550658,0.4394827040378,0.658392778588458,0.135,0.081,0.886,927.6800000000001,39927.347200000004,14.537528089887639,3.074317617866005,3.0692561983471074,10.209382716049383,3,3,3
Indian,25837,Spice Diner,Full-service,South Auckland,1.05,46.04,1817,277,12753.08,770,462,308,35450.8,21270.48,14180.32,0.383247677085456,0.541258347406983,0.28,3,0.89,274.12,962.78,-7249.9,-4349.94,796.41,0.18,0.5,0.3,0.2,-9840.65,-5.415877820583379,0.15244909190974135,0.4237754540451294,0.25426527242707764,0.16951018161805173,0.383247677085456,0.541258347406983,0.924506024492439,0.14,0.084,0.17800000000000002,1907.8500000000001,87837.41399999999,3.4632374100719425,-9.403242542153048,-9.39511879049676,2.5773786407766988,3,1,2
Indian,25477,Tandoori Tavern,Full-service,CBD,0.99,40.21,854,142,5709.82,356,214,142,14314.76,8604.94,5709.82,0.359316235629376,0.523824895638973,0.31,13,3.84,545.28,667.24,-2764.77,-1661.97,121.96,0.2,0.5,0.3,0.2,-3637.54,-4.259414519906323,0.16627634660421542,0.41686182669789223,0.2505854800936768,0.16627634660421542,0.359316235629376,0.523824895638973,0.883141131268349,0.155,0.093,0.768,845.46,33995.9466,4.666013986013986,-7.744453781512605,-7.730093023255814,0.8528671328671328,3,1,0
Indian,26297,Royal Eatery,Full-service,West Auckland,1.04,33.78,829,114,3850.92,358,214,143,12093.24,7228.92,4830.54,0.390697826922406,0.501871643401682,0.32,5,1.48,211.64,413.71,-2570.65,-1536.65,307.31,0.16,0.5,0.3,0.2,-3386.28,-4.084776839565742,0.13751507840772015,0.4318455971049457,0.25814234016887816,0.17249698431845595,0.390697826922406,0.501871643401682,0.8925694703240881,0.16,0.096,0.296,862.1600000000001,29123.764800000004,3.5974782608695652,-7.16058495821727,-7.147209302325582,2.134097222222222,3,1,3
Japanese,25083,Lotus Tavern,Cafe,North Shore,1.03,35.12,1745,266,9341.92,813,444,222,28552.56,15593.28,7796.64,0.252295018173754,0.389916495326906,0.3,6,1.77,392.94,3342.43,1650.01,901.11,2396.61,0.18,0.55,0.3,0.15,8290.16,4.750808022922636,0.1524355300859599,0.4659025787965616,0.2544412607449857,0.12722063037249284,0.252295018173754,0.389916495326906,0.64221151350066,0.165,0.09,0.2655,1797.3500000000001,63122.932,12.518464419475654,2.027039312039312,2.0249662921348315,10.74713004484305,4,0,1
Japanese,26362,Dragon Tavern,QSR,CBD,0.99,39.27,1525,187,7343.49,736,401,201,28902.72,15747.27,7893.27,0.257398884221911,0.438255575997755,0.27,4,1.18,237.18,2234.96,992.68,540.85,2165.1,0.14,0.55,0.3,0.15,5933.59,3.89087868852459,0.12262295081967213,0.48262295081967216,0.26295081967213113,0.1318032786885246,0.257398884221911,0.438255575997755,0.6956544602196659,0.14850000000000002,0.081,0.177,1509.75,59287.8825,11.888085106382979,1.3469199457259158,1.3453980099502487,10.718316831683168,4,3,0
Japanese,25365,Red Diner,Cafe,South Auckland,1.05,43.2,1430,141,6091.2,709,387,193,30628.8,16718.4,8337.6,0.20925327219069,0.410766398208216,0.28,5,1.48,285.64,2314.54,3062.28,1671.51,2882.48,0.11,0.55,0.3,0.15,9930.81,6.944622377622378,0.0986013986013986,0.49580419580419577,0.27062937062937065,0.13496503496503498,0.20925327219069,0.410766398208216,0.620019670398906,0.15400000000000003,0.084,0.222,1501.5,64864.8,16.299577464788733,4.313070422535212,4.308015463917526,14.858144329896907,4,0,2
Japanese,25003,Red Bistro,Cafe,North Shore,1.03,41.86,885,147,6153.42,406,221,111,16995.16,9251.06,4646.46,0.239052445217967,0.388262916076928,0.32,12,3.54,392.94,2293.29,895.38,487.39,1338.72,0.2,0.55,0.3,0.15,5014.78,5.666418079096045,0.16610169491525426,0.45875706214689266,0.24971751412429377,0.12542372881355932,0.239052445217967,0.388262916076928,0.627315361294895,0.17600000000000002,0.096,0.531,911.5500000000001,38157.483,15.495202702702702,2.19995085995086,2.1954504504504504,11.952857142857143,4,0,1
Japanese,26180,Lotus Bistro,Full-service,CBD,0.99,33.85,792,168,5686.8,343,187,94,11610.55,6329.95,3181.9,0.39263733754633,0.54255966336932,0.28,6,1.77,166.38,368.52,-2498.56,-1362.19,39.82,0.27,0.55,0.3,0.15,-3452.41,-4.359103535353535,0.21212121212121213,0.43308080808080807,0.2361111111111111,0.11868686868686869,0.39263733754633,0.54255966336932,0.9351970009156501,0.15400000000000003,0.084,0.2655,784.08,26541.108,2.1805917159763313,-7.263255813953489,-7.245691489361702,0.4191578947368421,4,1,0
Japanese,25250,Dragon Grill,Full-service,West Auckland,1.04,45.53,683,94,4279.82,324,177,88,14751.72,8058.81,4006.64,0.391819321340881,0.461220926861279,0.32,7,2.07,182.16,628.96,-2552.64,-1394.5,406.65,0.16,0.55,0.3,0.15,-2911.5299999999997,-4.262855051244509,0.13762811127379207,0.4743777452415812,0.2591508052708638,0.1288433382137628,0.391819321340881,0.461220926861279,0.85304024820216,0.17600000000000002,0.096,0.31049999999999994,710.32,32340.8696,6.620631578947369,-7.854276923076923,-7.834269662921348,4.569101123595505,4,1,3
Japanese,25930,Sakura Cafe,Full-service,West Auckland,1.04,31.68,1749,228,7223.04,837,456,228,26516.16,14446.08,7223.04,0.375493482733145,0.48394751935266,0.32,10,2.95,672.6,1015.26,-4758.09,-2592.22,342.66,0.15,0.55,0.3,0.15,-5992.389999999999,-3.42618067467124,0.13036020583190394,0.47855917667238423,0.2607204116638079,0.13036020583190394,0.375493482733145,0.48394751935266,0.859441002085805,0.17600000000000002,0.096,0.4425,1818.96,57624.6528,4.433449781659388,-5.67791169451074,-5.672253829321662,1.4963318777292578,4,1,3
Japanese,25473,Red Grill,Cafe,North Shore,1.03,39.93,488,74,2954.82,228,124,62,9104.04,4951.32,2475.66,0.259624504745007,0.425284618884325,0.33,12,3.54,219.48,931.04,-135.73,-73.82,560.58,0.18,0.55,0.3,0.15,1282.0700000000002,2.62719262295082,0.15163934426229508,0.4672131147540984,0.2540983606557377,0.12704918032786885,0.259624504745007,0.425284618884325,0.684909123629332,0.18150000000000002,0.099,0.531,502.64,20070.4152,12.413866666666665,-0.592707423580786,-0.59056,8.89809523809524,4,0,1
Japanese,25781,Lotus Bistro,QSR,South Auckland,1.05,43.17,1546,127,5482.59,780,426,213,33672.6,18390.42,9195.21,0.260186133980751,0.359269827604294,0.31,9,2.66,566.58,2086.37,2375.4,1297.33,2932.6,0.09,0.55,0.3,0.15,8691.7,5.622056921086676,0.08214747736093143,0.5045278137128072,0.27554980595084083,0.13777490297542042,0.260186133980751,0.359269827604294,0.619455961585045,0.1705,0.093,0.399,1623.3000000000002,70077.861,16.299765625,3.041485275288092,3.0382435597189694,13.70373831775701,4,3,2
Japanese,25591,Sakura Cafe,Cafe,CBD,0.99,31.33,1419,226,7080.58,656,358,179,20552.48,11216.14,5608.07,0.243087902143598,0.432264998438768,0.32,3,0.89,159.31,2298.69,95.51,52.12,1661.33,0.19,0.55,0.3,0.15,4107.65,2.894749823819591,0.15926708949964766,0.46229739252995067,0.2522903453136011,0.12614517265680056,0.243087902143598,0.432264998438768,0.675352900582366,0.17600000000000002,0.096,0.1335,1404.81,44012.6973,10.126387665198239,0.14537290715372908,0.14518105849582172,9.22961111111111,4,0,0
Japanese,25935,Lotus Diner,Ghost Kitchen,West Auckland,1.04,34.42,956,45,1548.9,501,273,137,17244.42,9396.66,4715.54,0.283478420670144,0.258798870642204,0.29,9,2.66,364.42,708.97,2892.28,1576.03,1793.99,0.05,0.55,0.3,0.15,6971.2699999999995,7.292123430962342,0.047071129707112976,0.5240585774058577,0.28556485355648537,0.14330543933054393,0.283478420670144,0.258798870642204,0.542277291312348,0.1595,0.087,0.399,994.24,34221.7408,15.412391304347826,5.761513944223108,5.751934306569343,12.999927536231883,4,2,3
Japanese,25131,Lotus Tavern,Full-service,South Auckland,1.05,36.41,541,78,2839.98,255,139,69,9284.55,5060.99,2512.29,0.351876991952304,0.454915027273819,0.33,5,1.48,102.12,548.71,-1270.05,-692.3,383.27,0.17,0.55,0.3,0.15,-1030.37,-1.9045656192236597,0.14417744916820704,0.4713493530499076,0.2569316081330869,0.12754158964879853,0.351876991952304,0.454915027273819,0.806792019226123,0.18150000000000002,0.099,0.222,568.0500000000001,20682.7005,6.945696202531646,-4.9611328125,-4.944999999999999,5.475285714285714,4,1,2
Japanese,26110,Dragon Eatery,Full-service,South Auckland,1.05,35.71,1487,325,11605.75,639,349,174,22818.69,12462.79,6213.54,0.380318438797258,0.490250560082495,0.32,7,2.07,360.18,1502.14,-4348.53,-2375.02,444.04,0.28,0.55,0.3,0.15,-4777.37,-3.21275722932078,0.21856086079354403,0.42972427706792193,0.2347007397444519,0.11701412239408203,0.380318438797258,0.490250560082495,0.870568998879753,0.17600000000000002,0.096,0.31049999999999994,1561.3500000000001,55755.80850000001,4.607791411042945,-6.794578124999999,-6.785771428571429,2.537371428571429,4,1,2
Japanese,25639,Golden Bistro,Full-service,CBD,0.99,31.51,1902,482,15187.82,781,426,213,24609.31,13423.26,6711.63,0.388843120273668,0.536920781154186,0.32,10,2.95,628.35,1127.48,-6048.08,-3298.95,-130.1,0.34,0.55,0.3,0.15,-8349.65,-4.389931650893796,0.25341745531019977,0.4106203995793901,0.22397476340694006,0.11198738170347003,0.388843120273668,0.536920781154186,0.925763901427854,0.17600000000000002,0.096,0.4425,1882.98,59332.6998,2.3343271221532094,-7.734117647058824,-7.7258782201405145,-0.6079439252336448,4,1,0
Japanese,26471,Lotus Grill,Full-service,South Auckland,1.05,39.24,545,91,3570.84,250,136,68,9810.0,5336.64,2668.32,0.383506984834094,0.549688297254033,0.28,6,1.77,120.36,238.55,-2091.45,-1137.75,57.9,0.2,0.55,0.3,0.15,-2932.7499999999995,-5.381192660550458,0.1669724770642202,0.45871559633027525,0.24954128440366974,0.12477064220183487,0.383506984834094,0.549688297254033,0.9331952820881271,0.15400000000000003,0.084,0.2655,572.25,22455.09,2.5929347826086957,-8.332470119521911,-8.304744525547445,0.8391304347826086,4,1,2
Japanese,25539,Sakura Bistro,Cafe,South Auckland,1.05,44.31,993,106,4696.86,488,266,133,21623.28,11786.46,5893.23,0.226003334764391,0.433048424171284,0.27,6,1.77,235.41,1601.39,1534.13,836.23,1773.88,0.12,0.55,0.3,0.15,5745.630000000001,5.786132930513596,0.1067472306143001,0.4914400805639476,0.26787512588116813,0.13393756294058407,0.226003334764391,0.433048424171284,0.659051758935675,0.14850000000000002,0.081,0.2655,1042.65,46199.821500000005,14.966261682242992,3.1372801635991823,3.1319475655430713,13.237910447761195,4,0,2
Japanese,26082,Lotus House,QSR,North Shore,1.03,44.67,1615,185,8263.95,787,429,214,35155.29,19163.43,9559.38,0.205233752653003,0.39976404812187,0.3,12,3.54,757.56,3264.28,3339.83,1820.57,3018.42,0.13,0.55,0.3,0.15,11443.1,7.085510835913313,0.11455108359133127,0.4873065015479876,0.2656346749226006,0.1325077399380805,0.205233752653003,0.39976404812187,0.604997800774873,0.165,0.09,0.531,1663.45,74306.31150000001,17.54989247311828,4.238362944162437,4.2338837209302325,14.039162790697675,4,3,1
Japanese,25981,Sakura Bistro,Cafe,CBD,0.99,30.58,533,77,2354.66,251,137,68,7675.58,4189.46,2079.44,0.233391352258623,0.369862145278603,0.31,7,2.07,140.76,934.2,665.83,363.42,684.25,0.17,0.55,0.3,0.15,2647.7000000000003,4.967542213883678,0.14446529080675422,0.4709193245778611,0.2570356472795497,0.1275797373358349,0.233391352258623,0.369862145278603,0.603253497537226,0.1705,0.093,0.31049999999999994,527.67,16136.1486,11.976923076923077,2.64218253968254,2.6334782608695653,9.916666666666666,4,0,0
Japanese,26288,Sakura House,Cafe,CBD,0.99,42.78,1287,138,5903.64,632,345,172,27036.96,14759.1,7358.16,0.215248873904347,0.37668758155778,0.31,10,2.95,507.4,2409.06,2651.34,1447.33,2495.2,0.12,0.55,0.3,0.15,9002.93,6.995283605283605,0.10722610722610723,0.49106449106449107,0.2680652680652681,0.13364413364413363,0.215248873904347,0.37668758155778,0.5919364554621269,0.1705,0.093,0.4425,1274.1299999999999,54507.2814,17.33136690647482,4.188530805687204,4.183034682080924,14.423121387283237,4,0,0
Japanese,25315,Lotus Corner,Cafe,South Auckland,1.05,38.18,1620,186,7101.48,789,430,215,30124.02,16417.4,8208.7,0.268077057916671,0.382454255479388,0.31,14,4.13,887.95,2481.74,1188.96,647.97,1980.73,0.13,0.55,0.3,0.15,6299.4,3.8885185185185183,0.1148148148148148,0.487037037037037,0.2654320987654321,0.13271604938271606,0.268077057916671,0.382454255479388,0.6505313133960591,0.1705,0.093,0.6194999999999999,1701.0,64944.18000000001,13.27133689839572,1.5050126582278482,1.5034106728538283,9.170046296296297,4,0,2
Japanese,25739,Lotus Bistro,Cafe,South Auckland,1.05,47.19,905,89,4199.91,449,245,122,21188.31,11561.55,5757.18,0.205470814295113,0.378765724389814,0.27,17,5.02,612.44,1746.17,3088.48,1685.25,1781.19,0.11,0.55,0.3,0.15,8301.09,9.172475138121547,0.09834254143646408,0.49613259668508286,0.27071823204419887,0.13480662983425415,0.205470814295113,0.378765724389814,0.584236538684927,0.14850000000000002,0.081,0.7529999999999999,950.25,44842.29750000001,19.40188888888889,6.8632888888888886,6.850609756097561,14.481219512195123,4,0,2
Japanese,26252,Lotus Grill,Cafe,CBD,0.99,42.21,1414,151,6373.71,695,379,189,29335.95,15997.59,7977.69,0.253951702620834,0.41522876501549,0.28,6,1.77,334.53,2108.55,1490.84,812.99,2304.65,0.12,0.55,0.3,0.15,6717.030000000001,4.750374823196606,0.10678925035360678,0.4915134370579915,0.268033946251768,0.13366336633663364,0.253951702620834,0.41522876501549,0.669180467636324,0.15400000000000003,0.084,0.2655,1399.86,59088.0906,13.872039473684211,2.1420114942528734,2.139447368421053,12.129736842105263,4,0,0
Japanese,25887,Sakura Kitchen,Cafe,North Shore,1.03,37.46,773,106,3970.76,367,200,100,13747.82,7492.0,3746.0,0.276952433399856,0.35245865508914,0.27,3,0.89,89.0,1471.52,1382.88,753.61,1299.23,0.16,0.55,0.3,0.15,4907.24,6.348305304010349,0.1371280724450194,0.4747736093143596,0.258732212160414,0.129366106080207,0.276952433399856,0.35245865508914,0.629411088488996,0.14850000000000002,0.081,0.1335,796.19,29825.277400000003,13.752523364485981,3.757826086956522,3.749303482587065,12.863663366336635,4,0,1
Japanese,25714,Red Bistro,Full-service,West Auckland,1.04,46.29,617,123,5693.67,272,148,74,12590.88,6850.92,3425.46,0.373254712729249,0.484985151165165,0.28,12,3.54,261.96,807.14,-1740.56,-947.07,223.63,0.25,0.55,0.3,0.15,-1656.8600000000001,-2.6853484602917344,0.1993517017828201,0.4408427876823338,0.23987034035656402,0.11993517017828201,0.373254712729249,0.484985151165165,0.858239863894414,0.15400000000000003,0.084,0.531,641.6800000000001,29703.3672,6.509193548387096,-6.375677655677656,-6.356174496644296,2.981733333333333,4,1,3
Japanese,26134,Dragon Eatery,Cafe,South Auckland,1.05,34.23,761,127,4347.21,349,190,95,11946.27,6503.7,3251.85,0.230217788554728,0.36566522968933,0.29,15,4.43,420.85,1756.78,1363.27,742.18,893.28,0.2,0.55,0.3,0.15,4755.51,6.249027595269383,0.1668856767411301,0.45860709592641263,0.24967148488830487,0.12483574244415244,0.230217788554728,0.36566522968933,0.595883018244058,0.1595,0.087,0.6645,799.0500000000001,27351.4815,13.72484375,3.895057142857143,3.8857591623036645,9.305,4,0,2
Japanese,25822,Golden House,QSR,West Auckland,1.04,36.27,623,61,2212.47,309,169,84,11207.43,6129.63,3046.68,0.25074455788359,0.400507799116895,0.27,3,0.89,74.76,771.59,882.56,482.69,987.76,0.11,0.55,0.3,0.15,3124.6000000000004,5.015409309791333,0.09791332263242375,0.49598715890850725,0.27126805778491175,0.1348314606741573,0.25074455788359,0.400507799116895,0.651252357000485,0.14850000000000002,0.081,0.1335,647.9200000000001,23500.0584,12.445,2.8469677419354835,2.8393529411764704,11.620705882352942,4,3,3
Japanese,25932,Dragon Kitchen,QSR,South Auckland,1.05,36.85,586,67,2468.95,285,156,78,10502.25,5748.6,2874.3,0.213268913924694,0.407166295778006,0.31,5,1.48,115.44,937.13,730.59,399.9,975.54,0.13,0.55,0.3,0.15,3043.16,5.193105802047781,0.11433447098976107,0.48634812286689416,0.2662116040955631,0.13310580204778155,0.213268913924694,0.407166295778006,0.6204352097026999,0.1705,0.093,0.222,615.3000000000001,22673.805000000004,13.781323529411765,2.5545104895104895,2.547133757961783,12.34860759493671,4,3,2
Japanese,26017,Dragon Corner,Cafe,CBD,0.99,37.8,1640,226,8542.8,778,424,212,29408.4,16027.2,8013.6,0.239885733164847,0.439995340863243,0.3,6,1.77,375.24,2734.71,591.67,322.45,2190.07,0.16,0.55,0.3,0.15,5838.9,3.5603048780487803,0.1378048780487805,0.4743902439024391,0.2585365853658537,0.12926829268292686,0.239885733164847,0.439995340863243,0.67988107402809,0.165,0.09,0.2655,1623.6,61372.079999999994,12.047180616740087,0.7595250320924262,0.7587058823529411,10.282018779342724,4,0,0
Japanese,25044,Lotus Eatery,Cafe,West Auckland,1.04,33.95,764,111,3768.45,359,196,98,12188.05,6654.2,3327.1,0.268164317701012,0.374643553234637,0.32,9,2.66,260.68,1346.06,453.3,247.48,927.73,0.17,0.55,0.3,0.15,2974.5699999999997,3.893416230366492,0.14528795811518325,0.4698952879581152,0.25654450261780104,0.12827225130890052,0.268164317701012,0.374643553234637,0.6428078709356491,0.17600000000000002,0.096,0.399,794.5600000000001,26975.312,12.018392857142857,1.2591666666666668,1.256243654822335,9.371010101010102,4,0,3
Japanese,26137,Dragon Diner,Cafe,West Auckland,1.04,39.63,1415,162,6420.06,689,376,188,27305.07,14900.88,7450.44,0.255555464010686,0.416871739597991,0.33,8,2.36,443.68,2103.04,-66.27,-36.17,1996.88,0.13,0.55,0.3,0.15,3997.48,2.8250742049469966,0.11448763250883394,0.48692579505300354,0.2657243816254417,0.13286219081272085,0.255555464010686,0.416871739597991,0.672427203608677,0.18150000000000002,0.099,0.354,1471.6000000000001,58319.508,12.902085889570552,-0.09604347826086956,-0.09594164456233423,10.565502645502646,4,0,3
Japanese,26664,Red Tavern,Full-service,West Auckland,1.04,36.95,1303,277,10235.15,564,308,154,20839.8,11380.6,5690.3,0.378453951561823,0.458881443110295,0.31,11,3.25,500.5,1664.9,-3070.44,-1676.77,425.11,0.27,0.55,0.3,0.15,-2657.2,-2.0392939370683036,0.21258633921719108,0.4328472755180353,0.23637759017651575,0.11818879508825787,0.378453951561823,0.458881443110295,0.837335394672118,0.1705,0.093,0.4875,1355.1200000000001,50071.684,5.98884892086331,-5.434407079646018,-5.426440129449838,2.742645161290323,4,1,3
Japanese,25252,Sakura Kitchen,QSR,West Auckland,1.04,33.06,561,55,1818.3,278,152,76,9190.68,5025.12,2512.56,0.252470248676837,0.392187587521039,0.32,15,4.43,336.68,646.12,324.82,177.6,556.14,0.11,0.55,0.3,0.15,1704.6799999999998,3.0386452762923346,0.09803921568627451,0.49554367201426025,0.2709447415329768,0.1354723707664884,0.252470248676837,0.392187587521039,0.644657836197876,0.17600000000000002,0.096,0.6645,583.44,19288.5264,11.537857142857144,1.1642293906810035,1.16078431372549,7.222597402597402,4,3,3
Japanese,26344,Lotus Eatery,QSR,West Auckland,1.04,44.93,1297,96,4313.28,661,360,180,29698.73,16174.8,8087.4,0.2715962324664,0.416869679139927,0.3,8,2.36,424.8,1343.73,342.55,186.56,2094.7,0.08,0.55,0.3,0.15,3967.54,3.059013107170393,0.07401696222050887,0.5096376252891287,0.27756360832690824,0.13878180416345412,0.2715962324664,0.416869679139927,0.688465911606327,0.165,0.09,0.354,1348.88,60605.178400000004,13.852886597938145,0.5174471299093656,0.516786703601108,11.572928176795578,4,3,3
Japanese,26261,Golden Cafe,QSR,West Auckland,1.04,35.8,578,71,2541.8,279,152,76,9988.2,5441.6,2720.8,0.202562803775072,0.444152637058869,0.29,9,2.66,202.16,897.98,632.1,344.37,759.06,0.14,0.55,0.3,0.15,2633.5099999999998,4.556245674740484,0.12283737024221456,0.48269896193771633,0.26297577854671284,0.13148788927335642,0.202562803775072,0.444152637058869,0.646715440833941,0.1595,0.087,0.399,601.12,21520.095999999998,12.471944444444444,2.2575000000000003,2.2507843137254904,9.857922077922078,4,3,3
Japanese,26304,Lotus Grill,Full-service,West Auckland,1.04,34.19,1016,183,6256.77,458,250,125,15659.02,8547.5,4273.75,0.384006747975945,0.516593751544133,0.32,17,5.02,627.5,621.92,-3454.39,-1885.58,-202.69,0.22,0.55,0.3,0.15,-4920.739999999999,-4.843248031496062,0.18011811023622049,0.4507874015748031,0.24606299212598426,0.12303149606299213,0.384006747975945,0.516593751544133,0.900600499520078,0.17600000000000002,0.096,0.7529999999999999,1056.64,36126.5216,3.38,-7.525904139433551,-7.5122709163346615,-1.6086507936507937,4,1,3
Japanese,26264,Red House,QSR,South Auckland,1.05,36.64,980,97,3554.08,486,265,132,17807.04,9709.6,4836.48,0.206409751083702,0.390127849741839,0.3,7,2.07,273.24,1433.94,1842.36,1004.58,1678.1,0.11,0.55,0.3,0.15,5958.98,6.080591836734693,0.0989795918367347,0.49591836734693884,0.27040816326530615,0.1346938775510204,0.206409751083702,0.390127849741839,0.596537600825541,0.165,0.09,0.31049999999999994,1029.0,37702.56,14.632040816326532,3.7830800821355233,3.7766165413533836,12.617293233082705,4,3,2
Japanese,26455,Dragon Bistro,Cafe,West Auckland,1.04,43.12,527,80,3449.6,246,134,67,10607.52,5778.08,2889.04,0.26350287489593,0.391973115503788,0.29,7,2.07,138.69,1188.47,578.36,315.04,856.65,0.18,0.55,0.3,0.15,2938.52,5.575939278937382,0.15180265654648956,0.4667931688804554,0.25426944971537,0.127134724857685,0.26350287489593,0.391973115503788,0.655475990399718,0.1595,0.087,0.31049999999999994,548.08,23633.209600000002,14.67246913580247,2.3415384615384616,2.33362962962963,12.597794117647059,4,0,3
Japanese,26428,Golden Corner,Ghost Kitchen,South Auckland,1.05,35.81,1422,105,3760.05,724,395,198,25926.44,14144.95,7090.38,0.296076073311269,0.216479023674037,0.3,8,2.36,467.28,1832.82,4859.78,2651.4,2988.89,0.08,0.55,0.3,0.15,12332.89,8.672918424753867,0.07383966244725738,0.5091420534458508,0.2777777777777778,0.13924050632911392,0.296076073311269,0.216479023674037,0.512555096985306,0.165,0.09,0.354,1493.1000000000001,53467.911,17.29075471698113,6.703144827586207,6.695454545454545,15.019547738693467,4,2,2
Japanese,25836,Golden Kitchen,Cafe,North Shore,1.03,34.88,601,59,2057.92,298,163,81,10394.24,5685.44,2825.28,0.243954891506583,0.390905472170562,0.31,6,1.77,143.37,751.43,573.13,313.49,888.25,0.11,0.55,0.3,0.15,2526.3,4.203494176372712,0.09816971713810317,0.4958402662229618,0.2712146422628952,0.13477537437603995,0.243954891506583,0.390905472170562,0.634860363677145,0.1705,0.093,0.2655,619.03,21591.766399999997,12.523833333333332,1.9168227424749165,1.9115243902439025,10.832317073170731,4,0,1
Japanese,25838,Dragon Bistro,Full-service,CBD,0.99,32.01,1516,242,7746.42,701,382,191,22439.01,12227.82,6113.91,0.375022406829521,0.47810488587711,0.32,9,2.66,508.06,1137.74,-3884.81,-2116.97,389.91,0.19,0.55,0.3,0.15,-4474.129999999999,-2.9512730870712396,0.15963060686015831,0.4624010554089709,0.2519788918205805,0.12598944591029024,0.375022406829521,0.47810488587711,0.8531272927066309,0.17600000000000002,0.096,0.399,1500.84,48041.8884,4.682057613168724,-5.533917378917379,-5.5273368146214095,2.03078125,4,1,0
Japanese,25397,Red Cafe,QSR,South Auckland,1.05,36.9,944,101,3726.9,464,253,126,17121.6,9335.7,4649.4,0.207561242450029,0.427623540931381,0.31,15,4.43,558.18,1359.63,938.52,511.74,1137.99,0.12,0.55,0.3,0.15,3947.88,4.182076271186441,0.10699152542372882,0.4915254237288135,0.2680084745762712,0.13347457627118645,0.207561242450029,0.427623540931381,0.6351847833814099,0.1705,0.093,0.6645,991.2,36575.28,13.329705882352942,2.0183225806451612,2.014724409448819,8.960551181102362,4,3,2
Japanese,25824,Golden Corner,Ghost Kitchen,North Shore,1.03,34.11,1304,50,1705.5,690,376,188,23535.9,12825.36,6412.68,0.266505319287535,0.293576010724064,0.3,12,3.54,665.52,750.28,3293.11,1794.51,2155.54,0.04,0.55,0.3,0.15,7993.4400000000005,6.129938650306749,0.03834355828220859,0.5291411042944786,0.2883435582822086,0.1441717791411043,0.266505319287535,0.293576010724064,0.560081330011599,0.165,0.09,0.531,1343.1200000000001,45813.823200000006,14.711372549019607,4.765716353111433,4.759973474801061,11.404973544973545,4,2,1
Japanese,26069,Dragon Cafe,Ghost Kitchen,South Auckland,1.05,36.49,673,32,1167.68,353,192,96,12880.97,7006.08,3503.04,0.283546177088283,0.223205912869889,0.31,8,2.36,226.56,575.96,2360.41,1283.85,1501.31,0.05,0.55,0.3,0.15,5721.529999999999,8.50153046062407,0.04754829123328381,0.5245170876671619,0.2852897473997028,0.1426448736998514,0.283546177088283,0.223205912869889,0.506752089958172,0.1705,0.093,0.354,706.65,25785.6585,17.453333333333333,6.667824858757061,6.652072538860103,15.47742268041237,4,2,2
Japanese,25182,Red Grill,QSR,South Auckland,1.05,36.11,871,100,3611.0,424,231,116,15310.64,8341.41,4188.76,0.210995952431113,0.449590543820523,0.33,18,5.31,615.96,1225.62,144.13,78.52,805.76,0.13,0.55,0.3,0.15,2254.0299999999997,2.5878645235361653,0.1148105625717566,0.486796785304248,0.26521239954075776,0.13318025258323768,0.210995952431113,0.449590543820523,0.660586496251636,0.18150000000000002,0.099,0.7964999999999999,914.5500000000001,33024.400499999996,12.134851485148515,0.33912941176470585,0.33844827586206894,6.886837606837607,4,3,2
Japanese,25627,Golden House,QSR,CBD,0.99,41.78,822,88,3676.64,404,220,110,16879.12,9191.6,4595.8,0.229561720807105,0.378747975663282,0.28,12,3.54,389.4,1440.1,1885.23,1026.61,1410.73,0.12,0.55,0.3,0.15,5762.67,7.010547445255474,0.10705596107055959,0.49148418491484175,0.26763990267639903,0.13381995133819952,0.229561720807105,0.378747975663282,0.608309696470387,0.15400000000000003,0.084,0.531,813.78,33999.7284,16.180898876404495,4.654888888888889,4.645294117647058,12.70927927927928,4,3,0
Japanese,25858,Dragon Cafe,QSR,CBD,0.99,30.34,1390,181,5491.54,665,363,181,20176.1,11013.42,5491.54,0.233027175273746,0.432163921068422,0.28,9,2.66,481.46,1838.62,1105.83,603.63,1357.16,0.15,0.55,0.3,0.15,4905.24,3.52894964028777,0.1302158273381295,0.4784172661870503,0.26115107913669067,0.1302158273381295,0.233027175273746,0.432163921068422,0.665191096342168,0.15400000000000003,0.084,0.399,1376.1,41750.873999999996,10.102307692307692,1.6604054054054054,1.6583241758241758,7.456923076923077,4,3,0
Japanese,25793,Golden Bistro,QSR,North Shore,1.03,44.46,1322,109,4846.14,667,364,182,29654.82,16183.44,8091.72,0.220565613862127,0.364827864221297,0.32,9,2.66,484.12,2009.24,2805.54,1531.06,2870.76,0.09,0.55,0.3,0.15,9216.6,6.971709531013616,0.08245083207261725,0.5045385779122541,0.27534039334341903,0.13767019667170952,0.220565613862127,0.364827864221297,0.585393478083424,0.17600000000000002,0.096,0.399,1361.66,60539.403600000005,18.265818181818183,4.199910179640718,4.194684931506849,15.6872131147541,4,3,1
Japanese,25874,Lotus House,Cafe,South Auckland,1.05,37.47,1752,201,7531.47,853,465,233,31961.91,17423.55,8730.51,0.26584056744352,0.435349240200594,0.32,11,3.25,757.25,2250.48,-677.27,-369.2,1851.52,0.13,0.55,0.3,0.15,3055.5299999999997,1.7440239726027396,0.1147260273972603,0.48687214611872154,0.26541095890410965,0.13299086757990872,0.26584056744352,0.435349240200594,0.7011898076441141,0.17600000000000002,0.096,0.4875,1839.6000000000001,68929.81199999999,11.140990099009901,-0.793056206088993,-0.7922746781115879,7.912478632478632,4,0,2
Japanese,26155,Sakura Eatery,Cafe,West Auckland,1.04,32.14,1366,208,6685.12,637,347,174,20473.18,11152.58,5592.36,0.275439679753035,0.368579049757682,0.3,17,5.02,873.48,2379.78,1146.11,624.34,1117.3,0.18,0.55,0.3,0.15,5267.530000000001,3.856171303074671,0.15226939970717424,0.4663250366032211,0.2540263543191801,0.1273792093704246,0.275439679753035,0.368579049757682,0.644018729510717,0.165,0.09,0.7529999999999999,1420.64,45659.3696,11.386507177033494,1.79641065830721,1.794080459770115,6.384571428571428,4,0,3
Japanese,26398,Red Kitchen,Cafe,South Auckland,1.05,33.94,1485,182,6177.08,717,391,195,24334.98,13270.54,6618.3,0.214547459892929,0.38085606188979,0.31,14,4.13,805.35,2499.22,2302.0,1255.35,1872.39,0.14,0.55,0.3,0.15,7928.96,5.339367003367004,0.12255892255892255,0.48282828282828283,0.2632996632996633,0.13131313131313133,0.214547459892929,0.38085606188979,0.5954035217827189,0.1705,0.093,0.6194999999999999,1559.25,52920.94500000001,13.656939890710381,3.2061281337047354,3.202423469387755,9.553010204081634,4,0,2
Japanese,26361,Dragon House,Full-service,CBD,0.99,39.28,1715,273,10723.44,793,433,216,31149.04,17008.24,8484.48,0.371044463047292,0.529919120436534,0.27,18,5.31,1146.96,1062.01,-5325.35,-2907.79,-306.69,0.19,0.55,0.3,0.15,-7477.82,-4.360244897959183,0.15918367346938778,0.4623906705539359,0.25247813411078723,0.1259475218658892,0.371044463047292,0.529919120436534,0.900963583483826,0.14850000000000002,0.081,0.7964999999999999,1697.85,66691.548,3.875948905109489,-6.70698992443325,-6.699976958525346,-1.4133179723502305,4,1,0
Japanese,25484,Lotus House,Full-service,CBD,0.99,43.35,1617,343,14869.05,701,382,191,30388.35,16559.7,8279.85,0.389593648060691,0.469132607383654,0.31,13,3.84,733.44,2100.61,-5127.31,-2794.06,436.29,0.27,0.55,0.3,0.15,-5384.47,-3.32991341991342,0.21212121212121213,0.43351886209029067,0.23623995052566482,0.11811997526283241,0.389593648060691,0.469132607383654,0.858726255444345,0.1705,0.093,0.576,1600.83,69395.98049999999,6.106424418604652,-7.303860398860399,-7.295195822454308,2.27234375,4,1,0
Japanese,26548,Lotus Corner,Cafe,West Auckland,1.04,40.76,799,79,3220.04,396,216,108,16140.96,8804.16,4402.08,0.27363631747663,0.390719757275656,0.31,13,3.84,414.72,1080.79,413.92,225.77,1062.81,0.11,0.55,0.3,0.15,2783.29,3.4834668335419274,0.09887359198998749,0.4956195244055069,0.27033792240300375,0.13516896120150187,0.27363631747663,0.390719757275656,0.664356074752286,0.1705,0.093,0.576,830.96,33869.929599999996,13.509875,1.0426196473551637,1.0404147465437787,9.750550458715596,4,0,3
Japanese,26366,Dragon Diner,QSR,CBD,0.99,36.78,773,76,2795.28,383,209,105,14086.74,7687.02,3861.9,0.211343498751521,0.407948419544846,0.28,14,4.13,433.65,1064.19,1418.65,774.15,1036.61,0.11,0.55,0.3,0.15,4293.6,5.554463130659768,0.09831824062095731,0.4954721862871927,0.2703751617076326,0.13583441138421734,0.211343498751521,0.407948419544846,0.619291918296367,0.15400000000000003,0.084,0.6194999999999999,765.27,28146.6306,13.82064935064935,3.694401041666667,3.6864285714285714,9.779339622641508,4,3,0
Japanese,26608,Dragon Grill,QSR,CBD,0.99,36.8,661,54,1987.2,334,182,91,12291.2,6697.6,3348.8,0.244970485251397,0.350810357718728,0.3,6,1.77,161.07,803.26,1280.98,698.02,1192.58,0.09,0.55,0.3,0.15,3974.8399999999997,6.013373676248109,0.0816944024205749,0.5052950075642966,0.2753403933434191,0.13767019667170954,0.244970485251397,0.350810357718728,0.595780842970125,0.165,0.09,0.2655,654.39,24081.552,14.604727272727272,3.8238208955223882,3.8143169398907104,12.962826086956522,4,3,0
Japanese,25191,Red Kitchen,QSR,West Auckland,1.04,43.31,809,93,4027.83,394,215,107,17064.14,9311.65,4634.17,0.21593373876065,0.364275915338658,0.28,13,3.84,410.88,1690.84,2385.4,1301.68,1534.5,0.13,0.55,0.3,0.15,6912.42,8.544400494437577,0.11495673671199011,0.48702101359703337,0.2657601977750309,0.13226205191594562,0.21593373876065,0.364275915338658,0.580209654099308,0.15400000000000003,0.084,0.576,841.36,36439.3016,17.987659574468083,6.0389873417721525,6.026296296296296,14.208333333333334,4,3,3
Japanese,26056,Red Kitchen,QSR,North Shore,1.03,44.7,661,60,2682.0,331,180,90,14795.7,8046.0,4023.0,0.209457493200898,0.384090273454785,0.29,5,1.48,133.2,1090.1,1722.99,936.97,1501.96,0.1,0.55,0.3,0.15,5252.02,7.945567322239032,0.0907715582450832,0.5007564296520424,0.2723146747352496,0.1361573373676248,0.209457493200898,0.384090273454785,0.593547766655683,0.1595,0.087,0.222,680.83,30433.101000000002,17.870491803278686,5.18972891566265,5.176629834254144,16.505054945054944,4,3,1
Japanese,25561,Red Eatery,QSR,North Shore,1.03,33.82,765,69,2333.58,383,209,104,12953.06,7068.38,3517.28,0.24942880243063,0.417320055817254,0.27,12,3.54,368.16,777.67,819.3,447.08,803.98,0.1,0.55,0.3,0.15,2848.0299999999997,3.7229150326797384,0.09019607843137255,0.5006535947712418,0.273202614379085,0.13594771241830067,0.24942880243063,0.417320055817254,0.666748858247884,0.14850000000000002,0.081,0.531,787.95,26648.469,11.109571428571428,2.1335937499999997,2.1289523809523807,7.656952380952381,4,3,1
Japanese,26206,Sakura House,Ghost Kitchen,South Auckland,1.05,38.27,492,23,880.21,258,141,70,9873.66,5396.07,2678.9,0.278013643261511,0.205571948923171,0.29,18,5.31,371.7,454.55,2235.54,1221.75,1011.72,0.05,0.55,0.3,0.15,4923.56,10.007235772357724,0.0467479674796748,0.524390243902439,0.2865853658536585,0.14227642276422764,0.278013643261511,0.205571948923171,0.483585592184682,0.1595,0.087,0.7964999999999999,516.6,19770.282,18.939583333333335,8.631428571428572,8.60387323943662,14.249577464788732,4,2,2
Japanese,25884,Sakura Corner,QSR,CBD,0.99,40.79,755,92,3752.68,365,199,99,14888.35,8117.21,4038.21,0.260912698004395,0.355794575531036,0.29,15,4.43,438.57,1438.37,1388.97,757.28,1109.25,0.14,0.55,0.3,0.15,4693.87,6.217046357615894,0.12185430463576159,0.4834437086092716,0.2635761589403974,0.13112582781456955,0.260912698004395,0.355794575531036,0.616707273535431,0.1595,0.087,0.6645,747.45,30488.485499999995,15.466344086021504,3.795,3.7864,11.0925,4,3,0
Japanese,26695,Red Grill,Full-service,South Auckland,1.05,43.8,801,155,6789.0,355,194,97,15549.0,8497.2,4248.6,0.384673320793081,0.4865216211183,0.31,15,4.43,429.71,874.46,-2817.4,-1539.65,117.53,0.24,0.55,0.3,0.15,-3365.06,-4.201073657927591,0.19350811485642944,0.4431960049937578,0.2421972534332085,0.12109862671660425,0.384673320793081,0.4865216211183,0.8711949419113809,0.1705,0.093,0.6645,841.0500000000001,36837.990000000005,5.60551282051282,-7.914044943820225,-7.8956410256410265,1.1992857142857143,4,1,2
Japanese,25523,Golden Kitchen,QSR,West Auckland,1.04,39.26,1523,125,4907.5,769,419,210,30190.94,16449.94,8244.6,0.245123394969851,0.414689913997427,0.28,5,1.48,310.8,1669.47,1817.09,990.07,2493.9,0.09,0.55,0.3,0.15,6970.530000000001,4.576841759684833,0.08207485226526592,0.5049244911359159,0.27511490479317136,0.13788575180564674,0.245123394969851,0.414689913997427,0.659813308967278,0.15400000000000003,0.084,0.222,1583.92,62184.6992,13.249761904761906,2.359857142857143,2.357309523809524,11.819431279620854,4,3,3
Japanese,25926,Golden Corner,Full-service,North Shore,1.03,35.24,1402,298,10501.52,607,331,166,21390.68,11664.44,5849.84,0.357645330461673,0.513063861546107,0.29,11,3.25,539.5,1357.75,-3437.68,-1874.58,216.83,0.27,0.55,0.3,0.15,-3737.68,-2.6659629101283877,0.2125534950071327,0.4329529243937233,0.23609129814550645,0.11840228245363767,0.357645330461673,0.513063861546107,0.87070919200778,0.1595,0.087,0.4875,1444.06,50888.674399999996,4.540969899665551,-5.654078947368421,-5.646325301204819,1.2983832335329342,4,1,1
Japanese,26048,Sakura Tavern,QSR,North Shore,1.03,41.53,544,58,2408.74,267,146,73,11088.51,6063.38,3031.69,0.201183567494154,0.428493036120199,0.32,9,2.66,194.18,892.01,558.01,305.13,928.53,0.12,0.55,0.3,0.15,2683.6800000000003,4.933235294117647,0.10661764705882353,0.4908088235294118,0.26838235294117646,0.13419117647058823,0.201183567494154,0.428493036120199,0.6296766036143531,0.17600000000000002,0.096,0.399,560.32,23270.0896,15.118813559322033,2.0821268656716416,2.0757142857142856,12.547702702702702,4,3,1
Japanese,26278,Golden Diner,Full-service,West Auckland,1.04,32.39,1420,246,7967.94,646,352,176,20923.94,11401.28,5700.64,0.353880775603466,0.513588660839014,0.33,10,2.95,519.2,1056.0,-4131.84,-2251.4,236.31,0.21,0.55,0.3,0.15,-5090.929999999999,-3.5851619718309853,0.17323943661971833,0.45492957746478874,0.247887323943662,0.123943661971831,0.353880775603466,0.513588660839014,0.86746943644248,0.18150000000000002,0.099,0.4425,1476.8,47833.551999999996,4.275303643724697,-6.386151468315302,-6.377903682719547,1.335084745762712,4,1,3
Japanese,26240,Dragon Bistro,QSR,North Shore,1.03,44.24,1665,178,7874.72,818,446,223,36188.32,19731.04,9865.52,0.229306232444942,0.405727084749378,0.31,11,3.25,724.75,2874.01,1989.15,1084.55,2875.84,0.12,0.55,0.3,0.15,8823.55,5.299429429429429,0.1069069069069069,0.49129129129129123,0.26786786786786787,0.13393393393393394,0.229306232444942,0.405727084749378,0.63503331719432,0.1705,0.093,0.4875,1714.95,75869.388,16.055921787709497,2.428754578754579,2.4262863534675616,12.838571428571429,4,3,1
Japanese,26049,Sakura House,Full-service,West Auckland,1.04,42.53,811,205,8718.65,333,182,91,14162.49,7740.46,3870.23,0.395120665139984,0.492510938178748,0.28,3,0.89,80.99,979.7,-2374.08,-1297.55,353.9,0.34,0.55,0.3,0.15,-2338.0299999999997,-2.8828976572133165,0.2527743526510481,0.41060419235511714,0.22441430332922316,0.11220715166461158,0.395120665139984,0.492510938178748,0.887631603318732,0.15400000000000003,0.084,0.1335,843.44,35871.50320000001,4.755825242718447,-7.108023952095808,-7.090437158469945,3.8467391304347824,4,1,3
Japanese,26051,Sakura Cafe,Full-service,West Auckland,1.04,38.36,1671,395,15152.2,702,383,191,26928.72,14691.88,7326.76,0.353888594929595,0.531871801638044,0.27,12,3.54,676.14,1730.98,-4194.43,-2288.41,160.87,0.31,0.55,0.3,0.15,-4590.990000000001,-2.747450628366248,0.23638539796529026,0.42010771992818674,0.22920406941950927,0.11430281268701377,0.353888594929595,0.531871801638044,0.885760396567639,0.14850000000000002,0.081,0.531,1737.8400000000001,66663.5424,4.371161616161616,-5.9664722617354204,-5.959401041666666,0.8378645833333334,4,1,3
Japanese,26418,Lotus Eatery,QSR,West Auckland,1.04,43.92,959,110,4831.2,467,255,127,20510.64,11199.6,5577.84,0.254194249343127,0.394716511690058,0.32,3,0.89,113.03,1696.18,637.66,348.19,1845.29,0.13,0.55,0.3,0.15,4527.32,4.720875912408759,0.11470281543274244,0.4869655891553702,0.2659019812304484,0.132429614181439,0.254194249343127,0.394716511690058,0.648910761033185,0.17600000000000002,0.096,0.1335,997.36,43804.0512,15.280900900900901,1.3625213675213674,1.3601171875,14.416328125,4,3,3
Japanese,26029,Sakura Grill,QSR,South Auckland,1.05,38.48,1000,99,3809.52,496,270,135,19086.08,10389.6,5194.8,0.269834992289543,0.40424062886741,0.33,5,1.48,199.8,1241.62,-77.79,-42.34,1493.31,0.11,0.55,0.3,0.15,2614.8,2.6148000000000002,0.09899999999999998,0.49599999999999994,0.26999999999999996,0.13499999999999998,0.269834992289543,0.40424062886741,0.674075621156953,0.18150000000000002,0.099,0.222,1050.0,40404.00000000001,12.416199999999998,-0.1565191146881288,-0.15623616236162363,10.980220588235294,4,3,2
Japanese,25019,Dragon House,Cafe,West Auckland,1.04,39.08,1642,149,5822.92,821,448,224,32084.68,17507.84,8753.92,0.229025999736041,0.363543053902686,0.28,13,3.84,860.16,2372.44,4088.58,2231.04,2706.46,0.1,0.55,0.3,0.15,11398.52,6.941851400730816,0.0907429963459196,0.5,0.2728380024360536,0.1364190012180268,0.229025999736041,0.363543053902686,0.592569053638727,0.15400000000000003,0.084,0.576,1707.68,66736.13440000001,15.816266666666667,4.973941605839416,4.968908685968819,12.028711111111111,4,0,3
Japanese,25008,Golden Bistro,Ghost Kitchen,CBD,0.99,33.6,1402,115,3864.0,708,386,193,23788.8,12969.6,6484.8,0.296795365330763,0.275661605480127,0.28,6,1.77,341.61,1652.03,3509.87,1913.57,2430.92,0.09,0.55,0.3,0.15,9506.39,6.780592011412268,0.08202567760342368,0.5049928673323822,0.275320970042796,0.137660485021398,0.296795365330763,0.275661605480127,0.57245697081089,0.15400000000000003,0.084,0.2655,1387.98,46636.128000000004,14.241637931034482,4.950451339915373,4.944625322997416,12.530515463917526,4,2,0
Japanese,25168,Sakura Grill,QSR,CBD,0.99,36.66,441,40,1466.4,221,120,60,8101.86,4399.2,2199.6,0.269316739570349,0.397792466287501,0.3,3,0.89,53.4,488.15,266.48,144.69,678.83,0.1,0.55,0.3,0.15,1578.15,3.5785714285714287,0.090702947845805,0.5011337868480725,0.272108843537415,0.1360544217687075,0.269316739570349,0.397792466287501,0.66710920585785,0.165,0.09,0.1335,436.59,16005.3894,11.90609756097561,1.2003603603603605,1.1957851239669421,11.128360655737705,4,3,0
Japanese,25575,Red Cafe,Ghost Kitchen,North Shore,1.03,46.05,1595,118,5433.9,812,443,222,37392.6,20400.15,10223.1,0.262201234011445,0.206482939631678,0.31,3,0.89,197.58,2887.12,8275.57,4514.88,5234.11,0.08,0.55,0.3,0.15,20911.68,13.110771159874608,0.07398119122257053,0.509090909090909,0.27774294670846394,0.13918495297805644,0.262201234011445,0.206482939631678,0.468684173643123,0.1705,0.093,0.1335,1642.8500000000001,75653.24250000001,24.261512605042014,10.179052890528904,10.168648648648649,23.471345291479818,4,2,1
Japanese,26181,Lotus Diner,QSR,South Auckland,1.05,39.53,1365,167,6601.51,659,359,180,26050.27,14191.27,7115.4,0.225995636582375,0.425437678606249,0.33,8,2.36,424.8,2301.07,483.67,263.48,2055.39,0.14,0.55,0.3,0.15,5103.610000000001,3.7389084249084252,0.12234432234432234,0.48278388278388273,0.263003663003663,0.13186813186813184,0.225995636582375,0.425437678606249,0.651433315188624,0.18150000000000002,0.099,0.354,1433.25,56656.372500000005,13.69684523809524,0.7328333333333333,0.7318888888888889,11.35574585635359,4,3,2
Japanese,26425,Red Bistro,Cafe,West Auckland,1.04,45.01,1064,138,6211.38,509,278,139,22910.09,12512.78,6256.39,0.219707919154316,0.39908913038671,0.31,11,3.25,451.75,2367.8,1631.27,890.95,1933.2,0.15,0.55,0.3,0.15,6823.22,6.4128007518797,0.12969924812030076,0.4783834586466166,0.26127819548872183,0.13063909774436092,0.219707919154316,0.39908913038671,0.618797049541026,0.1705,0.093,0.4875,1106.56,49806.2656,17.03453237410072,3.1985686274509804,3.1933691756272404,13.80857142857143,4,0,3
Japanese,26385,Sakura House,Ghost Kitchen,CBD,0.99,34.19,1437,106,3624.14,732,399,200,25027.08,13641.81,6838.0,0.29333988414146,0.2669478087686,0.31,14,4.13,826.0,1593.58,3246.32,1769.51,2180.75,0.08,0.55,0.3,0.15,8790.16,6.1170215727209465,0.07376478775226165,0.5093945720250522,0.2776617954070981,0.13917884481558804,0.29333988414146,0.2669478087686,0.56028769291006,0.1705,0.093,0.6194999999999999,1422.6299999999999,48639.7197,14.893271028037383,4.428813096862211,4.423775,10.849502487562189,4,2,0
Japanese,26518,Lotus Tavern,Cafe,CBD,0.99,30.07,566,60,1804.2,278,152,76,8359.46,4570.64,2285.32,0.250124883279204,0.39169642527122,0.32,12,3.54,269.04,646.23,319.15,174.5,549.51,0.12,0.55,0.3,0.15,1689.39,2.9847879858657245,0.10600706713780919,0.4911660777385159,0.26855123674911663,0.13427561837455831,0.250124883279204,0.39169642527122,0.6418213085504241,0.17600000000000002,0.096,0.531,560.34,16849.4238,10.593934426229508,1.1439068100358423,1.1405228758169934,7.1364935064935064,4,0,0
Japanese,26213,Golden House,QSR,North Shore,1.03,34.81,1428,117,4072.77,721,393,197,25098.01,13680.33,6857.57,0.224662753120065,0.401254094415344,0.27,7,2.07,407.79,1523.55,2612.28,1423.89,2157.51,0.09,0.55,0.3,0.15,7717.2300000000005,5.40422268907563,0.0819327731092437,0.5049019607843137,0.27521008403361347,0.1379551820728291,0.224662753120065,0.401254094415344,0.625916847535409,0.14850000000000002,0.081,0.31049999999999994,1470.8400000000001,51199.9404,12.911440677966102,3.618116343490305,3.6139340101522843,10.896515151515153,4,3,1
Japanese,26037,Dragon Diner,QSR,CBD,0.99,41.15,1458,132,5431.8,729,398,199,29998.35,16377.7,8188.85,0.272327847611159,0.424706685147248,0.28,10,2.95,587.05,1645.65,688.93,376.12,1893.89,0.1,0.55,0.3,0.15,4604.59,3.1581550068587108,0.0905349794238683,0.49999999999999994,0.2729766803840878,0.1364883401920439,0.272327847611159,0.424706685147248,0.6970345327584071,0.15400000000000003,0.084,0.4425,1443.42,59396.733,12.373308270676693,0.9437397260273972,0.9426566416040101,9.46945,4,3,0
Japanese,26473,Dragon Tavern,Full-service,South Auckland,1.05,39.32,1364,338,13290.16,564,308,154,22176.48,12110.56,6055.28,0.360700103011914,0.503687460254878,0.3,15,4.43,682.22,1802.31,-3645.54,-1990.83,138.95,0.33,0.55,0.3,0.15,-3695.11,-2.709024926686217,0.24780058651026396,0.41348973607038125,0.22580645161290325,0.11290322580645162,0.360700103011914,0.503687460254878,0.864387563266792,0.165,0.09,0.6645,1432.2,56314.104,5.3165486725663715,-6.452283185840708,-6.442815533980582,0.8964516129032257,4,1,2
Japanese,25676,Lotus Corner,Cafe,South Auckland,1.05,37.75,1449,231,8720.25,670,365,183,25292.5,13778.75,6908.25,0.232736262306571,0.377446999866515,0.28,12,3.54,647.82,3399.3,2777.54,1513.14,2045.13,0.19,0.55,0.3,0.15,9735.11,6.7185024154589374,0.15942028985507245,0.46238785369220153,0.25189786059351277,0.12629399585921325,0.232736262306571,0.377446999866515,0.6101832621730859,0.15400000000000003,0.084,0.531,1521.45,57434.7375,14.652155172413794,4.139403874813711,4.134262295081967,11.11483695652174,4,0,2
Japanese,26202,Lotus Cafe,Ghost Kitchen,North Shore,1.03,39.39,742,48,1890.72,382,208,104,15046.98,8193.12,4096.56,0.282787777285557,0.325283242308069,0.28,10,2.95,306.8,741.03,1684.19,917.05,1298.76,0.07,0.55,0.3,0.15,4641.030000000001,6.254757412398923,0.0646900269541779,0.5148247978436657,0.2803234501347709,0.14016172506738545,0.282787777285557,0.325283242308069,0.608071019593626,0.15400000000000003,0.084,0.4425,764.26,30104.2014,15.123061224489796,4.3973629242819845,4.387799043062201,12.369142857142856,4,2,1
Japanese,26554,Sakura Kitchen,Cafe,West Auckland,1.04,42.93,1272,146,6267.78,619,338,169,26573.67,14510.34,7255.17,0.259760280065238,0.409047899232246,0.33,17,5.02,848.38,2075.84,31.67,17.29,1554.47,0.13,0.55,0.3,0.15,3679.2700000000004,2.8925078616352207,0.1147798742138365,0.4866352201257862,0.2657232704402516,0.1328616352201258,0.259760280065238,0.409047899232246,0.668808179297484,0.18150000000000002,0.099,0.7529999999999999,1322.88,56791.238399999995,14.121360544217689,0.05108064516129032,0.05100294985250737,9.14394117647059,4,0,3
Japanese,25787,Lotus Cafe,QSR,West Auckland,1.04,44.71,990,90,4023.9,495,270,135,22131.45,12071.7,6035.85,0.263192797061056,0.371279262425378,0.29,15,4.43,598.05,1470.85,1671.54,911.75,1608.22,0.1,0.55,0.3,0.15,5662.36,5.719555555555555,0.09090909090909091,0.5,0.2727272727272727,0.13636363636363635,0.263192797061056,0.371279262425378,0.634472059486434,0.1595,0.087,0.6645,1029.6000000000001,46033.416000000005,16.16318681318681,3.3700403225806452,3.364391143911439,11.82514705882353,4,3,3
Japanese,26438,Lotus Eatery,Full-service,CBD,0.99,33.54,613,84,2817.36,291,159,79,9760.14,5332.86,2649.66,0.360813741094898,0.505782615067437,0.27,7,2.07,163.53,375.85,-1333.2,-728.45,189.94,0.16,0.55,0.3,0.15,-1495.8600000000001,-2.4402283849918436,0.1370309951060359,0.4747145187601957,0.2593800978792822,0.12887438825448613,0.360813741094898,0.505782615067437,0.8665963561623351,0.14850000000000002,0.081,0.31049999999999994,606.87,20354.4198,4.421764705882353,-4.565753424657534,-4.5528125,2.37425,4,1,0
Japanese,25873,Sakura Grill,Full-service,West Auckland,1.04,35.04,1885,339,11878.56,850,464,232,29784.0,16258.56,8129.28,0.354307648574468,0.476819817721844,0.32,4,1.18,273.76,2005.96,-4501.18,-2457.11,1099.05,0.22,0.55,0.3,0.15,-3853.2799999999997,-2.044180371352785,0.17984084880636605,0.4509283819628648,0.24615384615384617,0.12307692307692308,0.354307648574468,0.476819817721844,0.831127466296312,0.17600000000000002,0.096,0.177,1960.4,68692.416,5.899882352941177,-5.289283196239718,-5.284107526881721,4.716952789699571,4,1,3
Japanese,26034,Golden House,QSR,West Auckland,1.04,46.27,531,69,3192.63,254,139,69,11752.58,6431.53,3192.63,0.209463530443609,0.448409099434502,0.29,17,5.02,346.38,1092.29,612.63,335.26,745.91,0.15,0.55,0.3,0.15,2786.09,5.246873822975518,0.12994350282485875,0.4783427495291902,0.2617702448210923,0.12994350282485875,0.209463530443609,0.448409099434502,0.657872629878111,0.1595,0.087,0.7529999999999999,552.24,25552.1448,15.604142857142856,2.402470588235294,2.3947142857142856,10.655857142857142,4,3,3
Japanese,25184,Dragon Cafe,QSR,North Shore,1.03,41.57,1243,152,6318.64,600,327,164,24942.0,13593.39,6817.48,0.227811310086399,0.426582223828882,0.28,16,4.72,774.08,2183.76,1636.36,891.81,1582.09,0.14,0.55,0.3,0.15,6294.02,5.063572003218021,0.12228479485116656,0.48270313757039424,0.26307320997586486,0.13193885760257443,0.227811310086399,0.426582223828882,0.654393533915281,0.15400000000000003,0.084,0.708,1280.29,53221.6553,14.27294117647059,2.722728785357737,2.718932926829268,9.588424242424242,4,3,1
Japanese,25348,Red Tavern,Cafe,South Auckland,1.05,39.66,1327,221,8764.86,608,332,166,24113.28,13167.12,6583.56,0.260996655020863,0.356645783153363,0.32,5,1.48,245.68,3351.31,1503.65,821.07,2271.59,0.2,0.55,0.3,0.15,7947.62,5.989163526752073,0.16654107008289376,0.45817633760361715,0.2501883948756594,0.1250941974378297,0.260996655020863,0.356645783153363,0.617642438174226,0.17600000000000002,0.096,0.222,1393.3500000000001,55260.261,15.095990990990991,2.469047619047619,2.465675675675676,13.602335329341319,4,0,2
Japanese,25643,Red Bistro,Ghost Kitchen,CBD,0.99,43.23,1096,62,2680.26,569,310,155,24597.87,13401.3,6700.65,0.29654417039128,0.272076312650461,0.31,15,4.43,686.65,1156.21,2985.68,1626.64,2203.87,0.06,0.55,0.3,0.15,7972.4,7.274087591240876,0.056569343065693445,0.5191605839416059,0.28284671532846717,0.14142335766423358,0.29654417039128,0.272076312650461,0.568620483041741,0.1705,0.093,0.6645,1085.04,46906.2792,18.352539682539682,5.238035087719298,5.230353697749196,14.127371794871793,4,2,0
Japanese,25226,Red Corner,Cafe,West Auckland,1.04,37.52,767,105,3939.6,364,199,99,13657.28,7466.48,3714.48,0.238916006330401,0.408436138019897,0.29,17,5.02,496.98,1389.29,855.6,467.76,812.92,0.16,0.55,0.3,0.15,3525.5699999999997,4.596571056062581,0.13689700130378096,0.4745762711864407,0.25945241199478486,0.1290743155149935,0.238916006330401,0.408436138019897,0.647352144350298,0.1595,0.087,0.7529999999999999,797.6800000000001,29928.9536,13.106509433962264,2.344109589041096,2.3388,8.129199999999999,4,0,3
Japanese,26365,Lotus Grill,QSR,North Shore,1.03,38.36,864,78,2992.08,432,236,118,16571.52,9052.96,4526.48,0.276877369564027,0.428101296280511,0.31,11,3.25,383.5,882.73,-248.22,-135.6,951.91,0.1,0.55,0.3,0.15,1450.82,1.6791898148148148,0.09027777777777779,0.5000000000000001,0.2731481481481482,0.1365740740740741,0.276877369564027,0.428101296280511,0.704978665844538,0.1705,0.093,0.4875,889.9200000000001,34137.33119999999,11.173797468354431,-0.573256351039261,-0.5721518987341772,7.999243697478991,4,3,1
Japanese,25635,Sakura Bistro,QSR,West Auckland,1.04,40.27,1232,101,4067.27,622,339,170,25047.94,13651.53,6845.9,0.201740783452988,0.427386291883886,0.3,11,3.25,552.5,1508.44,1775.22,967.52,1986.46,0.09,0.55,0.3,0.15,6237.64,5.063019480519481,0.08198051948051949,0.5048701298701298,0.27516233766233766,0.137987012987013,0.201740783452988,0.427386291883886,0.629127075336874,0.165,0.09,0.4875,1281.28,51597.1456,14.788627450980393,2.849470304975923,2.845647058823529,11.616725146198831,4,3,3
Japanese,25080,Dragon Cafe,QSR,South Auckland,1.05,43.46,1609,132,5736.72,812,443,222,35289.52,19252.78,9648.12,0.23662826968357,0.389586268132552,0.27,7,2.07,459.54,2144.3,3662.54,1998.16,3146.79,0.09,0.55,0.3,0.15,10951.79,6.806581727781231,0.08203853325046613,0.5046612802983219,0.2753262896208825,0.1379738968303294,0.23662826968357,0.389586268132552,0.626214537816122,0.14850000000000002,0.081,0.31049999999999994,1689.45,73423.497,16.122556390977444,4.504969249692497,4.500360360360361,14.111165919282511,4,3,2
Japanese,26660,Sakura Cafe,Full-service,South Auckland,1.05,38.45,1361,217,8343.65,629,343,172,24185.05,13188.35,6613.4,0.380893691664096,0.473209341964684,0.31,5,1.48,254.56,1217.31,-3968.84,-2164.25,710.31,0.19,0.55,0.3,0.15,-4205.470000000001,-3.089985304922852,0.1594415870683321,0.4621601763409258,0.25202057310800885,0.12637766348273327,0.380893691664096,0.473209341964684,0.85410303362878,0.1705,0.093,0.222,1429.05,54946.972499999996,5.5839908256880735,-6.299746031746032,-6.2914244186046515,4.105838150289017,4,1,2
Japanese,26328,Sakura House,Cafe,North Shore,1.03,36.91,1525,175,6459.25,743,405,202,27424.13,14948.55,7455.82,0.226427937857807,0.432532472116873,0.28,4,1.18,238.36,2202.86,1673.96,912.45,2304.37,0.13,0.55,0.3,0.15,7093.64,4.651567213114754,0.11475409836065573,0.48721311475409834,0.26557377049180325,0.1324590163934426,0.226427937857807,0.432532472116873,0.65896040997468,0.15400000000000003,0.084,0.177,1570.75,57976.38250000001,12.516250000000001,2.24994623655914,2.2474137931034486,11.351576354679802,4,0,1
Japanese,26084,Lotus Eatery,Cafe,South Auckland,1.05,40.42,1561,203,8205.26,747,407,204,30193.74,16450.94,8245.68,0.224783056583256,0.39191586538218,0.31,3,0.89,181.56,3145.09,2213.23,1205.87,2979.02,0.15,0.55,0.3,0.15,9543.21,6.113523382447148,0.13004484304932734,0.478539397821909,0.26073030108904544,0.13068545803971812,0.224783056583256,0.39191586538218,0.616698921965436,0.1705,0.093,0.1335,1639.0500000000002,66250.40100000001,15.417107843137256,2.9588636363636365,2.9555637254901956,14.53180487804878,4,0,2
Japanese,26326,Golden Kitchen,Cafe,South Auckland,1.05,44.18,1483,134,5920.12,742,405,202,32781.56,17892.9,8924.36,0.2578007145226,0.38243853955064,0.29,11,3.25,656.5,2129.83,2286.87,1248.22,2554.13,0.1,0.55,0.3,0.15,8219.05,5.542178017532029,0.09035738368172623,0.5003371544167228,0.2730950775455159,0.13621038435603508,0.2578007145226,0.38243853955064,0.64023925407324,0.1595,0.087,0.4875,1557.15,68794.887,15.776518518518518,3.077886944818304,3.074433497536946,12.58192118226601,4,0,2
Japanese,25680,Dragon Cafe,Cafe,South Auckland,1.05,37.7,991,121,4561.7,479,261,130,18058.3,9839.7,4901.0,0.219805196989328,0.412271771416999,0.31,7,2.07,269.1,1678.35,1045.99,569.95,1534.09,0.14,0.55,0.3,0.15,4828.38,4.872230070635721,0.12209889001009082,0.48335015136226034,0.2633703329969728,0.1311806256306761,0.219805196989328,0.412271771416999,0.632076968406327,0.1705,0.093,0.31049999999999994,1040.55,39228.735,13.756967213114754,2.1791458333333336,2.175381679389313,11.7106106870229,4,0,2
Japanese,25990,Red Grill,Cafe,South Auckland,1.05,41.45,841,134,5554.3,389,212,106,16124.05,8787.4,4393.7,0.258344795964658,0.386462966701947,0.32,17,5.02,532.12,1972.84,567.44,309.25,1028.49,0.19,0.55,0.3,0.15,3878.0199999999995,4.611200951248513,0.15933412604042807,0.4625445897740785,0.2520808561236623,0.12604042806183116,0.258344795964658,0.386462966701947,0.644807762666605,0.17600000000000002,0.096,0.7529999999999999,883.0500000000001,36602.4225,14.61362962962963,1.4549743589743591,1.4518779342723005,9.612056074766356,4,0,2
Japanese,26572,Lotus House,QSR,West Auckland,1.04,32.31,639,78,2520.18,309,168,84,9983.79,5428.08,2714.04,0.222789005693048,0.391756868897937,0.32,4,1.18,99.12,971.41,653.48,355.29,947.02,0.14,0.55,0.3,0.15,2927.2,4.580907668231611,0.12206572769953049,0.4835680751173708,0.2629107981220657,0.13145539906103285,0.222789005693048,0.391756868897937,0.614545874590985,0.17600000000000002,0.096,0.177,664.5600000000001,21471.933600000004,12.29632911392405,2.108,2.102307692307692,11.141411764705882,4,3,3
Japanese,26332,Golden Bistro,Cafe,North Shore,1.03,37.55,1449,210,7885.5,681,372,186,25571.55,13968.6,6984.3,0.27624335212633,0.388164146267809,0.28,9,2.66,494.76,2646.31,1421.59,776.55,1849.12,0.17,0.55,0.3,0.15,6693.57,4.61944099378882,0.14492753623188404,0.46997929606625255,0.25672877846790887,0.12836438923395443,0.27624335212633,0.388164146267809,0.664407498394139,0.15400000000000003,0.084,0.399,1492.47,56042.24850000001,12.54175355450237,2.084442815249267,2.0819034852546916,9.888342245989305,4,0,1
Japanese,25626,Golden Diner,Cafe,South Auckland,1.05,31.84,1549,178,5667.52,754,411,206,24007.36,13086.24,6559.04,0.242263051830232,0.423438486363739,0.32,10,2.95,607.7,1894.64,343.27,187.11,1584.98,0.13,0.55,0.3,0.15,4010.0,2.588766946417043,0.11491284699806327,0.486765655261459,0.2653324725629438,0.1329890251775339,0.242263051830232,0.423438486363739,0.665701538193971,0.17600000000000002,0.096,0.4425,1626.45,51786.168000000005,10.584581005586593,0.4546622516556291,0.45415048543689324,7.656908212560387,4,0,2
Japanese,26162,Sakura Corner,QSR,North Shore,1.03,43.02,901,74,3183.48,455,248,124,19574.1,10668.96,5334.48,0.274492172040045,0.357641595508903,0.28,10,2.95,365.8,1171.09,1719.9,937.44,1596.58,0.09,0.55,0.3,0.15,5425.01,6.021098779134295,0.0821309655937847,0.5049944506104329,0.2752497225305217,0.13762486126526086,0.274492172040045,0.357641595508903,0.632133767548948,0.15400000000000003,0.084,0.4425,928.03,39923.85059999999,15.614533333333332,3.7717105263157897,3.764819277108434,12.772639999999999,4,3,1
Japanese,25950,Golden Kitchen,QSR,West Auckland,1.04,40.48,1417,163,6598.24,690,376,188,27931.2,15220.48,7610.24,0.263979020509869,0.443158024945296,0.28,18,5.31,998.28,1932.38,359.28,195.78,1230.48,0.13,0.55,0.3,0.15,3717.92,2.6237967537050104,0.1150317572335921,0.48694424841213835,0.26534932956951307,0.13267466478475654,0.263979020509869,0.443158024945296,0.707137045455165,0.15400000000000003,0.084,0.7964999999999999,1473.68,59654.566399999996,11.78280487804878,0.5199421128798842,0.5193103448275862,6.510476190476191,4,3,3
Japanese,26474,Red Tavern,Cafe,North Shore,1.03,40.01,656,100,4001.0,306,167,83,12243.06,6681.67,3320.83,0.215015463903546,0.429638663143851,0.28,4,1.18,97.94,1421.74,922.46,503.44,1082.1,0.18,0.55,0.3,0.15,3929.74,5.9904573170731705,0.15243902439024393,0.46646341463414637,0.2545731707317073,0.12652439024390244,0.215015463903546,0.429638663143851,0.644654127047397,0.15400000000000003,0.084,0.177,675.6800000000001,27033.9568,14.076633663366337,3.004755700325733,2.9966666666666666,12.882142857142856,4,0,1
Japanese,26148,Lotus Tavern,Full-service,West Auckland,1.04,35.97,1488,194,6978.18,712,388,194,25610.64,13956.36,6978.18,0.386351230600849,0.524007843225263,0.27,15,4.43,859.42,625.53,-4619.11,-2517.16,-233.89,0.15,0.55,0.3,0.15,-6744.63,-4.532681451612904,0.1303763440860215,0.47849462365591394,0.260752688172043,0.1303763440860215,0.386351230600849,0.524007843225263,0.910359073826112,0.14850000000000002,0.081,0.6645,1547.52,55664.294400000006,3.2078461538461536,-6.478415147265077,-6.4708483290488426,-1.1994358974358974,4,1,3
Japanese,25262,Golden Corner,Ghost Kitchen,West Auckland,1.04,46.27,1126,32,1480.64,602,328,164,27854.54,15176.56,7588.28,0.28876749642659,0.316839593322948,0.32,3,0.89,145.96,583.95,2072.18,1129.03,2846.8,0.03,0.55,0.3,0.15,6631.96,5.889840142095915,0.028419182948490235,0.5346358792184726,0.2912966252220249,0.14564831261101244,0.28876749642659,0.316839593322948,0.605607089749538,0.17600000000000002,0.096,0.1335,1171.04,54184.0208,17.695454545454545,3.436451077943615,3.4317021276595745,17.253333333333334,4,2,3
Japanese,25721,Dragon Corner,Cafe,North Shore,1.03,44.47,1361,207,9205.29,635,346,173,28238.45,15386.62,7693.31,0.224978579562157,0.397193155204877,0.31,10,2.95,510.35,3478.02,1915.37,1043.65,2396.4,0.18,0.55,0.3,0.15,8833.439999999999,6.490404114621601,0.1520940484937546,0.46656869948567226,0.25422483468038204,0.12711241734019102,0.224978579562157,0.397193155204877,0.622171734767034,0.1705,0.093,0.4425,1401.83,62339.38010000001,16.72125,3.011588050314465,3.0076368876080695,13.772413793103448,4,0,1
Japanese,25105,Sakura Grill,Cafe,West Auckland,1.04,44.69,1238,132,5899.08,608,332,166,27171.52,14837.08,7418.54,0.212421130873263,0.440803884435445,0.27,4,1.18,195.88,2045.65,2086.09,1139.12,2376.68,0.12,0.55,0.3,0.15,7647.539999999999,6.177334410339256,0.10662358642972536,0.4911147011308562,0.2681744749596123,0.13408723747980614,0.212421130873263,0.440803884435445,0.653225015308708,0.14850000000000002,0.081,0.177,1287.52,57539.268800000005,15.380827067669173,3.4254351395730707,3.4207807807807806,14.231616766467065,4,0,3
Japanese,26663,Sakura Grill,QSR,South Auckland,1.05,43.37,818,94,4076.78,398,217,109,17261.26,9411.29,4727.33,0.273267864510417,0.373013900662772,0.31,7,2.07,225.63,1442.03,754.63,411.44,1446.51,0.13,0.55,0.3,0.15,4054.6099999999997,4.956735941320293,0.11491442542787288,0.48655256723716384,0.26528117359413206,0.1332518337408313,0.273267864510417,0.373013900662772,0.646281765173189,0.1705,0.093,0.31049999999999994,858.9000000000001,37250.492999999995,15.179263157894736,1.8913032581453635,1.8873394495412843,13.15009090909091,4,3,2
Japanese,26604,Lotus House,Full-service,CBD,0.99,38.61,935,168,6486.48,422,230,115,16293.42,8880.3,4440.15,0.395717800490093,0.463533437135629,0.28,6,1.77,203.55,912.96,-2268.88,-1236.59,421.4,0.22,0.55,0.3,0.15,-2171.11,-2.322042780748663,0.17967914438502675,0.45133689839572194,0.2459893048128342,0.1229946524064171,0.395717800490093,0.463533437135629,0.859251237625722,0.15400000000000003,0.084,0.2655,925.65,35739.3465,5.402130177514793,-5.363782505910166,-5.353203463203463,3.632758620689655,4,1,0
Japanese,25544,Golden Grill,QSR,CBD,0.99,37.56,1331,153,5746.68,648,353,177,24338.88,13258.68,6648.12,0.277365746442229,0.43348258768674,0.28,18,5.31,939.87,1661.66,222.74,121.34,982.44,0.13,0.55,0.3,0.15,2988.1800000000003,2.245063861758077,0.11495116453794138,0.4868519909842223,0.2652141247182569,0.13298271975957923,0.277365746442229,0.43348258768674,0.710848334128969,0.15400000000000003,0.084,0.7964999999999999,1317.69,49492.436400000006,10.790000000000001,0.3432049306625578,0.3427683615819209,5.519325842696629,4,3,0
Japanese,25222,Golden Kitchen,Ghost Kitchen,South Auckland,1.05,44.92,665,43,1931.56,342,187,93,15362.64,8400.04,4177.56,0.284354734490626,0.235236591240391,0.29,9,2.66,247.38,927.94,2925.18,1599.44,1759.56,0.07,0.55,0.3,0.15,7212.119999999999,10.845293233082705,0.06466165413533834,0.5142857142857142,0.281203007518797,0.13984962406015036,0.284354734490626,0.235236591240391,0.519591325731017,0.1595,0.087,0.399,698.25,31365.390000000003,21.089545454545455,8.528221574344023,8.507659574468086,18.718723404255318,4,2,2
Japanese,25749,Sakura Cafe,Full-service,North Shore,1.03,39.47,988,250,9867.5,406,221,111,16024.82,8722.87,4381.17,0.350760559691116,0.522105942294002,0.3,7,2.07,229.77,1254.49,-2770.15,-1507.89,327.22,0.34,0.55,0.3,0.15,-2696.33,-2.729078947368421,0.25303643724696356,0.4109311740890688,0.22368421052631582,0.11234817813765183,0.350760559691116,0.522105942294002,0.8728665019851181,0.165,0.09,0.31049999999999994,1017.64,40166.2508,4.99796812749004,-6.806265356265357,-6.7922972972972975,2.9216071428571433,4,1,1
Japanese,26596,Sakura Eatery,QSR,West Auckland,1.04,35.63,1532,126,4489.38,773,422,211,27541.99,15035.86,7517.93,0.213268640618771,0.39847880192101,0.31,4,1.18,248.98,1743.01,2155.23,1176.59,2669.88,0.09,0.55,0.3,0.15,7744.71,5.055293733681462,0.08224543080939947,0.5045691906005222,0.2754569190600522,0.1377284595300261,0.213268640618771,0.39847880192101,0.611747442539781,0.1705,0.093,0.177,1593.28,56768.5664,13.724488188976379,2.78453488372093,2.7815366430260045,12.59377358490566,4,3,3
Japanese,25343,Dragon Cafe,Cafe,South Auckland,1.05,32.59,1588,219,7137.21,753,411,205,24540.27,13394.49,6680.95,0.276790069248527,0.37885438776575,0.3,14,4.13,846.65,2457.74,1088.5,594.12,1453.97,0.16,0.55,0.3,0.15,5594.33,3.5228778337531486,0.13790931989924435,0.47418136020151136,0.258816120906801,0.12909319899244331,0.276790069248527,0.37885438776575,0.655644457014277,0.165,0.09,0.6194999999999999,1667.4,54340.566,11.171545454545454,1.443633952254642,1.4420388349514563,7.058106796116505,4,0,2
Japanese,25991,Lotus Eatery,QSR,South Auckland,1.05,36.46,1302,149,5432.54,634,346,173,23115.64,12615.16,6307.58,0.217342791967094,0.380982106854208,0.27,7,2.07,358.11,2182.12,3043.75,1661.1,2175.49,0.13,0.55,0.3,0.15,9062.46,6.960414746543778,0.11443932411674347,0.4869431643625192,0.2657450076804916,0.1328725038402458,0.217342791967094,0.380982106854208,0.598324898821302,0.14850000000000002,0.081,0.31049999999999994,1367.1000000000001,49844.466,14.547466666666667,4.793307086614173,4.787031700288185,12.502816091954022,4,3,2
Japanese,26570,Sakura Kitchen,Full-service,South Auckland,1.05,36.61,936,162,5930.82,426,232,116,15595.86,8493.52,4246.76,0.398264522547834,0.531748677161522,0.3,8,2.36,273.76,415.08,-3587.25,-1953.62,23.46,0.21,0.55,0.3,0.15,-5102.33,-5.451207264957265,0.17307692307692307,0.4551282051282052,0.24786324786324787,0.12393162393162394,0.398264522547834,0.531748677161522,0.9300131997093559,0.165,0.09,0.354,982.8000000000001,35980.308,2.5465030674846623,-8.401053864168619,-8.384635193133047,0.20051282051282052,4,1,2
Kebabs/Mediterranean,26545,Spice House,Full-service,South Auckland,1.05,40.05,627,125,5006.25,276,151,75,11053.8,6047.55,3003.75,0.36459869047394,0.529629612155259,0.33,17,5.02,376.5,529.52,-2478.57,-1356.03,-58.79,0.25,0.55,0.3,0.15,-3363.87,-5.3650239234449755,0.19936204146730463,0.44019138755980863,0.240829346092504,0.11961722488038279,0.36459869047394,0.529629612155259,0.8942283026291991,0.18150000000000002,0.099,0.7529999999999999,658.35,26366.9175,4.202539682539682,-8.947906137184116,-8.92125,-0.7735526315789474,5,1,2
Kebabs/Mediterranean,26602,Mediterranean Bistro,QSR,West Auckland,1.04,33.46,634,47,1572.62,323,176,88,10807.58,5888.96,2944.48,0.201225140802562,0.418291948293336,0.31,13,3.84,337.92,598.36,761.75,415.07,782.4,0.08,0.55,0.3,0.15,2557.58,4.03403785488959,0.07413249211356467,0.5094637223974764,0.277602523659306,0.138801261829653,0.201225140802562,0.418291948293336,0.619517089095898,0.1705,0.093,0.576,659.36,22062.1856,12.465833333333334,2.3510802469135803,2.3450282485875706,8.791011235955056,5,3,3
Kebabs/Mediterranean,25091,Spice Eatery,QSR,West Auckland,1.04,45.92,776,95,4362.4,375,204,102,17220.0,9367.68,4683.84,0.277301201038063,0.378922408702783,0.3,6,1.77,180.54,1499.69,753.83,410.08,1429.65,0.14,0.55,0.3,0.15,4093.25,5.274806701030927,0.12242268041237113,0.4832474226804124,0.26288659793814434,0.13144329896907217,0.277301201038063,0.378922408702783,0.656223609740846,0.165,0.09,0.2655,807.0400000000001,37059.2768,15.621770833333334,2.004867021276596,2.000390243902439,13.880097087378642,5,3,3
Kebabs/Mediterranean,25614,Greek Grill,Ghost Kitchen,West Auckland,1.04,42.6,532,25,1065.0,279,152,76,11885.4,6475.2,3237.6,0.266277984890621,0.221162783249747,0.28,4,1.18,89.68,545.88,2764.06,1505.87,1569.78,0.05,0.55,0.3,0.15,6385.589999999999,12.00298872180451,0.04699248120300752,0.5244360902255639,0.28571428571428575,0.14285714285714288,0.266277984890621,0.221162783249747,0.48744076814036796,0.15400000000000003,0.084,0.177,553.28,23569.728,20.995384615384616,9.871642857142858,9.842287581699345,20.386753246753248,5,2,3
Kebabs/Mediterranean,26105,Spice House,Full-service,South Auckland,1.05,40.7,1617,363,14774.1,690,376,188,28083.0,15303.2,7651.6,0.356935667223297,0.520855247438885,0.32,12,3.54,665.52,1805.53,-5554.56,-3026.83,269.58,0.29,0.55,0.3,0.15,-6506.280000000001,-4.023673469387756,0.22448979591836732,0.42671614100185523,0.23252937538651822,0.11626468769325911,0.356935667223297,0.520855247438885,0.8777909146621821,0.17600000000000002,0.096,0.531,1697.8500000000001,69102.49500000001,4.960247252747252,-8.038437047756874,-8.028726790450929,1.4263492063492063,5,1,2
Kebabs/Mediterranean,26223,Spice Kitchen,QSR,CBD,0.99,31.53,1159,105,3310.65,580,316,158,18287.4,9963.48,4981.74,0.253054095152766,0.443018969800323,0.31,4,1.18,186.44,1006.2,-111.06,-60.51,1327.64,0.1,0.55,0.3,0.15,2162.2700000000004,1.8656341673856778,0.09059534081104399,0.5004314063848144,0.27264883520276095,0.13632441760138048,0.253054095152766,0.443018969800323,0.6960730649530891,0.1705,0.093,0.177,1147.41,36177.83730000001,9.492452830188679,-0.19115318416523236,-0.1908832807570978,8.34993710691824,5,3,0
Kebabs/Mediterranean,25024,Souvlaki Eatery,Ghost Kitchen,West Auckland,1.04,35.37,1141,54,1909.98,598,326,163,21151.26,11530.62,5765.31,0.255490079778247,0.292746339703444,0.27,10,2.95,480.85,862.86,3844.53,2095.85,2123.71,0.05,0.55,0.3,0.15,8926.95,7.823794916739702,0.04732690622261174,0.5241016652059597,0.28571428571428575,0.14285714285714288,0.255490079778247,0.292746339703444,0.548236419481691,0.14850000000000002,0.081,0.4425,1186.64,41971.4568,15.688363636363636,6.418247078464107,6.409327217125382,12.949451219512195,5,2,3
Kebabs/Mediterranean,25289,Greek Bistro,QSR,West Auckland,1.04,34.89,789,65,2267.85,398,217,109,13886.22,7571.13,3803.01,0.254023479968309,0.418164386041462,0.31,17,5.02,547.18,743.43,247.34,134.86,699.49,0.09,0.55,0.3,0.15,1825.1200000000001,2.3132065906210393,0.08238276299112801,0.5044359949302915,0.2750316856780735,0.138149556400507,0.254023479968309,0.418164386041462,0.672187866009771,0.1705,0.093,0.7529999999999999,820.5600000000001,28629.3384,11.264090909090909,0.6198997493734336,0.6186238532110092,6.359,5,3,3
Kebabs/Mediterranean,25175,Greek Bistro,Full-service,CBD,0.99,33.4,1342,259,8650.6,596,325,162,19906.4,10855.0,5410.8,0.364125221897848,0.467583471233957,0.3,12,3.54,573.48,1455.82,-2621.85,-1429.7,337.11,0.24,0.55,0.3,0.15,-2258.62,-1.6830253353204172,0.19299552906110282,0.44411326378539495,0.24217585692995527,0.12071535022354694,0.364125221897848,0.467583471233957,0.831708693131805,0.165,0.09,0.531,1328.58,44374.572,5.599307692307692,-4.391708542713568,-4.3855828220858895,2.068159509202454,5,1,0
Kebabs/Mediterranean,25007,Greek Cafe,Cafe,South Auckland,1.05,33.52,734,95,3184.4,351,192,96,11765.52,6435.84,3217.92,0.236895952448249,0.400437305308878,0.31,13,3.84,368.64,1154.88,619.65,338.95,798.39,0.15,0.55,0.3,0.15,2911.87,3.967125340599455,0.12942779291553133,0.4782016348773842,0.2615803814713896,0.1307901907356948,0.236895952448249,0.400437305308878,0.637333257757127,0.1705,0.093,0.576,770.7,25833.864,12.030000000000001,1.760369318181818,1.7562176165803107,8.230824742268041,5,0,2
Kebabs/Mediterranean,26466,Ottoman Bistro,Full-service,South Auckland,1.05,45.45,942,169,7681.05,425,232,116,19316.25,10544.4,5272.2,0.369745925301686,0.515077800536528,0.32,3,0.89,103.24,884.67,-3956.43,-2159.74,503.99,0.22,0.55,0.3,0.15,-4727.51,-5.018588110403397,0.1794055201698514,0.451167728237792,0.24628450106157115,0.12314225053078558,0.369745925301686,0.515077800536528,0.8848237258382139,0.17600000000000002,0.096,0.1335,989.1,44954.594999999994,5.203941176470588,-9.287394366197182,-9.269270386266093,4.307606837606838,5,1,2
Kebabs/Mediterranean,25305,Souvlaki Grill,Full-service,West Auckland,1.04,41.02,789,167,6850.34,342,187,93,14028.84,7670.74,3814.86,0.357983699010219,0.51328998929821,0.31,13,3.84,357.12,881.82,-2543.06,-1390.5,133.95,0.27,0.55,0.3,0.15,-2917.79,-3.69808618504436,0.211660329531052,0.4334600760456274,0.2370088719898606,0.11787072243346008,0.357983699010219,0.51328998929821,0.871273688308429,0.1705,0.093,0.576,820.5600000000001,33659.3712,5.248928571428571,-7.414169096209912,-7.3962765957446805,1.4249999999999998,5,1,3
Kebabs/Mediterranean,26611,Souvlaki House,Cafe,West Auckland,1.04,40.69,1066,79,3214.51,543,296,148,22094.67,12044.24,6022.12,0.259203197583556,0.421712190238759,0.27,16,4.72,698.56,1025.7,1084.51,591.19,1223.01,0.08,0.55,0.3,0.15,3924.41,3.681435272045028,0.07410881801125704,0.5093808630393996,0.2776735459662289,0.13883677298311445,0.259203197583556,0.421712190238759,0.680915387822315,0.14850000000000002,0.081,0.708,1108.64,45110.5616,12.821250000000001,1.9935845588235295,1.9905387205387208,8.208120805369127,5,0,3
Kebabs/Mediterranean,25980,Mediterranean Diner,Cafe,North Shore,1.03,43.12,1379,113,4872.56,696,380,190,30011.52,16385.6,8192.8,0.202285920605063,0.376177825545892,0.28,18,5.31,1008.9,2053.96,4247.72,2319.16,2444.66,0.09,0.55,0.3,0.15,11065.5,8.024292965917331,0.08194343727338653,0.504713560551124,0.27556200145032633,0.13778100072516317,0.202285920605063,0.376177825545892,0.578463746150955,0.15400000000000003,0.084,0.7964999999999999,1420.3700000000001,61246.3544,18.01719298245614,6.0942898134863706,6.0870341207349075,12.799267015706805,5,0,1
Kebabs/Mediterranean,26125,Souvlaki Cafe,QSR,South Auckland,1.05,45.72,739,85,3886.2,360,196,98,16459.2,8961.12,4480.56,0.242075206153095,0.362840295652859,0.3,17,5.02,491.96,1535.38,1565.01,852.06,1278.24,0.13,0.55,0.3,0.15,5230.6900000000005,7.078064952638702,0.11502029769959403,0.48714479025710417,0.2652232746955345,0.13261163734776726,0.242075206153095,0.362840295652859,0.604915501805954,0.165,0.09,0.7529999999999999,775.95,35476.434,17.85325581395349,4.335207756232687,4.325177664974619,12.911515151515152,5,3,2
Kebabs/Mediterranean,26018,Spice Diner,Full-service,West Auckland,1.04,43.73,584,131,5728.63,249,136,68,10888.77,5947.28,2973.64,0.367173612606712,0.522325868345797,0.32,8,2.36,160.48,633.02,-2281.19,-1245.95,168.11,0.29,0.55,0.3,0.15,-2726.0099999999998,-4.667825342465753,0.2243150684931507,0.42636986301369867,0.2328767123287671,0.11643835616438356,0.367173612606712,0.522325868345797,0.889499480952509,0.17600000000000002,0.096,0.354,607.36,26559.8528,4.795606060606061,-9.12476,-9.094525547445256,2.436376811594203,5,1,3
Kebabs/Mediterranean,25832,Greek Grill,Full-service,North Shore,1.03,44.16,1885,352,15544.32,843,460,230,37226.88,20313.6,10156.8,0.353877747489605,0.474787499988452,0.32,16,4.72,1085.6,2663.28,-5534.34,-3019.93,654.61,0.23,0.55,0.3,0.15,-5236.38,-2.777920424403183,0.186737400530504,0.4472148541114058,0.2440318302387268,0.1220159151193634,0.353877747489605,0.474787499988452,0.8286652474780569,0.17600000000000002,0.096,0.708,1941.55,85738.848,7.544702549575072,-6.557274881516588,-6.5508242950108455,2.833809523809524,5,1,1
Kebabs/Mediterranean,25713,Mediterranean Grill,Full-service,CBD,0.99,35.19,1050,144,5067.36,498,272,136,17524.62,9571.68,4785.84,0.386786557815503,0.529788629314862,0.32,13,3.84,522.24,422.74,-4145.89,-2264.42,-122.98,0.16,0.55,0.3,0.15,-6110.55,-5.819571428571429,0.13714285714285712,0.47428571428571425,0.2590476190476191,0.12952380952380954,0.386786557815503,0.529788629314862,0.916575187130365,0.17600000000000002,0.096,0.576,1039.5,36580.005,2.9154482758620692,-8.308396793587175,-8.294578754578755,-0.8976642335766424,5,1,0
Kebabs/Mediterranean,26475,Greek Tavern,Cafe,South Auckland,1.05,43.63,554,68,2966.84,267,146,73,11649.21,6369.98,3184.99,0.248891774062067,0.402402316173539,0.32,11,3.25,237.25,1034.55,334.4,182.86,873.37,0.14,0.55,0.3,0.15,2425.18,4.377581227436822,0.12274368231046934,0.48194945848375453,0.26353790613718414,0.13176895306859207,0.248891774062067,0.402402316173539,0.651294090235606,0.17600000000000002,0.096,0.4875,581.7,25379.570999999996,14.993478260869564,1.2477611940298508,1.2439455782312927,11.802297297297297,5,0,2
Kebabs/Mediterranean,26502,Mediterranean House,Ghost Kitchen,CBD,0.99,40.08,491,40,1603.2,248,135,68,9939.84,5410.8,2725.44,0.276130198792089,0.246165007574018,0.3,16,4.72,320.96,765.86,1766.36,961.53,981.0,0.09,0.55,0.3,0.15,4474.75,9.113543788187373,0.0814663951120163,0.505091649694501,0.274949083503055,0.1384928716904277,0.276130198792089,0.246165007574018,0.522295206366107,0.165,0.09,0.708,486.09,19482.4872,18.67951219512195,7.093815261044177,7.070073529411765,14.217391304347826,5,2,0
Kebabs/Mediterranean,25288,Mediterranean House,QSR,West Auckland,1.04,45.09,1015,92,4148.28,508,277,138,22905.72,12489.93,6222.42,0.216415446083993,0.364264163793996,0.29,4,1.18,162.84,1739.46,2962.18,1615.2,2446.35,0.1,0.55,0.3,0.15,8763.189999999999,8.633684729064038,0.09064039408866995,0.5004926108374385,0.2729064039408867,0.13596059113300493,0.216415446083993,0.364264163793996,0.580679609877989,0.1595,0.087,0.177,1055.6000000000001,47597.004,18.703870967741935,5.819607072691552,5.810071942446044,17.599640287769784,5,3,3
Kebabs/Mediterranean,25773,Spice Bistro,Full-service,CBD,0.99,37.45,1507,240,8988.0,697,380,190,26102.65,14231.0,7115.5,0.370961641636677,0.509873623633757,0.31,9,2.66,505.4,1071.05,-4981.31,-2715.78,342.52,0.19,0.55,0.3,0.15,-6283.52,-4.169555408095555,0.159256801592568,0.46250829462508297,0.252156602521566,0.126078301260783,0.370961641636677,0.509873623633757,0.880835265270434,0.1705,0.093,0.399,1491.93,55872.7785,4.444190871369295,-7.136547277936963,-7.1280314960629925,1.7932984293193717,5,1,0
Kebabs/Mediterranean,25225,Souvlaki Bistro,QSR,West Auckland,1.04,46.53,819,81,3768.93,406,221,111,18891.18,10283.13,5164.83,0.262682405784726,0.401916302880272,0.3,8,2.36,261.96,1264.1,668.77,364.04,1470.33,0.11,0.55,0.3,0.15,3767.24,4.599804639804639,0.0989010989010989,0.49572649572649574,0.2698412698412698,0.13553113553113552,0.262682405784726,0.401916302880272,0.664598708664998,0.165,0.09,0.354,851.76,39632.3928,15.415853658536584,1.643169533169533,1.63981981981982,13.127946428571429,5,3,3
Kebabs/Mediterranean,25454,Ottoman Tavern,QSR,West Auckland,1.04,39.95,823,81,3235.95,408,223,111,16299.6,8908.85,4434.45,0.256565088704228,0.421104991156608,0.29,13,3.84,426.24,1043.04,526.96,288.02,1003.12,0.11,0.55,0.3,0.15,2861.14,3.4764763061968407,0.09842041312272175,0.4957472660996355,0.2709599027946537,0.13487241798298907,0.256565088704228,0.421104991156608,0.6776700798608359,0.1595,0.087,0.576,855.9200000000001,34194.004,12.719999999999999,1.2884107579462103,1.2858035714285714,8.956428571428571,5,3,3
Kebabs/Mediterranean,25248,Spice Diner,Ghost Kitchen,South Auckland,1.05,33.77,603,49,1654.73,305,166,83,10299.85,5605.82,2802.91,0.283417476492468,0.303180989366956,0.31,5,1.48,122.84,684.07,1065.02,579.65,1035.89,0.09,0.55,0.3,0.15,3364.63,5.579817578772803,0.08126036484245439,0.5058043117744611,0.275290215588723,0.1376451077943615,0.283417476492468,0.303180989366956,0.586598465859424,0.1705,0.093,0.222,633.15,21381.4755,13.681400000000002,3.4804575163398694,3.4709580838323353,12.332023809523811,5,2,2
Kebabs/Mediterranean,25371,Ottoman Diner,Cafe,CBD,0.99,35.67,711,64,2282.88,356,194,97,12698.52,6919.98,3459.99,0.225877578500658,0.355963769042864,0.31,14,4.13,400.61,954.61,1373.45,748.46,1046.21,0.1,0.55,0.3,0.15,4122.73,5.798495077355836,0.090014064697609,0.50070323488045,0.27285513361462727,0.13642756680731363,0.225877578500658,0.355963769042864,0.581841347543522,0.1705,0.093,0.6194999999999999,703.89,25107.7563,14.686307692307693,3.847198879551821,3.8382564102564105,10.675612244897959,5,0,0
Kebabs/Mediterranean,26629,Souvlaki Grill,Cafe,West Auckland,1.04,38.33,763,99,3794.67,365,199,100,13990.45,7627.67,3833.0,0.257246895227581,0.447942201863043,0.28,17,5.02,502.0,1118.71,207.21,112.97,628.01,0.15,0.55,0.3,0.15,2066.9,2.7089121887287027,0.12975098296199214,0.4783748361730013,0.2608125819134993,0.1310615989515072,0.257246895227581,0.447942201863043,0.705189097090624,0.15400000000000003,0.084,0.7529999999999999,793.52,30415.621600000002,11.187100000000001,0.5661475409836065,0.56485,6.217920792079208,5,0,3
Kebabs/Mediterranean,25943,Spice Bistro,Cafe,South Auckland,1.05,36.29,880,87,3157.23,436,238,119,15822.44,8637.02,4318.51,0.251256800014526,0.375119053549133,0.28,13,3.84,456.96,1179.62,1481.36,808.63,1156.54,0.11,0.55,0.3,0.15,4626.15,5.256988636363636,0.09886363636363635,0.4954545454545454,0.27045454545454545,0.13522727272727272,0.251256800014526,0.375119053549133,0.626375853563659,0.15400000000000003,0.084,0.576,924.0,33531.96000000001,13.404772727272727,3.3898398169336383,3.383389121338912,9.637833333333333,5,0,2
Kebabs/Mediterranean,25016,Greek House,Ghost Kitchen,CBD,0.99,32.39,1544,101,3271.39,794,433,216,25717.66,14024.87,6996.24,0.253185342159122,0.264860429789405,0.31,13,3.84,829.44,1576.66,4422.26,2411.64,2542.43,0.07,0.55,0.3,0.15,10952.99,7.093905440414508,0.06541450777202072,0.5142487046632125,0.2804404145077721,0.13989637305699482,0.253185342159122,0.264860429789405,0.518045771948527,0.1705,0.093,0.576,1528.56,49510.058399999994,15.457450980392158,5.562591194968554,5.556774193548387,11.71626728110599,5,2,0
Kebabs/Mediterranean,25740,Mediterranean Corner,QSR,CBD,0.99,41.47,1106,135,5598.45,534,291,146,22144.98,12067.77,6054.62,0.242561650462449,0.398084158846177,0.29,12,3.54,516.84,2011.83,1535.85,836.95,1658.91,0.14,0.55,0.3,0.15,6043.54,5.464321880650995,0.1220614828209765,0.48282097649186256,0.2631103074141049,0.13200723327305605,0.242561650462449,0.398084158846177,0.640645809308626,0.1595,0.087,0.531,1094.94,45407.1618,14.792867647058824,2.8707476635514015,2.8662671232876713,11.285102040816327,5,3,0
Kebabs/Mediterranean,25276,Souvlaki Corner,Full-service,West Auckland,1.04,31.87,1282,256,8158.72,564,308,154,17974.68,9815.96,4907.98,0.393898058764171,0.48371247688774,0.32,14,4.13,636.02,998.54,-3551.99,-1939.74,-35.33,0.25,0.55,0.3,0.15,-4528.5199999999995,-3.5323868954758186,0.19968798751950081,0.4399375975039002,0.24024960998439937,0.12012480499219969,0.393898058764171,0.48371247688774,0.877610535651911,0.17600000000000002,0.096,0.6194999999999999,1333.28,42491.6336,3.8853696498054475,-6.28670796460177,-6.2774757281553395,-0.22793548387096774,5,1,3
Kebabs/Mediterranean,26124,Mediterranean Tavern,QSR,West Auckland,1.04,32.43,1426,175,5675.25,688,375,188,22311.84,12161.25,6096.84,0.25688427304849,0.368377372855321,0.29,4,1.18,221.84,2126.73,1890.67,1030.52,2062.88,0.14,0.55,0.3,0.15,7110.8,4.986535764375876,0.1227208976157083,0.48246844319775606,0.2629733520336606,0.1318373071528752,0.25688427304849,0.368377372855321,0.625261645903811,0.1595,0.087,0.177,1483.04,48094.987199999996,12.083693181818182,2.744078374455733,2.740744680851064,10.914708994708995,5,3,3
Kebabs/Mediterranean,25789,Spice Eatery,QSR,South Auckland,1.05,32.44,1444,166,5385.04,703,383,192,22805.32,12424.52,6228.48,0.273825882058591,0.4353035336826,0.31,7,2.07,397.44,1566.35,-436.25,-237.67,1414.24,0.13,0.55,0.3,0.15,2306.67,1.5974168975069252,0.1149584487534626,0.4868421052631579,0.26523545706371193,0.13296398891966757,0.273825882058591,0.4353035336826,0.7091294157411909,0.1705,0.093,0.31049999999999994,1516.2,49185.528000000006,9.379341317365268,-0.6196732954545454,-0.6189322916666666,7.327668393782384,5,3,2
Kebabs/Mediterranean,26350,Ottoman Corner,Cafe,CBD,0.99,43.19,988,121,5225.99,477,260,130,20601.63,11229.4,5614.7,0.257561586480588,0.395663524908014,0.27,5,1.48,192.4,1812.24,1581.69,862.14,1754.64,0.14,0.55,0.3,0.15,6010.710000000001,6.083714574898786,0.12246963562753035,0.4827935222672065,0.2631578947368421,0.13157894736842105,0.257561586480588,0.395663524908014,0.6532251113886021,0.14850000000000002,0.081,0.222,978.12,42245.0028,14.854426229508197,3.3089748953974896,3.303218390804598,13.394198473282444,5,0,0
Kebabs/Mediterranean,25628,Souvlaki Kitchen,Full-service,West Auckland,1.04,33.05,652,99,3271.95,304,166,83,10047.2,5486.3,2743.15,0.38492362027755,0.490895911841653,0.32,11,3.25,269.75,406.31,-1967.44,-1074.32,70.9,0.18,0.55,0.3,0.15,-2564.5499999999997,-3.933358895705521,0.151840490797546,0.4662576687116564,0.254601226993865,0.1273006134969325,0.38492362027755,0.490895911841653,0.875819532119203,0.17600000000000002,0.096,0.4875,678.08,22410.544,4.0631,-6.450622950819672,-6.433053892215568,0.8440476190476192,5,1,3
Kebabs/Mediterranean,26383,Spice Grill,Ghost Kitchen,CBD,0.99,43.64,909,75,3273.0,459,250,125,20030.76,10910.0,5455.0,0.288354203477502,0.245657608332112,0.31,11,3.25,406.25,1525.18,3124.56,1701.83,2135.72,0.09,0.55,0.3,0.15,8487.289999999999,9.336952695269526,0.08250825082508252,0.504950495049505,0.27502750275027504,0.13751375137513752,0.288354203477502,0.245657608332112,0.534011811809614,0.1705,0.093,0.4875,899.91,39272.0724,20.068157894736842,6.792521739130435,6.780199203187251,16.95015873015873,5,2,0
Kebabs/Mediterranean,25265,Spice Corner,Cafe,CBD,0.99,44.54,1057,121,5389.34,515,281,140,22938.1,12515.74,6235.6,0.279153475873172,0.393721630284563,0.3,14,4.13,578.2,1762.99,622.19,339.49,1461.62,0.13,0.55,0.3,0.15,4186.29,3.960539262062441,0.11447492904446548,0.48722800378429515,0.26584673604541154,0.13245033112582782,0.279153475873172,0.393721630284563,0.6728751061577349,0.165,0.09,0.6194999999999999,1046.43,46607.9922,14.450737704918033,1.205794573643411,1.2038652482269503,10.366099290780141,5,0,0
Kebabs/Mediterranean,26070,Ottoman Kitchen,Cafe,South Auckland,1.05,40.64,1068,97,3942.08,534,291,146,21701.76,11826.24,5933.44,0.23301796503365,0.408658240712248,0.33,16,4.72,689.12,1412.54,614.68,334.96,1436.97,0.1,0.55,0.3,0.15,3799.1499999999996,3.557256554307116,0.09082397003745318,0.5,0.27247191011235955,0.13670411985018727,0.23301796503365,0.408658240712248,0.641676205745898,0.18150000000000002,0.099,0.708,1121.4,45573.695999999996,14.413673469387755,1.1489345794392523,1.1471232876712327,9.77530612244898,5,0,2
Kebabs/Mediterranean,26374,Mediterranean Cafe,Full-service,CBD,0.99,31.57,1365,188,5935.16,647,353,177,20425.79,11144.21,5587.89,0.371638254763093,0.458731450373307,0.3,15,4.43,784.11,1006.78,-2662.9,-1452.87,163.77,0.16,0.55,0.3,0.15,-2945.22,-2.1576703296703297,0.1377289377289377,0.473992673992674,0.2586080586080586,0.12967032967032968,0.371638254763093,0.458731450373307,0.8303697051364,0.165,0.09,0.6645,1351.35,42662.1195,5.3268783068783065,-4.109413580246914,-4.104152542372881,0.920056179775281,5,1,0
Kebabs/Mediterranean,25996,Mediterranean Tavern,Full-service,South Auckland,1.05,35.33,1777,366,12930.78,776,423,212,27416.08,14944.59,7489.96,0.365926621656399,0.490341197722591,0.28,5,1.48,313.76,1858.57,-3735.93,-2036.47,762.79,0.26,0.55,0.3,0.15,-3151.04,-1.773235790658413,0.2059651097355093,0.4366910523353968,0.23804164321890828,0.11930219471018572,0.365926621656399,0.490341197722591,0.85626781937899,0.15400000000000003,0.084,0.222,1865.8500000000001,65920.4805,5.064223433242507,-4.808146718146718,-4.802995283018868,3.5811737089201876,5,1,2
Kebabs/Mediterranean,25955,Mediterranean Diner,Cafe,South Auckland,1.05,43.46,1369,146,6345.16,673,367,183,29248.58,15949.82,7953.18,0.264182696025819,0.356815892038867,0.31,6,1.77,323.91,2404.82,2018.19,1100.56,2690.36,0.12,0.55,0.3,0.15,8213.93,5.999948867786705,0.1066471877282688,0.491599707815924,0.2680788897005113,0.13367421475529584,0.264182696025819,0.356815892038867,0.620998588064686,0.1705,0.093,0.2655,1437.45,62471.577000000005,16.359319727891158,2.994347181008902,2.9906521739130434,14.621521739130435,5,0,2
Kebabs/Mediterranean,26537,Souvlaki Tavern,Cafe,South Auckland,1.05,42.82,1662,216,9249.12,795,434,217,34041.9,18583.88,9291.94,0.239814326744527,0.414505169214681,0.28,4,1.18,256.06,3197.24,2235.89,1220.6,2955.98,0.15,0.55,0.3,0.15,9609.71,5.782015643802647,0.1299638989169675,0.4783393501805054,0.26113116726835134,0.13056558363417567,0.239814326744527,0.414505169214681,0.654319495959208,0.15400000000000003,0.084,0.177,1745.1000000000001,74725.18200000002,14.733824884792625,2.808907035175879,2.8059770114942526,13.55954128440367,5,0,2
Kebabs/Mediterranean,25743,Spice Bistro,QSR,North Shore,1.03,36.61,1357,123,4503.03,679,370,185,24858.19,13545.7,6772.85,0.204481605421752,0.414568058564328,0.32,17,5.02,928.7,1715.43,1515.12,825.61,1651.42,0.1,0.55,0.3,0.15,5707.58,4.206028002947678,0.09064112011790715,0.5003684598378777,0.27266028002947684,0.13633014001473842,0.204481605421752,0.414568058564328,0.61904966398608,0.17600000000000002,0.096,0.7529999999999999,1397.71,51170.1631,13.834112903225806,2.2281176470588235,2.2253638814016172,8.878602150537635,5,3,1
Kebabs/Mediterranean,26540,Mediterranean Grill,Cafe,CBD,0.99,37.77,1177,126,4759.02,578,315,158,21831.06,11897.55,5967.66,0.240826117321849,0.400244645262137,0.28,11,3.25,513.5,1708.15,1723.11,939.06,1628.47,0.12,0.55,0.3,0.15,5998.79,5.096677994902294,0.1070518266779949,0.4910790144435004,0.26762956669498716,0.1342395921835174,0.240826117321849,0.400244645262137,0.641070762583986,0.15400000000000003,0.084,0.4875,1165.23,44010.737100000006,13.450000000000001,2.9760103626943004,2.9717088607594935,10.24194968553459,5,0,0
Kebabs/Mediterranean,26662,Souvlaki Diner,QSR,CBD,0.99,41.0,992,106,4346.0,487,266,133,19967.0,10906.0,5453.0,0.252186945099384,0.449155660392717,0.3,9,2.66,353.78,1297.97,-26.81,-14.64,1274.8,0.12,0.55,0.3,0.15,2531.3199999999997,2.5517338709677415,0.10685483870967742,0.4909274193548387,0.26814516129032256,0.13407258064516128,0.252186945099384,0.449155660392717,0.701342605492101,0.165,0.09,0.399,982.08,40265.28,12.130560747663552,-0.054938524590163934,-0.054831460674157305,9.513432835820895,5,3,0
Kebabs/Mediterranean,26243,Mediterranean Tavern,Full-service,South Auckland,1.05,33.24,865,138,4587.12,400,218,109,13296.0,7246.32,3623.16,0.360161935002543,0.530864983261563,0.27,18,5.31,578.79,499.87,-2141.01,-1166.85,-183.96,0.19,0.55,0.3,0.15,-2991.9500000000003,-3.4589017341040464,0.15953757225433526,0.46242774566473993,0.2520231213872832,0.1260115606936416,0.360161935002543,0.530864983261563,0.891026918264106,0.14850000000000002,0.081,0.7964999999999999,908.25,30190.23,3.5961870503597124,-5.339177057356609,-5.328082191780822,-1.6723636363636365,5,1,2
Kebabs/Mediterranean,26609,Greek Grill,Cafe,West Auckland,1.04,39.38,1192,146,5749.48,575,314,157,22643.5,12365.32,6182.66,0.273661237359047,0.37486298813019,0.31,14,4.13,648.41,2020.8,939.16,512.86,1524.65,0.14,0.55,0.3,0.15,4997.47,4.192508389261745,0.12248322147651004,0.4823825503355704,0.2634228187919463,0.13171140939597314,0.273661237359047,0.37486298813019,0.6485242254892369,0.1705,0.093,0.6194999999999999,1239.68,48818.59840000001,13.746938775510204,1.630486111111111,1.628126984126984,9.649683544303798,5,0,3
Kebabs/Mediterranean,26367,Greek Kitchen,QSR,North Shore,1.03,44.94,1471,180,8089.2,710,387,194,31907.4,17391.78,8718.36,0.253196105267853,0.357677389797755,0.29,14,4.13,801.22,3147.72,3162.87,1723.99,2591.32,0.14,0.55,0.3,0.15,10625.9,7.223589394969408,0.12236573759347384,0.4826648538409246,0.26308633582596874,0.13188307273963293,0.253196105267853,0.357677389797755,0.6108734950656081,0.1595,0.087,0.6194999999999999,1515.13,68089.94219999999,17.390718232044197,4.4484810126582275,4.443273195876289,13.288820512820514,5,3,1
Kebabs/Mediterranean,26073,Souvlaki Corner,Ghost Kitchen,North Shore,1.03,31.72,464,13,412.36,248,135,68,7866.56,4282.2,2156.96,0.286935223895125,0.337176509120036,0.3,13,3.84,261.12,155.0,596.98,324.97,549.66,0.03,0.55,0.3,0.15,1626.6100000000001,3.505625,0.02801724137931035,0.5344827586206897,0.290948275862069,0.14655172413793105,0.286935223895125,0.337176509120036,0.624111733015161,0.165,0.09,0.576,477.92,15159.622399999998,11.071428571428571,2.397510040160643,2.389485294117647,7.966086956521739,5,2,1
Kebabs/Mediterranean,25415,Greek Tavern,QSR,South Auckland,1.05,33.05,1029,76,2511.8,524,286,143,17318.2,9452.3,4726.15,0.257650163397193,0.444915941148065,0.29,12,3.54,506.22,747.09,128.74,70.27,899.5,0.08,0.55,0.3,0.15,1845.6,1.7935860058309037,0.07385811467444121,0.5092322643343052,0.27793974732750243,0.13896987366375121,0.257650163397193,0.444915941148065,0.702566104545258,0.1595,0.087,0.531,1080.45,35708.8725,9.702467532467534,0.24521904761904764,0.24484320557491288,6.246527777777778,5,3,2
Kebabs/Mediterranean,26389,Ottoman Bistro,QSR,CBD,0.99,44.53,799,98,4363.94,386,210,105,17188.58,9351.3,4675.65,0.237571332715452,0.408935232157819,0.32,10,2.95,309.75,1542.62,575.7,313.21,1343.06,0.14,0.55,0.3,0.15,3774.5899999999997,4.724142678347935,0.12265331664580724,0.4831038798498123,0.26282853566958697,0.13141426783479349,0.237571332715452,0.408935232157819,0.6465065648732711,0.17600000000000002,0.096,0.4425,791.01,35223.6753,15.582020202020201,1.4875968992248063,1.4844075829383885,12.670377358490565,5,3,0
Kebabs/Mediterranean,25011,Greek Cafe,Ghost Kitchen,CBD,0.99,44.49,584,38,1690.62,300,164,82,13347.0,7296.36,3648.18,0.256190317415167,0.24788753275061,0.3,6,1.77,145.14,838.42,2614.97,1429.52,1664.07,0.07,0.55,0.3,0.15,6546.98,11.210582191780821,0.06506849315068493,0.5136986301369864,0.2808219178082192,0.1404109589041096,0.256190317415167,0.24788753275061,0.504077850165777,0.165,0.09,0.2655,578.16,25722.3384,21.497948717948717,8.687607973421926,8.663757575757575,20.049036144578313,5,2,0
Kebabs/Mediterranean,25079,Spice Corner,Cafe,South Auckland,1.05,33.15,1159,133,4408.95,564,308,154,18696.6,10210.2,5105.1,0.221820098869503,0.397894586995244,0.27,13,3.84,591.36,1676.66,2061.96,1126.04,1350.03,0.13,0.55,0.3,0.15,6214.69,5.362113891285591,0.11475409836065574,0.48662640207075064,0.2657463330457291,0.13287316652286454,0.221820098869503,0.397894586995244,0.619714685864747,0.14850000000000002,0.081,0.576,1216.95,40341.8925,12.512388059701493,3.6494867256637167,3.644142394822006,8.709870967741935,5,0,2
Kebabs/Mediterranean,25805,Greek Diner,QSR,North Shore,1.03,37.52,827,88,3301.76,406,222,111,15233.12,8329.44,4164.72,0.268282534554601,0.427071230439469,0.27,13,3.84,426.24,1005.87,527.77,288.58,842.53,0.12,0.55,0.3,0.15,2664.75,3.2221886336154775,0.1064087061668682,0.4909310761789601,0.26844014510278114,0.13422007255139057,0.268282534554601,0.427071230439469,0.69535376499407,0.14850000000000002,0.081,0.576,851.8100000000001,31959.911200000002,11.30191011235955,1.2967321867321866,1.2940807174887892,7.522589285714285,5,3,1
Kebabs/Mediterranean,25339,Ottoman Diner,Full-service,South Auckland,1.05,46.26,1762,229,10593.54,843,460,230,38997.18,21279.6,10639.8,0.355174614931457,0.535524720861577,0.3,15,4.43,1018.9,1157.88,-7436.74,-4058.01,144.04,0.15,0.55,0.3,0.15,-10192.829999999998,-5.784807037457433,0.1299659477866061,0.4784335981838819,0.2610669693530079,0.13053348467650394,0.355174614931457,0.535524720861577,0.890699335793034,0.165,0.09,0.6645,1850.1000000000001,85585.62600000002,5.034260869565218,-8.811303317535545,-8.802624728850326,0.6235497835497835,5,1,2
Kebabs/Mediterranean,26092,Mediterranean Cafe,QSR,South Auckland,1.05,33.15,656,65,2154.75,325,177,89,10773.75,5867.55,2950.35,0.200747563447803,0.442062316881493,0.3,18,5.31,472.59,769.66,616.15,335.57,581.25,0.11,0.55,0.3,0.15,2302.63,3.5101067073170733,0.09908536585365854,0.49542682926829273,0.2698170731707317,0.13567073170731708,0.200747563447803,0.442062316881493,0.642809880329296,0.165,0.09,0.7964999999999999,688.8000000000001,22833.719999999998,11.66151515151515,1.8900306748466258,1.8852247191011235,6.458333333333333,5,3,2
Kebabs/Mediterranean,25985,Greek House,Ghost Kitchen,West Auckland,1.04,34.05,1044,86,2928.3,527,287,144,17944.35,9772.35,4903.2,0.270674161799252,0.240603015443776,0.28,18,5.31,764.64,1431.13,3745.4,2039.71,1631.67,0.09,0.55,0.3,0.15,8847.91,8.47500957854406,0.08237547892720308,0.5047892720306514,0.274904214559387,0.13793103448275862,0.270674161799252,0.240603015443776,0.511277177243028,0.15400000000000003,0.084,0.7964999999999999,1085.76,36970.128,16.44977011494253,7.093560606060606,7.082326388888889,11.252896551724138,5,2,3
Kebabs/Mediterranean,25583,Greek House,Full-service,West Auckland,1.04,33.6,963,173,5812.8,435,237,118,14616.0,7963.2,3964.8,0.371883250121027,0.545719661866315,0.31,7,2.07,244.26,478.96,-3326.64,-1812.45,82.43,0.22,0.55,0.3,0.15,-4577.7,-4.753582554517134,0.17964693665628245,0.4517133956386293,0.24610591900311526,0.122533748701973,0.371883250121027,0.545719661866315,0.9176029119873421,0.1705,0.093,0.31049999999999994,1001.52,33651.072,2.7526436781609194,-7.629908256880734,-7.6153361344537815,0.6926890756302522,5,1,3
Kebabs/Mediterranean,25489,Mediterranean House,Cafe,West Auckland,1.04,38.23,1011,108,4128.84,497,271,135,19000.31,10360.33,5161.05,0.257329107895494,0.440343453921378,0.31,14,4.13,557.55,1248.26,-145.78,-79.49,1002.78,0.12,0.55,0.3,0.15,2025.77,2.003728981206726,0.10682492581602372,0.4915924826904055,0.268051434223541,0.13353115727002965,0.257329107895494,0.440343453921378,0.697672561816872,0.1705,0.093,0.6194999999999999,1051.44,40196.55120000001,11.451926605504587,-0.2927309236947791,-0.2922426470588235,7.373382352941176,5,0,3
Kebabs/Mediterranean,26622,Souvlaki Bistro,QSR,South Auckland,1.05,41.47,1412,116,4810.52,713,389,194,29568.11,16131.83,8045.18,0.205360204614699,0.447295912401751,0.32,11,3.25,630.5,1670.9,808.51,441.11,2163.94,0.09,0.55,0.3,0.15,5084.46,3.6008923512747875,0.08215297450424928,0.5049575070821529,0.27549575070821525,0.13739376770538242,0.205360204614699,0.447295912401751,0.65265611701645,0.17600000000000002,0.096,0.4875,1482.6000000000001,61483.42200000001,14.281196581196582,1.1323669467787114,1.1310512820512821,11.097128205128206,5,3,2
Kebabs/Mediterranean,26623,Souvlaki Grill,QSR,West Auckland,1.04,36.11,1464,133,4802.63,732,399,200,26432.52,14407.89,7222.0,0.202095478307456,0.434590043663047,0.31,10,2.95,590.0,1744.87,1409.24,768.15,2033.86,0.1,0.55,0.3,0.15,5956.12,4.068387978142076,0.09084699453551913,0.5,0.2725409836065574,0.13661202185792348,0.202095478307456,0.434590043663047,0.636685521970503,0.1705,0.093,0.4425,1522.56,54979.6416,13.021417910447761,1.9225648021828103,1.920375,10.11870646766169,5,3,3
Kebabs/Mediterranean,25208,Mediterranean Corner,QSR,North Shore,1.03,35.47,1588,182,6455.54,773,422,211,27418.31,14968.34,7484.17,0.269747045896947,0.405974163813516,0.29,11,3.25,685.75,2093.39,939.87,513.1,1741.21,0.13,0.55,0.3,0.15,5287.57,3.3297040302267003,0.11460957178841309,0.4867758186397985,0.26574307304785894,0.13287153652392947,0.269747045896947,0.405974163813516,0.675721209710463,0.1595,0.087,0.4875,1635.64,58016.1508,11.439289617486338,1.2143023255813954,1.213002364066194,8.213254716981131,5,3,1
Kebabs/Mediterranean,25143,Souvlaki Kitchen,QSR,West Auckland,1.04,39.69,520,38,1508.22,265,145,72,10517.85,5755.05,2857.68,0.275556911025196,0.428960547875613,0.32,15,4.43,318.96,445.65,-257.87,-141.1,525.43,0.08,0.55,0.3,0.15,572.1099999999999,1.1002115384615383,0.07307692307692308,0.5096153846153847,0.27884615384615385,0.13846153846153847,0.275556911025196,0.428960547875613,0.704517458900809,0.17600000000000002,0.096,0.6645,540.8000000000001,21464.352,11.426923076923076,-0.9694360902255639,-0.9664383561643836,7.197671232876711,5,3,3
Kebabs/Mediterranean,25331,Souvlaki Grill,Full-service,North Shore,1.03,39.06,579,88,3437.28,270,147,74,10546.2,5741.82,2890.44,0.384023830154911,0.486284907977097,0.3,18,5.31,392.94,445.79,-1796.11,-977.88,-18.08,0.18,0.55,0.3,0.15,-2346.2799999999997,-4.052297063903281,0.15198618307426598,0.46632124352331605,0.25388601036269426,0.12780656303972365,0.384023830154911,0.486284907977097,0.870308738132008,0.165,0.09,0.7964999999999999,596.37,23294.2122,5.008876404494382,-6.62771217712177,-6.607297297297297,-0.24106666666666665,5,1,1
Kebabs/Mediterranean,26254,Spice Cafe,QSR,West Auckland,1.04,34.29,608,74,2537.46,294,160,80,10081.26,5486.4,2743.2,0.237473687045276,0.368509922153316,0.27,18,5.31,424.8,999.8,1250.24,680.4,656.07,0.14,0.55,0.3,0.15,3586.51,5.8988651315789475,0.12171052631578945,0.4835526315789473,0.26315789473684204,0.13157894736842102,0.237473687045276,0.368509922153316,0.605983609198592,0.14850000000000002,0.081,0.7964999999999999,632.32,21682.252800000006,13.330666666666666,4.238101694915255,4.226086956521739,8.09962962962963,5,3,3
Kebabs/Mediterranean,26424,Ottoman Bistro,Ghost Kitchen,CBD,0.99,32.39,796,45,1457.55,413,225,113,13377.07,7287.75,3660.07,0.27839814517647,0.340822783473413,0.3,5,1.48,167.24,555.0,1080.59,588.7,1226.44,0.06,0.55,0.3,0.15,3450.73,4.335087939698492,0.056532663316582916,0.5188442211055276,0.2826633165829146,0.14195979899497488,0.27839814517647,0.340822783473413,0.619220928649883,0.165,0.09,0.222,788.04,25524.615599999997,12.065217391304348,2.6101207729468596,2.6048672566371684,10.758245614035088,5,2,0
Kebabs/Mediterranean,25577,Ottoman Kitchen,Cafe,CBD,0.99,31.07,1652,215,6680.05,790,431,216,24545.3,13391.17,6711.12,0.217699735164642,0.435264082648791,0.31,8,2.36,509.76,2318.22,909.06,495.96,1819.24,0.15,0.55,0.3,0.15,5542.48,3.35501210653753,0.1301452784503632,0.4782082324455206,0.2608958837772397,0.13075060532687652,0.217699735164642,0.435264082648791,0.652963817813433,0.1705,0.093,0.354,1635.48,50814.3636,10.7325,1.1492541087231352,1.1480555555555556,8.383594470046082,5,0,0
Kebabs/Mediterranean,25088,Ottoman Cafe,Ghost Kitchen,West Auckland,1.04,46.15,565,26,1199.9,296,162,81,13660.4,7476.3,3738.15,0.280667682609055,0.34339370484231,0.27,14,4.13,334.53,451.09,1447.16,792.03,1070.78,0.05,0.55,0.3,0.15,3761.0599999999995,6.6567433628318575,0.046017699115044254,0.5238938053097345,0.2867256637168142,0.1433628318584071,0.280667682609055,0.34339370484231,0.624061387451365,0.14850000000000002,0.081,0.6194999999999999,587.6,27117.74,16.707037037037036,4.872592592592593,4.859079754601227,13.05829268292683,5,2,3
Kebabs/Mediterranean,25660,Mediterranean Grill,Cafe,West Auckland,1.04,36.99,1507,111,4105.89,768,419,209,28408.32,15498.81,7730.91,0.205301464088261,0.408271908969618,0.28,17,5.02,1049.18,1586.63,3023.4,1649.49,1938.25,0.08,0.55,0.3,0.15,8197.77,5.439794293297943,0.07365627073656272,0.5096217650962177,0.27803583278035837,0.13868613138686134,0.205301464088261,0.408271908969618,0.613573373057879,0.15400000000000003,0.084,0.7529999999999999,1567.28,57973.68719999999,14.166339285714287,3.9315994798439533,3.9273571428571428,9.229761904761904,5,0,3
Kebabs/Mediterranean,25893,Greek Cafe,Full-service,West Auckland,1.04,41.6,1471,255,10608.0,669,365,182,27830.4,15184.0,7571.2,0.376654151978437,0.451380671747029,0.33,11,3.25,591.5,1824.21,-4398.17,-2399.6,710.48,0.21,0.55,0.3,0.15,-4263.08,-2.898082936777702,0.1733514615907546,0.4547926580557444,0.24813052345343303,0.12372535690006799,0.376654151978437,0.451380671747029,0.828034823725466,0.18150000000000002,0.099,0.4875,1529.8400000000001,63641.344,7.1258203125,-6.564432835820895,-6.556284153005464,3.8824043715846996,5,1,3
Kebabs/Mediterranean,25516,Greek Bistro,QSR,West Auckland,1.04,36.17,673,66,2387.22,334,182,91,12080.78,6582.94,3291.47,0.253818253427744,0.432756472099572,0.3,9,2.66,242.06,748.22,162.19,88.38,789.57,0.11,0.55,0.3,0.15,1788.3600000000001,2.657295690936107,0.09806835066864784,0.4962852897473997,0.2704309063893016,0.1352154531946508,0.253818253427744,0.432756472099572,0.686574725527316,0.165,0.09,0.399,699.9200000000001,25316.1064,11.167462686567164,0.48414925373134327,0.4829508196721311,8.582282608695653,5,3,3
Kebabs/Mediterranean,25864,Spice Diner,Cafe,West Auckland,1.04,41.04,1337,153,6279.12,651,355,178,26717.04,14569.2,7305.12,0.218600019551814,0.442531745252199,0.29,17,5.02,893.56,2127.79,1305.61,711.97,1581.91,0.13,0.55,0.3,0.15,5727.28,4.283679880329095,0.1144353029169783,0.4869109947643979,0.2655198204936425,0.1331338818249813,0.218600019551814,0.442531745252199,0.661131764804013,0.1595,0.087,0.7529999999999999,1390.48,57065.29920000001,13.816818181818181,2.002469325153374,1.9999157303370787,8.837486033519554,5,0,3
Kebabs/Mediterranean,25704,Spice Bistro,Full-service,West Auckland,1.04,38.81,1556,237,9197.97,725,396,198,28137.25,15368.76,7684.38,0.395055399031844,0.50886247237213,0.27,6,1.77,350.46,883.76,-4893.57,-2672.9,387.87,0.18,0.55,0.3,0.15,-6294.839999999999,-4.045526992287917,0.15231362467866322,0.4659383033419023,0.2544987146529563,0.12724935732647816,0.395055399031844,0.50886247237213,0.903917871403974,0.14850000000000002,0.081,0.2655,1618.24,62803.894400000005,3.7132773109243695,-6.740454545454545,-6.732745591939547,1.9490954773869347,5,1,3
Kebabs/Mediterranean,25060,Greek House,Cafe,South Auckland,1.05,40.41,721,88,3556.08,348,190,95,14062.68,7677.9,3838.95,0.239993479251862,0.380987292970531,0.33,4,1.18,112.1,1347.82,689.34,376.36,1342.94,0.14,0.55,0.3,0.15,3756.46,5.2100693481276,0.1220527045769764,0.48266296809986126,0.2635228848821081,0.13176144244105406,0.239993479251862,0.380987292970531,0.620980772222393,0.18150000000000002,0.099,0.177,757.0500000000001,30592.390500000005,15.144044943820225,1.9751862464183383,1.9704712041884818,13.988958333333334,5,0,2
Kebabs/Mediterranean,26517,Greek Kitchen,QSR,North Shore,1.03,43.4,1185,145,6293.0,572,312,156,24824.8,13540.8,6770.4,0.279472619239241,0.418630881235003,0.33,3,0.89,138.84,1899.83,-697.66,-380.54,1905.12,0.14,0.55,0.3,0.15,2726.75,2.301054852320675,0.12236286919831224,0.48270042194092827,0.2632911392405063,0.13164556962025314,0.279472619239241,0.418630881235003,0.698103500474244,0.18150000000000002,0.099,0.1335,1220.55,52971.87,13.012534246575342,-1.2175567190226875,-1.2157827476038339,12.13452229299363,5,3,1
Kebabs/Mediterranean,26626,Ottoman Bistro,Full-service,CBD,0.99,35.08,1486,247,8664.76,681,372,186,23889.48,13049.76,6524.88,0.372619958070572,0.481398151279427,0.3,8,2.36,438.96,1264.9,-3679.41,-2009.9,513.55,0.2,0.55,0.3,0.15,-3910.8599999999997,-2.6318034993270523,0.16621803499327054,0.45827725437415884,0.25033647375504714,0.12516823687752357,0.372619958070572,0.481398151279427,0.854018109349999,0.165,0.09,0.354,1471.14,51607.591199999995,5.100403225806452,-5.395029325513196,-5.388471849865952,2.7462566844919785,5,1,0
Kebabs/Mediterranean,26681,Souvlaki Corner,QSR,North Shore,1.03,37.43,924,106,3967.58,450,245,123,16843.5,9170.35,4603.89,0.207171428818256,0.405437179538421,0.3,4,1.18,145.14,1537.01,1471.98,801.41,1638.37,0.13,0.55,0.3,0.15,5448.7699999999995,5.896937229437229,0.11471861471861472,0.487012987012987,0.26515151515151514,0.13311688311688313,0.207171428818256,0.405437179538421,0.6126086083566771,0.165,0.09,0.177,951.72,35622.8796,14.364579439252337,3.2638137472283812,3.2577642276422765,13.212661290322579,5,3,1
Kebabs/Mediterranean,26422,Greek Kitchen,Cafe,South Auckland,1.05,44.39,682,62,2752.18,341,186,93,15136.99,8256.54,4128.27,0.275345340315253,0.3684627242852,0.28,6,1.77,164.61,980.3,1153.32,629.08,1305.85,0.1,0.55,0.3,0.15,4068.5499999999997,5.965615835777125,0.09090909090909091,0.5,0.27272727272727276,0.13636363636363638,0.275345340315253,0.3684627242852,0.6438080646004529,0.15400000000000003,0.084,0.2655,716.1,31787.679,15.56031746031746,3.3722807017543857,3.364064171122995,13.892021276595743,5,0,2
Kebabs/Mediterranean,25671,Spice Corner,QSR,West Auckland,1.04,44.33,923,76,3369.08,466,254,127,20657.78,11259.82,5629.91,0.225593500826508,0.384164906456135,0.33,9,2.66,337.82,1314.76,1244.46,678.31,1859.21,0.09,0.55,0.3,0.15,5096.74,5.52192849404117,0.08234019501625137,0.504875406283857,0.27518959913326113,0.13759479956663057,0.225593500826508,0.384164906456135,0.609758407282643,0.18150000000000002,0.099,0.399,959.9200000000001,42553.2536,17.074805194805194,2.6647965738758033,2.6600392156862744,14.525078125,5,3,3
Kebabs/Mediterranean,25470,Greek House,Full-service,South Auckland,1.05,38.28,1920,371,14201.88,852,465,232,32614.56,17800.2,8880.96,0.399825813563075,0.504695398081094,0.3,16,4.72,1095.04,1355.98,-6670.37,-3640.52,-247.1,0.24,0.55,0.3,0.15,-9202.01,-4.792713541666667,0.19322916666666665,0.44375,0.2421875,0.1208333333333333,0.399825813563075,0.504695398081094,0.904521211644169,0.165,0.09,0.708,2016.0,77172.48000000001,3.6451075268817204,-7.8198944900351695,-7.812274678111588,-1.0605150214592274,5,1,2
Kebabs/Mediterranean,25429,Souvlaki Tavern,QSR,North Shore,1.03,45.07,1131,130,5859.1,551,300,150,24833.57,13521.0,6760.5,0.269425453692675,0.449281737883575,0.27,9,2.66,399.0,1648.12,280.44,152.69,1502.68,0.13,0.55,0.3,0.15,3583.9300000000003,3.1688152077807255,0.1149425287356322,0.48717948717948717,0.26525198938992045,0.13262599469496023,0.269425453692675,0.449281737883575,0.71870719157625,0.14850000000000002,0.081,0.399,1164.93,52503.3951,12.581068702290075,0.5080434782608696,0.5072757475083056,9.951523178807948,5,3,1
Kebabs/Mediterranean,25834,Mediterranean House,Full-service,South Auckland,1.05,40.78,657,151,6157.78,278,152,76,11336.84,6198.56,3099.28,0.397486199683044,0.493230695067905,0.32,10,2.95,224.2,672.94,-2388.86,-1306.14,114.5,0.3,0.55,0.3,0.15,-2907.5600000000004,-4.425509893455099,0.2298325722983257,0.4231354642313547,0.23135464231354644,0.11567732115677322,0.397486199683044,0.493230695067905,0.890716894750949,0.17600000000000002,0.096,0.4425,689.85,28132.083,4.4272368421052635,-8.562222222222223,-8.53686274509804,1.4870129870129871,5,1,2
Kebabs/Mediterranean,25903,Souvlaki Kitchen,Full-service,South Auckland,1.05,32.9,714,128,4211.2,322,176,88,10593.8,5790.4,2895.2,0.390908956748899,0.513051022286527,0.28,16,4.72,415.36,404.44,-1948.84,-1065.2,-137.3,0.22,0.55,0.3,0.15,-2746.9,-3.847198879551821,0.17927170868347336,0.4509803921568627,0.24649859943977587,0.12324929971988793,0.390908956748899,0.513051022286527,0.903959979035426,0.15400000000000003,0.084,0.708,749.7,24665.130000000005,3.1351937984496123,-6.033560371517027,-6.018079096045198,-1.5426966292134834,5,1,2
Kebabs/Mediterranean,26014,Mediterranean House,Cafe,North Shore,1.03,35.99,1590,117,4210.83,810,442,221,29151.9,15907.58,7953.79,0.233368135225028,0.403894891683012,0.31,7,2.07,457.47,1527.42,1537.38,838.92,2427.66,0.08,0.55,0.3,0.15,6331.38,3.982,0.07358490566037736,0.5094339622641509,0.2779874213836478,0.1389937106918239,0.233368135225028,0.403894891683012,0.63726302690804,0.1705,0.093,0.31049999999999994,1637.7,58940.823000000004,12.944237288135595,1.8956596794081382,1.8937246049661398,10.935405405405405,5,0,1
Kebabs/Mediterranean,26649,Greek House,Cafe,CBD,0.99,41.86,689,56,2344.16,348,190,95,14567.28,7953.4,3976.7,0.238853206820786,0.439306590589695,0.28,10,2.95,280.25,754.44,609.5,332.77,999.61,0.09,0.55,0.3,0.15,2696.32,3.913381712626996,0.08127721335268503,0.5050798258345428,0.27576197387518137,0.13788098693759068,0.238853206820786,0.439306590589695,0.678159797410481,0.15400000000000003,0.084,0.4425,682.11,28553.124600000003,13.235789473684212,1.7464183381088825,1.7422513089005234,10.412604166666666,5,0,0
Kebabs/Mediterranean,26123,Mediterranean Cafe,Full-service,North Shore,1.03,34.34,1845,332,11400.88,832,454,227,28570.88,15590.36,7795.18,0.369473967689555,0.489278899366036,0.32,13,3.84,871.68,1610.34,-5107.13,-2786.82,229.37,0.22,0.55,0.3,0.15,-6054.240000000001,-3.2814308943089436,0.17994579945799455,0.45094850948509485,0.24607046070460703,0.12303523035230352,0.369473967689555,0.489278899366036,0.8587528670555911,0.17600000000000002,0.096,0.576,1900.3500000000001,65258.01900000001,4.835855855855856,-6.131008403361345,-6.124879120879121,1.0060087719298245,5,1,1
Kebabs/Mediterranean,25719,Souvlaki Tavern,Ghost Kitchen,West Auckland,1.04,46.01,753,49,2254.49,387,211,106,17805.87,9708.11,4877.06,0.293303401372395,0.298239881719928,0.32,9,2.66,281.96,920.86,1575.05,858.75,1710.11,0.07,0.55,0.3,0.15,5064.7699999999995,6.726122177954847,0.0650730411686587,0.5139442231075697,0.2802124833997344,0.1407702523240372,0.293303401372395,0.298239881719928,0.5915432830923231,0.17600000000000002,0.096,0.399,783.12,36031.3512,18.4172,4.059407216494845,4.050707547169812,15.98233644859813,5,2,3
Kebabs/Mediterranean,26205,Ottoman Corner,Cafe,CBD,0.99,41.95,570,47,1971.65,288,157,78,12081.6,6586.15,3272.1,0.277430752050132,0.375839569745585,0.28,13,3.84,299.52,683.63,806.2,439.49,835.01,0.09,0.55,0.3,0.15,2764.33,4.849701754385965,0.0824561403508772,0.5052631578947369,0.27543859649122804,0.1368421052631579,0.277430752050132,0.375839569745585,0.653270321795717,0.15400000000000003,0.084,0.576,564.3,23672.385,14.242291666666667,2.78961937716263,2.7815822784810127,10.569746835443038,5,0,0
Kebabs/Mediterranean,25667,Ottoman Eatery,Ghost Kitchen,CBD,0.99,33.69,881,65,2189.85,449,245,122,15126.81,8254.05,4110.18,0.261999705433846,0.219413871702272,0.28,15,4.43,540.46,1135.63,3609.05,1969.3,1591.02,0.08,0.55,0.3,0.15,8305.0,9.426787741203178,0.07377979568671963,0.5096481271282634,0.2780930760499432,0.1384790011350738,0.261999705433846,0.219413871702272,0.481413577136118,0.15400000000000003,0.084,0.6645,872.1899999999999,29384.0811,17.206515151515152,8.020111111111111,8.005284552845529,12.935121951219513,5,2,0
Kebabs/Mediterranean,26668,Spice Bistro,Cafe,CBD,0.99,33.93,468,61,2069.73,224,122,61,7600.32,4139.46,2069.73,0.268982095532119,0.400547484937124,0.3,14,4.13,251.93,683.98,231.58,126.13,432.05,0.15,0.55,0.3,0.15,1473.74,3.149017094017094,0.13034188034188035,0.47863247863247865,0.2606837606837607,0.13034188034188035,0.268982095532119,0.400547484937124,0.6695295804692429,0.165,0.09,0.6194999999999999,463.32,15720.447599999998,11.031935483870969,1.0292444444444444,1.0254471544715447,6.968548387096774,5,0,0
Kebabs/Mediterranean,26235,Mediterranean Cafe,QSR,West Auckland,1.04,39.26,1112,101,3965.26,556,303,152,21828.56,11895.78,5967.52,0.233601733949035,0.360939597059041,0.32,4,1.18,179.36,1607.75,1865.44,1016.6,2240.22,0.1,0.55,0.3,0.15,6730.01,6.052167266187051,0.09082733812949642,0.5000000000000001,0.27248201438848924,0.13669064748201443,0.233601733949035,0.360939597059041,0.594541331008076,0.17600000000000002,0.096,0.177,1156.48,45403.4048,15.762254901960784,3.349084380610413,3.344078947368421,14.641960784313724,5,3,3
Kebabs/Mediterranean,25401,Spice Eatery,Ghost Kitchen,South Auckland,1.05,31.67,1368,77,2438.59,710,387,194,22485.7,12256.29,6143.98,0.298004610615317,0.265996309404727,0.32,4,1.18,228.92,1063.22,2608.32,1421.72,2449.85,0.06,0.55,0.3,0.15,7543.110000000001,5.513969298245614,0.05628654970760234,0.5190058479532165,0.2828947368421053,0.14181286549707603,0.298004610615317,0.265996309404727,0.564000920020044,0.17600000000000002,0.096,0.177,1436.4,45490.788,13.63102564102564,3.668523206751055,3.6642268041237114,12.563333333333333,5,2,2
Kebabs/Mediterranean,25725,Greek Bistro,Cafe,North Shore,1.03,35.06,1266,145,5083.7,617,336,168,21632.02,11780.16,5890.08,0.246398248225451,0.40864784498699,0.32,14,4.13,693.84,1753.64,539.8,293.96,1337.97,0.13,0.55,0.3,0.15,3925.37,3.1006082148499208,0.1145339652448657,0.48736176935229064,0.2654028436018957,0.13270142180094785,0.246398248225451,0.40864784498699,0.655046093212441,0.17600000000000002,0.096,0.6194999999999999,1303.98,45717.53880000001,12.011232876712329,0.8734627831715209,0.8722848664688426,7.916982248520711,5,0,1
Kebabs/Mediterranean,25603,Ottoman House,QSR,CBD,0.99,30.94,675,55,1701.7,341,186,93,10550.54,5754.84,2877.42,0.249525798000395,0.410928148590028,0.3,12,3.54,329.22,577.81,417.23,227.58,647.8,0.09,0.55,0.3,0.15,1870.4199999999998,2.7709925925925925,0.08148148148148149,0.5051851851851852,0.27555555555555555,0.13777777777777778,0.249525798000395,0.410928148590028,0.660453946590423,0.165,0.09,0.531,668.25,20675.655,10.318035714285713,1.2199707602339183,1.217005347593583,6.891489361702127,5,3,0
Kebabs/Mediterranean,26334,Ottoman Bistro,Full-service,West Auckland,1.04,37.32,1299,179,6680.28,616,336,168,22989.12,12539.52,6269.76,0.397531598329078,0.52718163842801,0.32,17,5.02,843.36,502.94,-5625.74,-3068.59,-371.33,0.16,0.55,0.3,0.15,-8562.720000000001,-6.591778290993073,0.1377983063895304,0.47421093148575827,0.2586605080831409,0.12933025404157045,0.397531598329078,0.52718163842801,0.924713236757088,0.17600000000000002,0.096,0.7529999999999999,1350.96,50417.8272,2.794111111111111,-9.117893030794164,-9.105608308605342,-2.1972189349112425,5,1,3
Kebabs/Mediterranean,26411,Spice Bistro,Full-service,North Shore,1.03,31.34,748,124,3886.16,343,187,94,10749.62,5860.58,2945.96,0.391423791169655,0.479758920124732,0.29,12,3.54,332.76,500.6,-1732.65,-944.62,46.73,0.2,0.55,0.3,0.15,-2129.94,-2.8475133689839573,0.1657754010695187,0.4585561497326204,0.25,0.12566844919786097,0.391423791169655,0.479758920124732,0.871182711294387,0.1595,0.087,0.531,770.44,24145.5896,4.0048,-5.036773255813954,-5.024574468085106,0.4918947368421052,5,1,1
Kebabs/Mediterranean,25849,Spice Bistro,QSR,West Auckland,1.04,38.94,613,55,2141.7,307,167,84,11954.58,6502.98,3270.96,0.252865558993071,0.398101906129159,0.28,4,1.18,99.12,747.52,825.25,448.92,1042.55,0.1,0.55,0.3,0.15,3064.24,4.998760195758564,0.08972267536704731,0.500815660685155,0.2724306688417618,0.1370309951060359,0.252865558993071,0.398101906129159,0.65096746512223,0.15400000000000003,0.084,0.177,637.52,24825.0288,13.348571428571429,2.679383116883117,2.672142857142857,12.26529411764706,5,3,3
Kebabs/Mediterranean,25084,Spice Bistro,Full-service,West Auckland,1.04,32.92,1840,391,12871.72,797,435,217,26237.24,14320.2,7143.64,0.373599658056628,0.513019679486752,0.32,14,4.13,896.21,1459.4,-5421.12,-2958.83,-86.26,0.27,0.55,0.3,0.15,-7006.8099999999995,-3.808048913043478,0.21249999999999997,0.4331521739130435,0.23641304347826086,0.11793478260869565,0.373599658056628,0.513019679486752,0.88661933754338,0.17600000000000002,0.096,0.6194999999999999,1913.6000000000001,62995.71200000001,3.7229591836734697,-6.793383458646616,-6.786307339449541,-0.3956880733944954,5,1,3
Kebabs/Mediterranean,26054,Greek Diner,Cafe,North Shore,1.03,42.88,1646,163,6989.44,816,445,222,34990.08,19081.6,9519.36,0.242294241636992,0.367491170321591,0.32,7,2.07,459.54,2727.38,2456.81,1339.81,3255.05,0.11,0.55,0.3,0.15,9779.05,5.941099635479951,0.09902794653705951,0.49574726609963543,0.27035236938031587,0.13487241798298905,0.242294241636992,0.367491170321591,0.609785411958583,0.17600000000000002,0.096,0.31049999999999994,1695.38,72697.89440000002,16.63036585365854,3.007111383108935,3.0040582959641253,14.59663677130045,5,0,1
Kebabs/Mediterranean,25609,Greek Tavern,Cafe,North Shore,1.03,43.86,1517,186,8157.96,732,399,200,32105.52,17500.14,8772.0,0.257820842377841,0.380446418491192,0.29,13,3.84,768.0,2951.0,2303.02,1255.33,2405.12,0.14,0.55,0.3,0.15,8914.470000000001,5.8763810151615035,0.12261041529334213,0.4825313117996045,0.26301911667765326,0.13183915622940015,0.257820842377841,0.380446418491192,0.638267260869033,0.1595,0.087,0.576,1562.51,68531.6886,15.780748663101605,3.1419099590723056,3.138325,11.965771144278607,5,0,1
Kebabs/Mediterranean,25450,Spice Eatery,Full-service,North Shore,1.03,37.3,1827,410,15293.0,779,425,213,29056.7,15852.5,7944.9,0.354963585932273,0.480075407074764,0.31,7,2.07,440.91,2522.75,-4214.35,-2299.23,869.69,0.29,0.55,0.3,0.15,-3121.1400000000003,-1.7083415435139575,0.22441160372194857,0.4263820470717023,0.23262178434592232,0.11658456486042694,0.354963585932273,0.480075407074764,0.835038993007037,0.1705,0.093,0.31049999999999994,1881.81,70191.51299999999,6.138077858880779,-5.403012820512821,-5.3972535211267605,4.063971962616822,5,1,1
Kebabs/Mediterranean,26016,Greek Bistro,Full-service,CBD,0.99,36.31,1353,253,9186.43,605,330,165,21967.55,11982.3,5991.15,0.374968182994053,0.519868462905288,0.31,6,1.77,292.05,966.08,-4499.76,-2454.41,338.0,0.23,0.55,0.3,0.15,-5650.09,-4.175971914264597,0.1869918699186992,0.44715447154471544,0.24390243902439024,0.12195121951219512,0.374968182994053,0.519868462905288,0.894836645899341,0.1705,0.093,0.2655,1339.47,48636.1557,3.803464566929134,-7.425346534653466,-7.415135951661631,2.036144578313253,5,1,0
Kebabs/Mediterranean,25911,Souvlaki Bistro,QSR,West Auckland,1.04,37.78,1467,133,5024.74,734,400,200,27730.52,15112.0,7556.0,0.251077002063394,0.444886948587373,0.31,10,2.95,590.0,1527.7,-165.38,-90.13,1707.3,0.1,0.55,0.3,0.15,2979.49,2.0310088616223583,0.09066121336059986,0.5003408316291752,0.27266530334014993,0.13633265167007497,0.251077002063394,0.444886948587373,0.695963950650767,0.1705,0.093,0.4425,1525.68,57640.19040000001,11.400746268656716,-0.22500680272108842,-0.22476309226932667,8.49402985074627,5,3,3
Kebabs/Mediterranean,25644,Souvlaki Tavern,Cafe,West Auckland,1.04,38.67,1014,100,3867.0,503,274,137,19451.01,10595.58,5297.79,0.273716123327613,0.442389308963902,0.31,7,2.07,283.59,1097.82,-507.78,-276.6,1220.42,0.11,0.55,0.3,0.15,1533.8600000000001,1.512682445759369,0.09861932938856016,0.4960552268244576,0.2702169625246548,0.1351084812623274,0.273716123327613,0.442389308963902,0.716105432291515,0.1705,0.093,0.31049999999999994,1054.56,40779.8352,10.869504950495049,-1.0074999999999998,-1.005818181818182,8.843623188405797,5,0,3
Kebabs/Mediterranean,26680,Greek Eatery,QSR,CBD,0.99,33.11,1363,112,3708.32,688,375,188,22779.68,12416.25,6224.68,0.27217332419008,0.400781290768646,0.28,17,5.02,943.76,1212.79,1071.68,584.13,1091.99,0.09,0.55,0.3,0.15,3960.59,2.905788701393984,0.08217168011738812,0.5047688921496698,0.2751283932501834,0.13793103448275862,0.27217332419008,0.400781290768646,0.672954614958726,0.15400000000000003,0.084,0.7529999999999999,1349.37,44677.640699999996,10.732654867256636,1.555413642960813,1.5535372340425533,5.777724867724868,5,3,0
Kebabs/Mediterranean,26437,Souvlaki Eatery,Full-service,CBD,0.99,44.03,1489,316,13913.48,645,352,176,28399.35,15498.56,7749.28,0.390991957182996,0.452206422062591,0.31,13,3.84,675.84,2181.66,-4350.73,-2374.35,539.26,0.27,0.55,0.3,0.15,-4004.16,-2.6891605104096707,0.2122229684351914,0.4331766286098052,0.2364002686366689,0.11820013431833445,0.390991957182996,0.452206422062591,0.843198379245587,0.1705,0.093,0.576,1474.11,64905.063299999994,6.882208201892744,-6.734876160990711,-6.726203966005666,3.0466666666666664,5,1,0
Kebabs/Mediterranean,26507,Mediterranean Bistro,Cafe,North Shore,1.03,33.64,962,118,3969.52,464,253,127,15608.96,8510.92,4272.28,0.259540246576071,0.399806735711172,0.3,13,3.84,487.68,1352.23,634.55,345.99,967.69,0.14,0.55,0.3,0.15,3300.46,3.430831600831601,0.12266112266112265,0.4823284823284823,0.262993762993763,0.132016632016632,0.259540246576071,0.399806735711172,0.659346982287243,0.165,0.09,0.576,990.86,33332.5304,11.36327731092437,1.3646236559139784,1.3621653543307086,7.560078125,5,0,1
Kebabs/Mediterranean,25063,Greek House,Cafe,CBD,0.99,41.39,1198,137,5670.43,584,318,159,24171.76,13162.02,6581.01,0.235803328771144,0.364087493950501,0.29,3,0.89,141.51,2268.79,2661.53,1449.26,2491.61,0.13,0.55,0.3,0.15,8871.19,7.405,0.11435726210350584,0.4874791318864774,0.2654424040066778,0.1327212020033389,0.235803328771144,0.364087493950501,0.599890822721645,0.1595,0.087,0.1335,1186.02,49089.3678,16.44050724637681,4.549623931623932,4.5431347962382445,15.5725625,5,0,0
Kebabs/Mediterranean,26549,Greek Diner,Full-service,North Shore,1.03,40.97,1475,322,13192.34,634,346,173,25974.98,14175.62,7087.81,0.388467159692664,0.459206325793639,0.3,16,4.72,816.56,2009.54,-3835.82,-2093.36,263.1,0.28,0.55,0.3,0.15,-3656.5400000000004,-2.479010169491526,0.2183050847457627,0.42983050847457627,0.2345762711864407,0.11728813559322035,0.388467159692664,0.459206325793639,0.8476734854863031,0.165,0.09,0.708,1519.25,62243.6725,6.221486068111455,-6.040661417322835,-6.032737752161384,1.5120689655172415,5,1,1
Kebabs/Mediterranean,26672,Ottoman Kitchen,Cafe,South Auckland,1.05,36.54,497,53,1936.62,244,133,67,8915.76,4859.82,2448.18,0.237105827983469,0.373191292746924,0.29,17,5.02,336.34,754.71,888.93,484.54,617.72,0.12,0.55,0.3,0.15,2745.8999999999996,5.524949698189134,0.10663983903420522,0.4909456740442656,0.2676056338028169,0.13480885311871227,0.237105827983469,0.373191292746924,0.610297120730393,0.1595,0.087,0.7529999999999999,521.85,19068.399,13.976111111111111,3.628285714285714,3.6159701492537315,9.084117647058823,5,0,2
Kebabs/Mediterranean,25883,Greek Cafe,Full-service,West Auckland,1.04,33.35,513,89,2968.15,233,127,64,7770.55,4235.45,2134.4,0.368076554767322,0.464466112712398,0.27,5,1.48,94.72,497.04,-796.81,-434.31,262.7,0.21,0.55,0.3,0.15,-471.37999999999994,-0.9188693957115008,0.1734892787524366,0.4541910331384015,0.24756335282651068,0.12475633528265105,0.368076554767322,0.464466112712398,0.83254266747972,0.14850000000000002,0.081,0.222,533.52,17792.892000000003,5.522666666666667,-3.40517094017094,-3.393046875,4.041538461538462,5,1,3
Kebabs/Mediterranean,25703,Souvlaki Cafe,QSR,South Auckland,1.05,36.98,1086,89,3291.22,548,299,150,20265.04,11057.02,5547.0,0.251631429791451,0.399161982000805,0.31,3,0.89,133.5,1149.32,794.52,433.51,1803.55,0.09,0.55,0.3,0.15,4180.9,3.8498158379373844,0.08195211786372007,0.5046040515653776,0.27532228360957645,0.13812154696132597,0.251631429791451,0.399161982000805,0.650793411792256,0.1705,0.093,0.1335,1140.3,42168.294,12.770222222222221,1.4472131147540983,1.4450333333333334,11.944039735099338,5,3,2
Kebabs/Mediterranean,26041,Greek Tavern,Full-service,CBD,0.99,36.6,1297,283,10357.8,558,304,152,20422.8,11126.4,5563.2,0.383930154866539,0.525889388471842,0.29,7,2.07,314.64,934.07,-4080.87,-2223.27,187.05,0.28,0.55,0.3,0.15,-5183.0199999999995,-3.996160370084811,0.2181958365458751,0.4302235929067078,0.23438704703161142,0.11719352351580571,0.383930154866539,0.525889388471842,0.9098195433383809,0.1595,0.087,0.31049999999999994,1284.03,46995.498,3.288978873239437,-7.300304114490161,-7.289409836065574,1.2225490196078432,5,1,0
Kebabs/Mediterranean,25947,Spice Tavern,Cafe,North Shore,1.03,42.02,1115,128,5378.56,543,296,148,22816.86,12437.92,6218.96,0.201845737956464,0.396769915008917,0.33,12,3.54,523.92,2158.87,1628.77,887.87,1972.27,0.13,0.55,0.3,0.15,6647.780000000001,5.962134529147983,0.1147982062780269,0.48699551569506727,0.2654708520179372,0.1327354260089686,0.201845737956464,0.396769915008917,0.598615652965381,0.18150000000000002,0.099,0.531,1148.45,48257.869000000006,16.735426356589148,2.9940625,2.9894612794612794,13.236711409395973,5,0,1
Kebabs/Mediterranean,25463,Mediterranean Diner,Cafe,North Shore,1.03,36.44,1068,105,3826.2,530,289,144,19313.2,10531.16,5247.36,0.218603148069233,0.404059751145542,0.3,9,2.66,383.04,1443.77,1493.63,814.45,1596.98,0.11,0.55,0.3,0.15,5348.83,5.008267790262172,0.09831460674157304,0.4962546816479401,0.2705992509363296,0.1348314606741573,0.218603148069233,0.404059751145542,0.622662899214775,0.165,0.09,0.399,1100.04,40085.4576,13.620471698113207,2.81286252354049,2.808448275862069,11.013655172413793,5,0,1
Kebabs/Mediterranean,26340,Souvlaki Kitchen,Cafe,West Auckland,1.04,45.57,1443,143,6516.51,715,390,195,32582.55,17772.3,8886.15,0.235606228038669,0.44064777395688,0.31,14,4.13,805.35,2109.69,447.88,244.3,2071.51,0.11,0.55,0.3,0.15,4873.380000000001,3.377255717255718,0.09909909909909911,0.49549549549549554,0.2702702702702703,0.13513513513513514,0.235606228038669,0.44064777395688,0.676254001995549,0.1705,0.093,0.6194999999999999,1500.72,68387.8104,14.650625,0.6255307262569832,0.6248081841432226,10.568928571428572,5,0,3
Kebabs/Mediterranean,25466,Ottoman Tavern,QSR,West Auckland,1.04,32.89,1160,124,4078.36,570,311,155,18747.3,10228.79,5097.95,0.209953659679741,0.361114417947829,0.3,11,3.25,503.75,1749.34,2417.13,1318.82,1682.92,0.12,0.55,0.3,0.15,7168.21,6.1794913793103445,0.10689655172413795,0.4913793103448276,0.26810344827586213,0.13362068965517243,0.209953659679741,0.361114417947829,0.5710680776275701,0.165,0.09,0.4875,1206.4,39678.49599999999,13.99472,4.233152364273205,4.226987179487179,10.78794871794872,5,3,3
Kebabs/Mediterranean,25560,Mediterranean House,QSR,South Auckland,1.05,32.09,530,39,1251.51,270,147,74,8664.3,4717.23,2374.66,0.218899107780308,0.449125871900469,0.31,17,5.02,371.48,415.47,190.4,103.66,416.85,0.08,0.55,0.3,0.15,1126.38,2.125245283018868,0.07358490566037737,0.5094339622641509,0.2773584905660378,0.139622641509434,0.218899107780308,0.449125871900469,0.668024979680777,0.1705,0.093,0.7529999999999999,556.5,17858.085,10.386750000000001,0.7025830258302583,0.7004054054054054,5.558000000000001,5,3,2
Kebabs/Mediterranean,26329,Ottoman Grill,QSR,West Auckland,1.04,34.47,1703,209,7204.23,822,448,224,28334.34,15442.56,7721.28,0.262141120154411,0.415714754699729,0.28,13,3.84,860.16,2320.8,1194.13,650.81,1627.2,0.14,0.55,0.3,0.15,5792.94,3.401608925425719,0.12272460364063417,0.4826776277157957,0.2630651790957135,0.13153258954785674,0.262141120154411,0.415714754699729,0.67785587485414,0.15400000000000003,0.084,0.576,1771.1200000000001,61050.5064,11.051428571428572,1.4509477521263672,1.4494654788418706,7.232,5,3,3
Kebabs/Mediterranean,25065,Souvlaki Tavern,Full-service,South Auckland,1.05,41.52,641,140,5812.8,276,150,75,11459.52,6228.0,3114.0,0.384166609868407,0.464036545413546,0.29,5,1.48,111.0,882.36,-1583.74,-860.73,361.7,0.28,0.55,0.3,0.15,-1200.41,-1.8727145085803434,0.21840873634945399,0.4305772230889236,0.23400936037441497,0.11700468018720749,0.384166609868407,0.464036545413546,0.848203155281953,0.1595,0.087,0.222,673.0500000000001,27945.036,6.257872340425532,-5.717472924187725,-5.700198675496689,4.75921052631579,5,1,2
Kebabs/Mediterranean,25279,Spice Kitchen,QSR,North Shore,1.03,33.8,613,70,2366.0,299,163,81,10106.2,5509.4,2737.8,0.262751853913069,0.429612299380824,0.3,9,2.66,215.46,727.87,77.17,42.07,626.79,0.13,0.55,0.3,0.15,1473.9,2.404404567699837,0.11419249592169659,0.48776508972267546,0.26590538336052205,0.13213703099510607,0.262751853913069,0.429612299380824,0.692364153293893,0.165,0.09,0.399,631.39,21340.982,10.25169014084507,0.2572333333333333,0.25652439024390244,7.643780487804878,5,3,1
Kebabs/Mediterranean,25469,Mediterranean Diner,QSR,West Auckland,1.04,32.62,735,66,2152.92,368,201,100,12004.16,6556.62,3262.0,0.247296022735536,0.392234466527589,0.31,13,3.84,384.0,776.06,605.84,330.91,791.85,0.1,0.55,0.3,0.15,2504.6600000000003,3.4077006802721095,0.08979591836734693,0.5006802721088435,0.27346938775510204,0.13605442176870747,0.247296022735536,0.392234466527589,0.639530489263125,0.1705,0.093,0.576,764.4,24934.728000000003,11.582985074626865,1.6418428184281844,1.6381683168316834,7.840099009900991,5,3,3
Kebabs/Mediterranean,26670,Spice House,QSR,West Auckland,1.04,32.25,872,79,2547.75,436,238,119,14061.0,7675.5,3837.75,0.239035085570067,0.432449588412419,0.33,5,1.48,176.12,836.97,-20.88,-11.4,1084.64,0.1,0.55,0.3,0.15,1889.3300000000002,2.1666628440366975,0.09059633027522936,0.5,0.27293577981651373,0.13646788990825687,0.239035085570067,0.432449588412419,0.671484673982486,0.18150000000000002,0.099,0.222,906.88,29246.88,10.462125,-0.04778032036613272,-0.04769874476987448,9.038666666666668,5,3,3
Kebabs/Mediterranean,25471,Ottoman House,QSR,North Shore,1.03,31.09,987,89,2767.01,494,269,135,15358.46,8363.21,4197.15,0.203626888114959,0.438051883736625,0.28,8,2.36,318.6,991.48,1202.89,655.02,1185.33,0.1,0.55,0.3,0.15,4034.72,4.087862208713273,0.09017223910840932,0.5005065856129686,0.2725430597771023,0.13677811550151975,0.203626888114959,0.438051883736625,0.641678771851584,0.15400000000000003,0.084,0.354,1016.61,31606.4049,11.016444444444444,2.4300808080808083,2.4259999999999997,8.715661764705882,5,3,1
Kebabs/Mediterranean,25433,Mediterranean Tavern,Cafe,CBD,0.99,43.23,1091,108,4668.84,541,295,147,23387.43,12752.85,6354.81,0.23483701614663,0.434873548895121,0.31,8,2.36,346.92,1542.07,474.52,258.75,1752.01,0.11,0.55,0.3,0.15,4027.3500000000004,3.6914298808432635,0.09899175068744272,0.49587534372135655,0.27039413382218147,0.13473877176901924,0.23483701614663,0.434873548895121,0.669710565041751,0.1705,0.093,0.354,1080.09,46692.2907,14.14743119266055,0.8754981549815498,0.8741554054054054,11.837905405405404,5,0,0
Kebabs/Mediterranean,25447,Souvlaki Tavern,Full-service,North Shore,1.03,37.88,1683,303,11477.64,759,414,207,28750.92,15682.32,7841.16,0.367748347355518,0.525368609069847,0.33,18,5.31,1099.17,1226.77,-6414.82,-3498.99,-261.08,0.22,0.55,0.3,0.15,-8948.119999999999,-5.316767676767676,0.18003565062388593,0.45098039215686275,0.24598930481283424,0.12299465240641712,0.367748347355518,0.525368609069847,0.8931169564253649,0.18150000000000002,0.099,0.7964999999999999,1733.49,65664.60119999999,4.035427631578948,-8.440552631578948,-8.431301204819276,-1.2551923076923077,5,1,1
Kebabs/Mediterranean,25811,Greek Grill,QSR,West Auckland,1.04,44.79,827,88,3941.52,406,222,111,18184.74,9943.38,4971.69,0.2520226345025,0.415092546655796,0.33,5,1.48,164.28,1312.07,52.46,28.68,1490.72,0.12,0.55,0.3,0.15,2883.9300000000003,3.487218863361548,0.10640870616686819,0.4909310761789601,0.2684401451027811,0.13422007255139054,0.2520226345025,0.415092546655796,0.667115181158296,0.18150000000000002,0.099,0.222,860.08,38522.9832,14.742359550561797,0.1288943488943489,0.12860986547085201,13.31,5,3,3
Kebabs/Mediterranean,25638,Souvlaki Bistro,Full-service,South Auckland,1.05,41.18,1305,244,10047.92,584,318,159,24049.12,13095.24,6547.62,0.385848688555416,0.517105757305399,0.31,9,2.66,422.94,975.11,-5121.37,-2788.69,212.48,0.23,0.55,0.3,0.15,-6722.470000000001,-5.151318007662836,0.18697318007662836,0.44750957854406126,0.24367816091954023,0.12183908045977011,0.385848688555416,0.517105757305399,0.902954445860815,0.1705,0.093,0.399,1370.25,56426.895000000004,3.9800408163265306,-8.754478632478632,-8.741974921630094,1.3279999999999998,5,1,2
Kebabs/Mediterranean,26193,Greek Tavern,Cafe,North Shore,1.03,44.29,1048,95,4207.55,524,286,143,23207.96,12666.94,6333.47,0.250680610146374,0.44484563623555,0.33,17,5.02,717.86,1281.09,-592.41,-323.34,1210.52,0.1,0.55,0.3,0.15,1575.86,1.5036832061068701,0.09064885496183207,0.5,0.27290076335877866,0.13645038167938933,0.250680610146374,0.44484563623555,0.6955262463819241,0.18150000000000002,0.099,0.7529999999999999,1079.44,47808.3976,13.3446875,-1.1283999999999998,-1.1266202090592334,8.40638888888889,5,0,1
Kebabs/Mediterranean,26420,Souvlaki Kitchen,Cafe,North Shore,1.03,33.61,714,76,2554.36,351,191,96,11797.11,6419.51,3226.56,0.278361918777227,0.36048933903221,0.28,10,2.95,283.2,922.5,957.32,520.94,882.07,0.12,0.55,0.3,0.15,3282.8300000000004,4.59780112044818,0.10644257703081231,0.4915966386554621,0.2675070028011204,0.134453781512605,0.278361918777227,0.36048933903221,0.638851257809437,0.15400000000000003,0.084,0.4425,735.4200000000001,24717.466200000006,11.980519480519481,2.719659090909091,2.713229166666667,9.093505154639177,5,0,1
Kebabs/Mediterranean,25384,Spice Grill,Full-service,West Auckland,1.04,40.74,1142,228,9288.72,503,274,137,20492.22,11162.76,5581.38,0.352449277031701,0.531841292907484,0.28,16,4.72,646.64,1074.79,-3366.68,-1833.94,-0.82,0.25,0.55,0.3,0.15,-4126.65,-3.613528896672504,0.19964973730297722,0.4404553415061296,0.23992994746059546,0.11996497373029773,0.352449277031701,0.531841292907484,0.884290569939185,0.15400000000000003,0.084,0.708,1187.68,48386.0832,4.693406113537118,-6.679920634920634,-6.668872727272728,-0.005942028985507246,5,1,3
Kebabs/Mediterranean,25506,Mediterranean Tavern,QSR,North Shore,1.03,35.5,1534,200,7100.0,734,400,200,26057.0,14200.0,7100.0,0.257337637785822,0.367578424094245,0.32,16,4.72,944.0,2663.1,1435.32,782.19,1719.1,0.15,0.55,0.3,0.15,6599.710000000001,4.302288135593221,0.1303780964797914,0.4784876140808344,0.2607561929595828,0.1303780964797914,0.257337637785822,0.367578424094245,0.6249160618800671,0.17600000000000002,0.096,0.708,1580.02,56090.71,13.249253731343282,1.9528163265306122,1.9505985037406486,8.552736318407959,5,3,1
Kebabs/Mediterranean,26614,Spice Bistro,Ghost Kitchen,South Auckland,1.05,46.63,479,13,606.19,256,140,70,11937.28,6528.2,3264.1,0.27543445203919,0.213018913206179,0.31,15,4.43,310.1,310.09,2405.92,1315.74,1359.64,0.03,0.55,0.3,0.15,5391.39,11.255511482254699,0.027139874739039668,0.5344467640918581,0.29227557411273486,0.14613778705636743,0.27543445203919,0.213018913206179,0.488453365245369,0.1705,0.093,0.6645,502.95000000000005,23452.558500000003,22.149285714285714,9.361556420233462,9.331489361702127,19.14985915492958,5,2,2
Kebabs/Mediterranean,25695,Mediterranean Corner,QSR,South Auckland,1.05,40.68,714,52,2115.36,364,199,99,14807.52,8095.32,4027.32,0.245256641600281,0.387817745283246,0.33,17,5.02,496.98,776.18,546.78,298.92,980.75,0.08,0.55,0.3,0.15,2602.63,3.645140056022409,0.07282913165266107,0.5098039215686274,0.27871148459383754,0.13865546218487396,0.245256641600281,0.387817745283246,0.6330743868835269,0.18150000000000002,0.099,0.7529999999999999,749.7,30497.796000000002,14.644905660377358,1.498027397260274,1.4946000000000002,9.8075,5,3,2
Kebabs/Mediterranean,26292,Souvlaki House,Cafe,North Shore,1.03,33.25,955,86,2859.5,478,261,130,15893.5,8678.25,4322.5,0.224801994282752,0.420380583149381,0.32,12,3.54,460.2,1014.6,553.37,302.15,1073.5,0.1,0.55,0.3,0.15,2943.62,3.0823246073298427,0.09005235602094241,0.5005235602094241,0.2732984293193717,0.13612565445026178,0.224801994282752,0.420380583149381,0.6451825774321329,0.17600000000000002,0.096,0.531,983.65,32706.3625,11.662068965517241,1.1552609603340291,1.1532442748091603,8.194656488549619,5,0,1
Kebabs/Mediterranean,26641,Greek Eatery,QSR,North Shore,1.03,35.78,1539,165,5903.7,756,412,206,27049.68,14741.36,7370.68,0.253460129015148,0.411339162755758,0.29,15,4.43,912.58,1978.92,1222.66,666.32,1558.08,0.12,0.55,0.3,0.15,5425.98,3.525653021442495,0.10721247563352826,0.4912280701754386,0.26770630279402213,0.13385315139701107,0.253460129015148,0.411339162755758,0.664799291770906,0.1595,0.087,0.6645,1585.17,56717.3826,11.92120481927711,1.6151387054161164,1.6133656174334141,7.52695652173913,5,3,1
Kebabs/Mediterranean,25611,Souvlaki Corner,Full-service,West Auckland,1.04,35.8,771,144,5155.2,345,188,94,12351.0,6730.4,3365.2,0.378435775113758,0.509364750841632,0.29,16,4.72,443.68,578.41,-2196.01,-1196.67,-66.11,0.23,0.55,0.3,0.15,-2880.3800000000006,-3.735901426718548,0.1867704280155642,0.4474708171206226,0.2438391699092088,0.1219195849546044,0.378435775113758,0.509364750841632,0.88780052595539,0.1595,0.087,0.708,801.84,28705.872,3.9890344827586204,-6.346849710982659,-6.331587301587302,-0.6958947368421052,5,1,3
Kebabs/Mediterranean,26338,Greek Diner,Full-service,CBD,0.99,34.18,1498,309,10561.62,654,357,178,22353.72,12202.26,6084.04,0.360528337280266,0.53881488875486,0.3,14,4.13,735.14,1063.1,-4456.06,-2432.44,-122.74,0.26,0.55,0.3,0.15,-5948.14,-3.9707209612817094,0.2062750333778371,0.4365821094793057,0.23831775700934577,0.11882510013351133,0.360528337280266,0.53881488875486,0.8993432260351261,0.165,0.09,0.6194999999999999,1483.02,50689.623600000006,3.4293548387096773,-6.80314503816794,-6.794525139664804,-0.6856983240223463,5,1,0
Kebabs/Mediterranean,26415,Spice House,QSR,CBD,0.99,36.99,1429,105,3883.95,728,397,199,26928.72,14685.03,7361.01,0.207761437240988,0.384028044389561,0.27,10,2.95,587.05,1585.47,3721.83,2029.63,2417.79,0.08,0.55,0.3,0.15,9754.720000000001,6.826256123163052,0.07347795661301608,0.5094471658502449,0.27781665500349895,0.13925822253324002,0.207761437240988,0.384028044389561,0.591789481630549,0.14850000000000002,0.081,0.4425,1414.71,52330.12290000001,14.957264150943397,5.105390946502058,5.099572864321608,12.08895,5,3,0
Kebabs/Mediterranean,25716,Souvlaki Cafe,Cafe,CBD,0.99,34.7,1218,100,3470.0,615,335,168,21340.5,11624.5,5829.6,0.254000046662986,0.421319737914018,0.28,11,3.25,546.0,1126.64,953.5,519.39,1346.76,0.09,0.55,0.3,0.15,3946.29,3.239975369458128,0.08210180623973727,0.5049261083743842,0.27504105090311987,0.13793103448275865,0.254000046662986,0.421319737914018,0.675319784577004,0.15400000000000003,0.084,0.4875,1205.82,41841.954,11.154851485148516,1.5478896103896105,1.5458035714285714,7.968994082840236,5,0,0
Kebabs/Mediterranean,25074,Souvlaki Diner,QSR,South Auckland,1.05,42.51,1358,100,4251.0,692,377,189,29416.92,16026.27,8034.39,0.272697974964976,0.440672687697224,0.3,4,1.18,223.02,1218.46,-393.32,-214.28,2079.87,0.08,0.55,0.3,0.15,2690.73,1.9813917525773197,0.07363770250368189,0.5095729013254786,0.2776141384388807,0.13917525773195877,0.272697974964976,0.440672687697224,0.7133706626622001,0.165,0.09,0.177,1425.9,60615.009000000005,12.063960396039604,-0.5675613275613276,-0.5668783068783069,10.946684210526316,5,3,2
Kebabs/Mediterranean,25692,Greek Grill,Full-service,North Shore,1.03,38.68,1742,381,14737.08,749,408,204,28971.32,15781.44,7890.72,0.389718009717762,0.534242850425653,0.3,12,3.54,722.16,1120.59,-6488.44,-3534.42,-122.16,0.28,0.55,0.3,0.15,-9024.43,-5.180499425947187,0.21871412169919632,0.4299655568312285,0.2342135476463835,0.11710677382319175,0.389718009717762,0.534242850425653,0.923960860143415,0.165,0.09,0.531,1794.26,69401.9768,2.93348167539267,-8.651253333333333,-8.641613691931541,-0.5959024390243902,5,1,1
Kebabs/Mediterranean,25303,Ottoman Tavern,Full-service,CBD,0.99,37.81,1046,159,6011.79,488,266,133,18451.28,10057.46,5028.73,0.370080332399812,0.466449171002023,0.3,6,1.77,235.41,982.75,-2519.14,-1373.14,586.64,0.18,0.55,0.3,0.15,-2322.89,-2.220736137667304,0.15200764818355642,0.4665391969407266,0.25430210325047803,0.12715105162523901,0.370080332399812,0.466449171002023,0.836529503401835,0.165,0.09,0.2655,1035.54,39153.7674,6.1421875,-5.15161554192229,-5.142846441947566,4.377910447761194,5,1,0
Kebabs/Mediterranean,26569,Souvlaki Kitchen,QSR,South Auckland,1.05,46.38,900,89,4127.82,446,243,122,20685.48,11270.34,5658.36,0.207854159921408,0.440306167863309,0.29,4,1.18,143.96,1452.33,1279.18,696.95,1846.88,0.11,0.55,0.3,0.15,5275.34,5.861488888888889,0.09888888888888889,0.4955555555555555,0.27,0.13555555555555554,0.207854159921408,0.440306167863309,0.648160327784717,0.1595,0.087,0.177,945.0,43829.1,16.137,2.8617002237136466,2.8563524590163936,15.015284552845529,5,3,2
Kebabs/Mediterranean,26693,Greek House,QSR,South Auckland,1.05,36.8,1216,110,4048.0,608,332,166,22374.4,12217.6,6108.8,0.226574461422861,0.353757500462234,0.32,18,5.31,881.46,1698.82,2230.01,1217.7,1682.21,0.1,0.55,0.3,0.15,6828.74,5.6157401315789475,0.09046052631578946,0.5,0.2730263157894737,0.13651315789473684,0.226574461422861,0.353757500462234,0.580331961885095,0.17600000000000002,0.096,0.7964999999999999,1276.8,46986.240000000005,15.304684684684684,3.6617569786535307,3.656756756756757,10.07311377245509,5,3,2
Kebabs/Mediterranean,26435,Greek House,Cafe,South Auckland,1.05,42.64,1467,108,4605.12,747,408,204,31852.08,17397.12,8698.56,0.209985647685826,0.44281000609044,0.33,4,1.18,240.72,1598.92,547.99,299.31,2779.46,0.08,0.55,0.3,0.15,5225.68,3.5621540558963876,0.07361963190184048,0.50920245398773,0.27811860940695293,0.13905930470347647,0.209985647685826,0.44281000609044,0.652795653776266,0.18150000000000002,0.099,0.177,1540.3500000000001,65680.524,14.668990825688073,0.7326069518716578,0.7318092909535452,13.558341463414635,5,0,2
Kebabs/Mediterranean,26032,Spice Eatery,Cafe,North Shore,1.03,45.93,1535,164,7532.52,754,411,206,34631.22,18877.23,9461.58,0.213373685609549,0.426120710535906,0.29,9,2.66,547.96,2715.52,2441.7,1330.95,2862.99,0.12,0.55,0.3,0.15,9351.16,6.091960912052117,0.10684039087947883,0.49120521172638437,0.26775244299674267,0.13420195439739413,0.213373685609549,0.426120710535906,0.639494396145455,0.1595,0.087,0.399,1581.05,72617.6265,16.45769696969697,3.2340397350993375,3.2304611650485437,13.830869565217391,5,0,1
Kebabs/Mediterranean,26692,Greek Cafe,QSR,North Shore,1.03,32.39,1305,139,4502.21,641,350,175,20761.99,11336.5,5668.25,0.215522291325033,0.394629188580438,0.28,9,2.66,465.5,1755.18,2280.67,1245.3,1744.26,0.12,0.55,0.3,0.15,7025.410000000001,5.383455938697319,0.10651340996168583,0.4911877394636016,0.26819923371647514,0.13409961685823757,0.215522291325033,0.394629188580438,0.610151479905471,0.15400000000000003,0.084,0.399,1344.15,43537.0185,12.537,3.5524454828660437,3.5478632478632477,9.910568181818181,5,3,1
Kebabs/Mediterranean,25188,Ottoman Eatery,Cafe,CBD,0.99,39.88,1076,123,4905.24,524,286,143,20897.12,11405.68,5702.84,0.219640405401587,0.369246097211726,0.28,18,5.31,759.33,2016.61,2739.89,1495.44,1585.18,0.13,0.55,0.3,0.15,7837.120000000001,7.283568773234202,0.11431226765799254,0.486988847583643,0.2657992565055762,0.1328996282527881,0.219640405401587,0.369246097211726,0.588886502613313,0.15400000000000003,0.084,0.7964999999999999,1065.24,42481.7712,16.26298387096774,5.218838095238095,5.210592334494773,11.008194444444445,5,0,0
Kebabs/Mediterranean,26431,Spice Corner,Full-service,West Auckland,1.04,34.12,1357,197,6721.64,638,348,174,21768.56,11873.76,5936.88,0.385203610151075,0.470712219574489,0.3,8,2.36,410.64,968.48,-3394.06,-1851.31,444.77,0.17,0.55,0.3,0.15,-3832.1199999999994,-2.8239646278555632,0.1451731761238025,0.4701547531319087,0.2564480471628593,0.12822402358142965,0.385203610151075,0.470712219574489,0.855915829725564,0.165,0.09,0.354,1411.28,48152.8736,4.891313131313131,-5.311517996870109,-5.3046131805157595,2.541542857142857,5,1,3
Kebabs/Mediterranean,25031,Spice Cafe,Ghost Kitchen,West Auckland,1.04,34.63,488,31,1073.53,251,137,69,8692.13,4744.31,2389.47,0.259661736420821,0.349253115220927,0.27,18,5.31,366.39,419.84,1052.49,574.47,568.1,0.07,0.55,0.3,0.15,2614.9,5.358401639344263,0.06352459016393441,0.5143442622950819,0.2807377049180328,0.14139344262295078,0.259661736420821,0.349253115220927,0.608914851641748,0.14850000000000002,0.081,0.7964999999999999,507.52000000000004,17575.417600000004,13.12,4.176547619047619,4.162826086956522,8.115714285714287,5,2,3
Kebabs/Mediterranean,25675,Souvlaki House,Cafe,CBD,0.99,32.2,980,120,3864.0,473,258,129,15230.6,8307.6,4153.8,0.27029560610652,0.429420872707851,0.27,6,1.77,228.33,1160.3,461.24,251.58,1018.99,0.14,0.55,0.3,0.15,2892.1099999999997,2.951132653061224,0.12244897959183675,0.48265306122448987,0.263265306122449,0.1316326530612245,0.27029560610652,0.429420872707851,0.699716478814371,0.14850000000000002,0.081,0.2655,970.2,31240.439999999995,9.589256198347107,0.9730801687763714,0.9713513513513514,7.838384615384616,5,0,0
Kebabs/Mediterranean,25826,Ottoman Bistro,QSR,CBD,0.99,38.14,570,70,2669.8,275,150,75,10488.5,5721.0,2860.5,0.250799133498222,0.372224805108272,0.29,9,2.66,199.5,1006.45,912.25,497.59,878.84,0.14,0.55,0.3,0.15,3295.13,5.780929824561404,0.12280701754385966,0.4824561403508772,0.2631578947368421,0.13157894736842105,0.250799133498222,0.372224805108272,0.623023938606494,0.1595,0.087,0.399,564.3,21522.402,14.175352112676057,3.3052536231884058,3.295298013245033,11.563684210526317,5,3,0
Kebabs/Mediterranean,26516,Souvlaki House,Cafe,CBD,0.99,36.82,1405,161,5928.02,684,373,187,25184.88,13733.86,6885.34,0.203489521797746,0.444077751017176,0.32,15,4.43,828.41,2089.23,816.81,445.43,1598.21,0.13,0.55,0.3,0.15,4949.68,3.5229039145907475,0.11459074733096085,0.4868327402135231,0.26548042704626335,0.13309608540925266,0.203489521797746,0.444077751017176,0.647567272814922,0.17600000000000002,0.096,0.6645,1390.95,51214.779,12.896481481481482,1.1924233576642336,1.1909893048128342,8.501117021276595,5,0,0
Kebabs/Mediterranean,26552,Ottoman Bistro,QSR,CBD,0.99,38.09,574,47,1790.23,290,158,79,11046.1,6018.22,3009.11,0.248063210938126,0.365854865894653,0.27,5,1.48,116.92,691.18,1282.25,698.61,1044.84,0.09,0.55,0.3,0.15,3716.88,6.475400696864112,0.0818815331010453,0.505226480836237,0.27526132404181186,0.13763066202090593,0.248063210938126,0.365854865894653,0.613918076832779,0.14850000000000002,0.081,0.222,568.26,21645.0234,14.399583333333332,4.4063573883161515,4.39377358490566,13.0605,5,3,0
Kebabs/Mediterranean,25718,Mediterranean Grill,QSR,West Auckland,1.04,31.23,1671,205,6402.15,806,440,220,25171.38,13741.2,6870.6,0.200967224538326,0.431224536173977,0.31,6,1.77,389.4,2354.76,1455.11,794.35,2137.66,0.14,0.55,0.3,0.15,6741.88,4.034637941352484,0.12268102932375824,0.48234590065828853,0.2633153800119689,0.13165769000598446,0.200967224538326,0.431224536173977,0.632191760712303,0.1705,0.093,0.2655,1737.8400000000001,54272.7432,11.430873786407767,1.8031102850061957,1.80124716553288,9.672669683257919,5,3,3
Kebabs/Mediterranean,25568,Greek Corner,Full-service,West Auckland,1.04,31.98,1032,172,5500.56,473,258,129,15126.54,8250.84,4125.42,0.356301359925419,0.467378633026965,0.29,10,2.95,380.55,969.86,-1719.58,-937.96,346.84,0.2,0.55,0.3,0.15,-1340.84,-1.2992635658914728,0.16666666666666669,0.45833333333333337,0.25,0.125,0.356301359925419,0.467378633026965,0.8236799929523839,0.1595,0.087,0.4425,1073.28,34323.4944,5.606127167630058,-3.627805907172996,-3.6214671814671817,2.6679999999999997,5,1,3
Kebabs/Mediterranean,25880,Spice Diner,Full-service,West Auckland,1.04,35.91,1569,343,12317.13,674,368,184,24203.34,13214.88,6607.44,0.351554542139638,0.533320125006139,0.29,10,2.95,542.8,1418.01,-4232.55,-2310.95,217.88,0.28,0.55,0.3,0.15,-4907.61,-3.127858508604206,0.218610579987253,0.4295729764181007,0.23454429572976415,0.11727214786488208,0.351554542139638,0.533320125006139,0.884874667145777,0.1595,0.087,0.4425,1631.76,58596.5016,4.122122093023256,-6.270444444444445,-6.262737127371273,1.1777297297297298,5,1,3
Kebabs/Mediterranean,26250,Souvlaki Cafe,Full-service,North Shore,1.03,46.15,1328,282,13014.3,575,314,157,26536.25,14491.1,7245.55,0.396782761567738,0.455687405145727,0.31,5,1.48,232.36,1920.0,-4311.35,-2354.37,836.57,0.27,0.55,0.3,0.15,-3909.15,-2.943637048192771,0.21234939759036142,0.4329819277108433,0.23644578313253012,0.11822289156626506,0.396782761567738,0.455687405145727,0.852470166713465,0.1705,0.093,0.222,1367.8400000000001,63125.816000000006,6.784452296819788,-7.48498263888889,-7.474190476190476,5.294746835443038,5,1,1
Kebabs/Mediterranean,26047,Souvlaki Bistro,Cafe,West Auckland,1.04,39.38,955,109,4292.42,465,254,127,18311.7,10002.52,5001.26,0.207481613606215,0.44197449288331,0.32,18,5.31,674.37,1504.68,559.31,305.52,1078.79,0.13,0.55,0.3,0.15,3448.2999999999997,3.610785340314136,0.11413612565445026,0.4869109947643979,0.26596858638743454,0.13298429319371727,0.207481613606215,0.44197449288331,0.649456106489525,0.17600000000000002,0.096,0.7964999999999999,993.2,39112.216,13.678909090909091,1.2002360515021457,1.1981176470588235,8.428046875,5,0,3
Kebabs/Mediterranean,25360,Ottoman Kitchen,Full-service,CBD,0.99,35.42,1344,251,8890.42,601,328,164,21287.42,11617.76,5808.88,0.356388753640931,0.497181930672377,0.27,11,3.25,533.0,1301.82,-2630.5,-1435.61,317.59,0.23,0.55,0.3,0.15,-2446.7,-1.8204613095238094,0.1867559523809524,0.44717261904761907,0.24404761904761907,0.12202380952380953,0.356388753640931,0.497181930672377,0.853570684313308,0.14850000000000002,0.081,0.4875,1330.56,47128.43519999999,5.165952380952381,-4.369601328903655,-4.363556231003039,1.9247878787878787,5,1,0
Kebabs/Mediterranean,26295,Ottoman Diner,Cafe,South Auckland,1.05,36.84,1234,151,5562.84,596,325,162,21956.64,11973.0,5968.08,0.246793070137501,0.430129933496937,0.28,15,4.43,717.66,1797.23,945.83,515.76,1210.49,0.14,0.55,0.3,0.15,4469.3099999999995,3.621807131280389,0.12236628849270666,0.4829821717990276,0.26337115072933553,0.13128038897893032,0.246793070137501,0.430129933496937,0.676923003634438,0.15400000000000003,0.084,0.6645,1295.7,47733.587999999996,11.823881578947368,1.5843048576214407,1.582085889570552,7.426319018404908,5,0,2
Kebabs/Mediterranean,26319,Mediterranean Eatery,Cafe,West Auckland,1.04,45.02,1223,150,6753.0,590,322,161,26561.8,14496.44,7248.22,0.215267715398222,0.423388046748005,0.31,13,3.84,618.24,2440.16,1363.8,744.31,2000.86,0.14,0.55,0.3,0.15,6549.13,5.354971381847915,0.12264922322158625,0.4824202780049059,0.2632869991823385,0.13164349959116925,0.215267715398222,0.423388046748005,0.638655762146227,0.1705,0.093,0.576,1271.92,57261.83840000001,16.16,2.3076142131979696,2.304365325077399,12.350987654320987,5,0,3
Kebabs/Mediterranean,25043,Spice Bistro,Cafe,South Auckland,1.05,39.49,1499,160,6318.4,736,402,201,29064.64,15874.98,7937.49,0.276171390805393,0.366074593015946,0.28,12,3.54,711.54,2260.43,2259.89,1234.34,2128.13,0.12,0.55,0.3,0.15,7882.79,5.25869913275517,0.1067378252168112,0.4909939959973315,0.26817878585723814,0.13408939292861907,0.276171390805393,0.366074593015946,0.642245983821339,0.15400000000000003,0.084,0.531,1573.95,62155.285500000005,14.039937888198757,3.0663364993215736,3.0628784119106696,10.53529702970297,5,0,2
Kebabs/Mediterranean,25558,Spice Cafe,Cafe,North Shore,1.03,31.21,1210,139,4338.19,589,321,161,18382.69,10018.41,5024.81,0.260982005298138,0.377487498149276,0.33,12,3.54,569.94,1568.39,579.62,315.89,1246.68,0.13,0.55,0.3,0.15,3710.58,3.066595041322314,0.11487603305785124,0.48677685950413224,0.2652892561983471,0.13305785123966943,0.260982005298138,0.377487498149276,0.6384695034474139,0.18150000000000002,0.099,0.531,1246.3,38897.023,11.202785714285715,0.982406779661017,0.9810248447204969,7.695555555555556,5,0,1
Kebabs/Mediterranean,25475,Ottoman Eatery,Full-service,South Auckland,1.05,32.63,556,96,3132.48,253,138,69,8255.39,4502.94,2251.47,0.357650327438023,0.46010667392984,0.29,13,3.84,264.96,570.87,-889.58,-485.22,145.35,0.21,0.55,0.3,0.15,-658.58,-1.1844964028776979,0.17266187050359713,0.4550359712230216,0.24820143884892085,0.12410071942446042,0.357650327438023,0.46010667392984,0.817757001367863,0.1595,0.087,0.576,583.8000000000001,19049.394,5.885257731958763,-3.502283464566929,-3.490791366906475,2.0764285714285715,5,1,2
Kebabs/Mediterranean,25344,Spice Grill,QSR,North Shore,1.03,31.78,992,121,3845.38,479,261,131,15222.62,8294.58,4163.18,0.259586884006858,0.444023559708148,0.28,6,1.77,231.87,1139.73,249.49,135.94,1002.05,0.14,0.55,0.3,0.15,2527.21,2.547590725806452,0.12197580645161289,0.48286290322580644,0.2631048387096774,0.13205645161290322,0.259586884006858,0.444023559708148,0.7036104437150059,0.15400000000000003,0.084,0.2655,1021.76,32471.532800000004,9.34204918032787,0.5197708333333334,0.518854961832061,7.591287878787878,5,3,1
Pizza,26112,Lucky Pizza Grill,Full-service,South Auckland,1.05,38.94,1136,352,13706.88,274,157,353,10669.56,6113.58,13745.82,0.395483180938754,0.512464524642564,0.3,12,3.54,1249.62,1261.75,-2218.71,-1271.3,15.71,0.45,0.35,0.2,0.45,-2212.55,-1.947667253521127,0.3098591549295775,0.24119718309859156,0.1382042253521127,0.3107394366197183,0.395483180938754,0.512464524642564,0.907947705581318,0.105,0.06,1.593,1192.8,46447.632,3.5743626062322944,-8.068036363636363,-8.04620253164557,0.04437853107344633,6,1,2
Pizza,25380,Top Pizza Bistro,Ghost Kitchen,West Auckland,1.04,44.93,1280,105,4717.65,411,235,529,18466.23,10558.55,23767.97,0.288379963859916,0.343913668871392,0.31,16,4.72,2496.88,1734.71,1065.62,609.3,6242.75,0.09,0.35,0.2,0.45,9652.380000000001,7.540921875,0.08203125,0.32109375,0.18359375,0.41328125000000004,0.288379963859916,0.343913668871392,0.632293632731308,0.1085,0.062,2.124,1331.2,59810.816,16.365188679245282,2.5864563106796115,2.581779661016949,11.778773584905661,6,2,3
Pizza,25774,Urban Pizza Grill,Full-service,North Shore,1.03,36.86,1156,385,14191.1,270,154,347,9952.2,5676.44,12790.42,0.35236691699829,0.470903452159837,0.29,4,1.18,409.46,2507.99,-1127.29,-642.97,1850.99,0.5,0.35,0.2,0.45,2588.72,2.239377162629758,0.33304498269896193,0.23356401384083045,0.13321799307958476,0.30017301038062283,0.35236691699829,0.470903452159837,0.8232703691581269,0.10149999999999999,0.057999999999999996,0.531,1190.68,43888.4648,6.497383419689118,-4.159741697416974,-4.148193548387097,5.318936781609195,6,1,1
Pizza,26463,King Pizza Bistro,Full-service,South Auckland,1.05,43.67,1315,395,17249.65,322,184,414,14061.74,8035.28,18079.38,0.365248476399574,0.474028118723072,0.28,4,1.18,488.52,2772.42,-1677.24,-958.42,2417.26,0.43,0.35,0.2,0.45,2554.0200000000004,1.942220532319392,0.30038022813688214,0.24486692015209124,0.13992395437262356,0.314828897338403,0.365248476399574,0.474028118723072,0.839276595122646,0.098,0.05600000000000001,0.531,1380.75,60297.35250000001,7.001060606060606,-5.192693498452012,-5.180648648648648,5.824722891566266,6,1,2
Pizza,25086,Urban Pizza Eatery,Cafe,CBD,0.99,37.54,1551,481,18056.74,374,214,482,14039.96,8033.56,18094.28,0.221766426768154,0.386539075057954,0.31,5,1.48,713.36,7072.73,1146.99,656.3,6374.07,0.45,0.35,0.2,0.45,15250.089999999998,9.832424242424242,0.31012250161186333,0.24113475177304963,0.13797549967762734,0.31076724693745966,0.221766426768154,0.386539075057954,0.608305501826108,0.1085,0.062,0.666,1535.49,57642.2946,14.673713692946057,3.05864,3.0525581395348835,13.196832298136645,6,0,0
Pizza,25882,Classic Pizza Grill,Ghost Kitchen,West Auckland,1.04,42.19,1058,69,2911.11,346,198,445,14597.74,8353.62,18774.55,0.253875967266504,0.27200572937727,0.27,9,2.66,1183.7,1380.21,2979.67,1705.13,7717.66,0.07,0.35,0.2,0.45,13782.67,13.027098298676748,0.06521739130434782,0.32703213610586007,0.18714555765595464,0.4206049149338374,0.253875967266504,0.27200572937727,0.525881696643774,0.0945,0.054000000000000006,1.197,1100.32,46422.50080000001,19.717285714285715,8.586945244956773,8.568492462311559,17.304170403587445,6,2,3
Pizza,25780,Lucky Pizza Eatery,Full-service,West Auckland,1.04,32.31,1698,602,19450.62,384,219,493,12407.04,7075.89,15928.83,0.37472741433885,0.536548694083467,0.31,12,3.54,1745.22,1725.73,-2745.38,-1565.73,-331.95,0.55,0.35,0.2,0.45,-2917.33,-1.7180977620730271,0.35453474676089514,0.22614840989399293,0.12897526501766785,0.290341578327444,0.37472741433885,0.536548694083467,0.9112761084223169,0.1085,0.062,1.593,1765.92,57056.87520000001,2.8619071310116087,-7.130857142857143,-7.116954545454545,-0.6719635627530364,6,1,3
Pizza,25449,King Pizza Tavern,Cafe,CBD,0.99,33.24,1773,469,15589.56,456,261,587,15157.44,8675.64,19511.88,0.212204296216369,0.350974699202925,0.32,9,2.66,1561.42,6809.85,1770.71,1013.5,6961.78,0.36,0.35,0.2,0.45,16555.84,9.33775521714608,0.2645234066553863,0.2571912013536379,0.14720812182741114,0.3310772701635646,0.212204296216369,0.350974699202925,0.5631789954192941,0.11199999999999999,0.064,1.197,1755.27,58345.1748,14.48904255319149,3.8746389496717724,3.868320610687023,11.839761904761904,6,0,0
Pizza,25373,Top Pizza Tavern,Full-service,CBD,0.99,37.38,1251,422,15774.36,290,166,373,10840.2,6205.08,13942.74,0.391263067803811,0.527080510440283,0.28,13,3.84,1432.32,1288.08,-2150.08,-1230.74,-293.81,0.51,0.35,0.2,0.45,-2386.5499999999997,-1.9077138289368503,0.337330135891287,0.231814548361311,0.13269384492406075,0.2981614708233413,0.391263067803811,0.527080510440283,0.9183435782440941,0.098,0.05600000000000001,1.728,1238.49,46294.756199999996,3.045106382978723,-7.388591065292096,-7.369700598802395,-0.7855882352941177,6,1,0
Pizza,25038,King Pizza Grill,QSR,West Auckland,1.04,37.49,578,100,3749.0,167,96,215,6260.83,3599.04,8060.35,0.274961324650794,0.424550715275109,0.32,15,4.43,952.45,1126.53,-122.16,-70.22,1469.59,0.21,0.35,0.2,0.45,2403.74,4.158719723183391,0.17301038062283736,0.2889273356401384,0.16608996539792387,0.3719723183391003,0.274961324650794,0.424550715275109,0.6995120399259029,0.11199999999999999,0.064,1.9934999999999998,601.12,22535.988800000003,11.153762376237623,-0.7271428571428571,-0.7239175257731959,6.803657407407407,6,3,3
Pizza,25006,Lucky Pizza Cafe,QSR,West Auckland,1.04,36.59,617,111,4061.49,177,101,228,6476.43,3695.59,8342.52,0.206805597655475,0.410740737128071,0.28,5,1.48,337.44,1553.33,663.53,378.63,2853.19,0.22,0.35,0.2,0.45,5448.68,8.830923824959482,0.17990275526742303,0.286871961102107,0.16369529983792547,0.3695299837925446,0.206805597655475,0.410740737128071,0.617546334783546,0.098,0.05600000000000001,0.666,641.6800000000001,23479.0712,13.869017857142856,3.727696629213483,3.7120588235294116,12.459344978165939,6,3,3
Pizza,26142,Top Pizza Eatery,Cafe,CBD,0.99,35.99,893,178,6406.22,250,143,322,8997.5,5146.57,11588.78,0.241009941715747,0.441597330896184,0.29,12,3.54,1139.88,2033.29,246.47,140.98,2538.31,0.25,0.35,0.2,0.45,4959.049999999999,5.553247480403135,0.19932810750279956,0.2799552071668533,0.1601343784994401,0.3605823068309071,0.241009941715747,0.441597330896184,0.682607272611931,0.10149999999999999,0.057999999999999996,1.593,884.0699999999999,31817.6793,11.359162011173185,0.9819521912350597,0.9790277777777777,7.858544891640867,6,0,0
Pizza,25392,Urban Pizza Corner,QSR,South Auckland,1.05,46.88,1499,270,12657.6,430,246,553,20158.4,11532.48,25924.64,0.279234420564026,0.354903346952051,0.3,5,1.48,818.44,4630.94,1327.68,759.55,8666.41,0.22,0.35,0.2,0.45,15384.58,10.263228819212808,0.18012008005336894,0.2868579052701802,0.16410940627084725,0.36891260840560375,0.279234420564026,0.354903346952051,0.634137767516077,0.105,0.06,0.666,1573.95,73786.776,17.088339483394833,3.08046403712297,3.075101214574899,15.643339350180506,6,3,2
Pizza,26564,Urban Pizza House,QSR,CBD,0.99,35.24,1210,264,9303.36,331,189,426,11664.44,6660.36,15012.24,0.240514187514782,0.418890317482874,0.3,11,3.25,1384.5,3168.68,473.52,270.38,3728.6,0.28,0.35,0.2,0.45,7641.18,6.31502479338843,0.2181818181818182,0.2735537190082645,0.156198347107438,0.3520661157024793,0.240514187514782,0.418890317482874,0.659404504997656,0.105,0.06,1.4625000000000001,1197.9,42213.996,11.957283018867924,1.4262650602409639,1.4230526315789473,8.732084309133489,6,3,0
Pizza,25025,Top Pizza Grill,Full-service,North Shore,1.03,31.92,1930,510,16279.2,497,284,639,15864.24,9065.28,20396.88,0.390945377526805,0.534093063115142,0.3,12,3.54,2262.06,1220.31,-3570.06,-2040.04,-733.08,0.36,0.35,0.2,0.45,-5122.87,-2.654336787564767,0.26424870466321243,0.2575129533678756,0.14715025906735751,0.3310880829015544,0.390945377526805,0.534093063115142,0.9250384406419471,0.105,0.06,1.593,1987.9,63453.76800000001,2.3880821917808217,-7.168795180722891,-7.158035087719298,-1.1454375,6,1,1
Pizza,25106,Urban Pizza Diner,Ghost Kitchen,West Auckland,1.04,34.66,648,30,1039.8,216,124,278,7486.56,4297.84,9635.48,0.292292550276034,0.295013707689941,0.28,13,3.84,1067.52,429.12,993.42,570.3,2908.98,0.05,0.35,0.2,0.45,4901.82,7.564537037037036,0.046296296296296294,0.33333333333333337,0.19135802469135804,0.4290123456790123,0.292292550276034,0.295013707689941,0.587306257965975,0.098,0.05600000000000001,1.728,673.9200000000001,23358.0672,13.84258064516129,4.577972350230414,4.562399999999999,10.426451612903225,6,2,3
Pizza,25139,Urban Pizza Grill,Ghost Kitchen,South Auckland,1.05,32.66,744,35,1143.1,248,142,319,8099.68,4637.72,10418.54,0.251355279691052,0.216788948315661,0.32,15,4.43,1413.17,607.96,1715.96,982.53,4127.99,0.05,0.35,0.2,0.45,7434.44,9.99252688172043,0.047043010752688165,0.3333333333333333,0.19086021505376344,0.42876344086021506,0.251355279691052,0.216788948315661,0.46814422800671296,0.11199999999999999,0.064,1.9934999999999998,781.2,25513.992000000002,16.887777777777778,6.89140562248996,6.870839160839161,12.89996875,6,2,2
Pizza,26257,Classic Pizza Eatery,QSR,West Auckland,1.04,35.1,1333,275,9652.5,370,212,476,12987.0,7441.2,16707.6,0.269191359058023,0.41315082681831,0.31,8,2.36,1123.36,3066.19,99.45,56.98,4183.94,0.26,0.35,0.2,0.45,7406.5599999999995,5.556309077269317,0.20630157539384844,0.27756939234808703,0.15903975993998498,0.35708927231807946,0.269191359058023,0.41315082681831,0.682342185876333,0.1085,0.062,1.062,1386.32,48659.832,11.109384057971015,0.26805929919137467,0.26751173708920184,8.771362683438154,6,3,3
Pizza,25369,Lucky Pizza Bistro,Cafe,South Auckland,1.05,38.81,1624,355,13777.55,444,254,571,17231.64,9857.74,22160.51,0.213594257980585,0.397822910523973,0.33,10,2.95,1684.45,5353.72,1009.48,577.49,6926.74,0.28,0.35,0.2,0.45,13867.43,8.539057881773399,0.21859605911330046,0.2733990147783251,0.1564039408866995,0.3516009852216748,0.213594257980585,0.397822910523973,0.611417168504558,0.11549999999999999,0.066,1.3275000000000001,1705.2,66178.812,15.038539325842697,2.268494382022472,2.264666666666667,12.109685314685315,6,0,2
Pizza,26111,Urban Pizza Kitchen,QSR,North Shore,1.03,42.32,1855,346,14642.72,528,302,679,22344.96,12780.64,28735.28,0.226639509219676,0.395567658729851,0.27,3,0.89,604.31,5531.91,2408.63,1377.66,10251.67,0.23,0.35,0.2,0.45,19569.870000000003,10.54979514824798,0.1865229110512129,0.2846361185983827,0.16280323450134768,0.3660377358490566,0.226639509219676,0.395567658729851,0.622207167949527,0.0945,0.054000000000000006,0.4005,1910.65,80858.70800000001,15.942103746397693,4.553175803402647,4.546732673267327,15.075985294117647,6,3,1
Pizza,25492,Lucky Pizza Tavern,QSR,South Auckland,1.05,36.23,1746,303,10977.69,505,289,649,18296.15,10470.47,23513.27,0.259713232722133,0.429588017426431,0.32,7,2.07,1343.43,3410.75,-170.18,-97.39,5962.11,0.21,0.35,0.2,0.45,9105.29,5.214942726231387,0.17353951890034364,0.28923253150057276,0.16552119129438717,0.37170675830469646,0.259713232722133,0.429588017426431,0.689301250148564,0.11199999999999999,0.064,0.9315,1833.3000000000002,66420.459,11.219572368421053,-0.3363241106719368,-0.33582758620689657,9.172476923076923,6,3,2
Pizza,25682,Top Pizza House,Full-service,North Shore,1.03,46.34,1569,543,25162.62,359,205,462,16636.06,9499.7,21409.08,0.373308735329192,0.462983097415417,0.28,15,4.43,2046.66,4119.33,-1934.64,-1104.74,1458.18,0.53,0.35,0.2,0.45,2538.1299999999997,1.6176736775015932,0.34608030592734224,0.22880815806246016,0.13065646908859146,0.2944550669216061,0.373308735329192,0.462983097415417,0.8362918327446089,0.098,0.05600000000000001,1.9934999999999998,1616.07,74888.68380000001,7.572297794117647,-5.3740000000000006,-5.362815533980583,3.149416846652268,6,1,1
Pizza,26103,King Pizza Bistro,QSR,North Shore,1.03,39.15,1914,383,14994.45,536,306,689,20984.4,11979.9,26974.35,0.222852778360248,0.388389316829853,0.31,11,3.25,2239.25,5829.21,1652.69,943.51,8247.24,0.25,0.35,0.2,0.45,16672.65,8.7108934169279,0.2001044932079415,0.2800417972831766,0.1598746081504702,0.35997910135841166,0.222852778360248,0.388389316829853,0.611242095190101,0.1085,0.062,1.4625000000000001,1971.42,77181.09300000001,15.180234375,3.077635009310987,3.0733224755700324,11.952521739130434,6,3,1
Pizza,26574,Urban Pizza Tavern,Cafe,West Auckland,1.04,44.39,2103,545,24192.55,545,312,701,24192.55,13849.68,31117.39,0.227275923360139,0.405208936799318,0.3,10,2.95,2067.95,8891.13,1633.36,935.06,9368.16,0.35,0.35,0.2,0.45,20827.71,9.903808844507845,0.25915359010936756,0.25915359010936756,0.14835948644793154,0.3333333333333333,0.227275923360139,0.405208936799318,0.632484860159457,0.105,0.06,1.3275000000000001,2187.12,97086.2568,16.284120879120877,2.9915018315018314,2.9874121405750795,13.344957264957264,6,0,3
Pizza,25092,Top Pizza Grill,Full-service,CBD,0.99,38.56,1452,392,15115.52,371,212,477,14305.76,8174.72,18393.12,0.368413513898849,0.490756772225723,0.3,12,3.54,1688.58,2128.71,-2277.05,-1301.17,901.72,0.37,0.35,0.2,0.45,-547.7900000000002,-0.3772658402203858,0.2699724517906336,0.25550964187327824,0.14600550964187328,0.3285123966942149,0.368413513898849,0.490756772225723,0.859170286124572,0.105,0.06,1.593,1437.48,55429.2288,5.416564885496183,-6.121102150537635,-6.108779342723005,1.8864435146443514,6,1,0
Pizza,26346,King Pizza Diner,Ghost Kitchen,South Auckland,1.05,34.82,1559,74,2576.68,520,297,668,18106.4,10341.54,23259.76,0.251541353319772,0.346690253505949,0.32,10,2.95,1970.6,1035.23,1480.53,845.61,7374.44,0.05,0.35,0.2,0.45,10735.81,6.886343810134702,0.04746632456703014,0.3335471456061578,0.19050673508659396,0.428479794740218,0.251541353319772,0.346690253505949,0.598231606825721,0.11199999999999999,0.064,1.3275000000000001,1636.95,56998.59900000001,13.803066666666666,2.841708253358925,2.8376174496644295,11.023079222720478,6,2,2
Pizza,25094,Urban Pizza Tavern,Full-service,CBD,0.99,35.58,1372,457,16260.06,320,183,412,11385.6,6511.14,14658.96,0.392297586519271,0.478353368979879,0.31,11,3.25,1339.0,2103.22,-2056.82,-1176.24,557.12,0.5,0.35,0.2,0.45,-572.7200000000004,-0.4174344023323618,0.33309037900874633,0.23323615160349853,0.13338192419825073,0.30029154518950435,0.392297586519271,0.478353368979879,0.87065095549915,0.1085,0.062,1.4625000000000001,1358.28,48327.6024,4.592183406113537,-6.407538940809969,-6.392608695652174,1.3489588377723971,6,1,0
Pizza,25420,Lucky Pizza Corner,QSR,South Auckland,1.05,38.11,1361,236,8993.96,394,225,506,15015.34,8574.75,19283.66,0.217586544938386,0.420943735772744,0.3,14,4.13,2089.78,3251.04,922.99,527.09,4880.68,0.21,0.35,0.2,0.45,9581.8,7.040264511388684,0.1734019103600294,0.2894930198383542,0.16531961792799413,0.37178545187362233,0.217586544938386,0.420943735772744,0.63853028071113,0.105,0.06,1.8585,1429.05,54461.0955,13.71746835443038,2.3366835443037974,2.332256637168142,9.626587771203157,6,3,2
Pizza,26460,King Pizza Diner,QSR,CBD,0.99,42.77,594,103,4405.31,172,98,221,7356.44,4191.46,9452.17,0.211001245379448,0.424304420920089,0.29,5,1.48,327.08,1606.59,549.48,313.08,3120.07,0.21,0.35,0.2,0.45,5589.219999999999,9.409461279461278,0.17340067340067344,0.2895622895622896,0.164983164983165,0.3720538720538721,0.211001245379448,0.424304420920089,0.635305666299537,0.10149999999999999,0.057999999999999996,0.666,588.06,25151.326199999996,15.44798076923077,3.176184971098266,3.162424242424242,14.05436936936937,6,3,0
Pizza,25772,King Pizza Diner,Full-service,West Auckland,1.04,44.69,1130,381,17026.89,262,150,337,11708.78,6703.5,15060.53,0.354959928162862,0.479285536636598,0.32,16,4.72,1590.64,2822.28,-1806.03,-1033.98,905.71,0.51,0.35,0.2,0.45,887.9800000000002,0.7858230088495577,0.33716814159292036,0.23185840707964606,0.13274336283185842,0.29823008849557525,0.354959928162862,0.479285536636598,0.8342454647994599,0.11199999999999999,0.064,2.124,1175.2,52519.688,7.388167539267016,-6.867034220532319,-6.847549668874172,2.6796153846153845,6,1,3
Pizza,25745,Lucky Pizza House,Cafe,North Shore,1.03,38.54,2039,561,21620.94,517,296,665,19925.18,11407.84,25629.1,0.253008397165686,0.351952241081744,0.32,9,2.66,1768.9,8541.12,1495.17,856.04,8355.6,0.38,0.35,0.2,0.45,19247.93,9.43988719960765,0.27513487003433057,0.2535556645414419,0.14516920058852378,0.32614026483570374,0.253008397165686,0.351952241081744,0.60496063824743,0.11199999999999999,0.064,1.197,2100.17,80940.5518,15.197722419928827,2.8864285714285716,2.882289562289562,12.545945945945947,6,0,1
Pizza,25786,King Pizza Corner,Cafe,South Auckland,1.05,32.3,1390,312,10077.6,377,216,485,12177.1,6976.8,15665.5,0.224799485262483,0.363931142981164,0.3,6,1.77,858.45,4144.61,1354.94,776.3,5584.29,0.29,0.35,0.2,0.45,11860.14,8.532474820143884,0.22446043165467627,0.2712230215827338,0.15539568345323743,0.3489208633093525,0.224799485262483,0.363931142981164,0.5887306282436471,0.105,0.06,0.7965,1459.5,47141.85,13.241565495207666,3.584497354497355,3.5774193548387094,11.490308641975309,6,0,2
Pizza,25962,Urban Pizza Cafe,Cafe,South Auckland,1.05,42.26,869,252,10649.52,216,123,278,9128.16,5197.98,11748.28,0.256736692748964,0.449217923730612,0.28,4,1.18,328.04,3131.44,128.21,73.01,3126.49,0.41,0.35,0.2,0.45,6459.15,7.432853855005753,0.2899884925201381,0.2485615650172612,0.14154200230149594,0.31990794016110474,0.256736692748964,0.449217923730612,0.705954616479576,0.098,0.05600000000000001,0.531,912.45,38560.137,12.377233201581028,0.5908294930875576,0.5887903225806452,11.20605734767025,6,0,2
Pizza,26610,King Pizza Bistro,Cafe,CBD,0.99,42.19,1103,309,13036.71,278,159,357,11728.82,6708.21,15061.83,0.241353793535382,0.448946317541413,0.31,3,0.89,317.73,4037.47,-3.52,-2.01,4346.92,0.39,0.35,0.2,0.45,8378.86,7.596427923844062,0.28014505893019037,0.25203989120580234,0.1441523118766999,0.3236627379873073,0.241353793535382,0.448946317541413,0.690300111076795,0.1085,0.062,0.4005,1091.97,46070.2143,13.024096774193548,-0.012616487455197133,-0.012562499999999999,12.142234636871509,6,0,0
Pizza,26491,Lucky Pizza Bistro,QSR,South Auckland,1.05,42.76,1276,271,11587.96,352,201,452,15051.52,8594.76,19327.52,0.210227783732116,0.438780712056905,0.3,18,5.31,2400.12,4067.28,767.5,438.26,4383.68,0.27,0.35,0.2,0.45,9656.720000000001,7.567962382445142,0.21238244514106583,0.2758620689655173,0.15752351097178685,0.3542319749216301,0.210227783732116,0.438780712056905,0.649008495789021,0.105,0.06,2.3895,1339.8,57289.848,14.953235294117647,2.1742209631728047,2.1696039603960395,9.676997792494483,6,3,2
Pizza,26505,Classic Pizza Cafe,Full-service,South Auckland,1.05,40.96,1414,418,17121.28,349,199,448,14295.04,8151.04,18350.08,0.369314089196268,0.513505963794887,0.27,8,2.36,1057.28,2006.27,-2184.57,-1245.64,1092.98,0.42,0.35,0.2,0.45,-330.96000000000026,-0.23405940594059424,0.2956152758132956,0.24681753889674682,0.14073550212164074,0.31683168316831684,0.369314089196268,0.513505963794887,0.882820052991155,0.0945,0.054000000000000006,1.062,1484.7,60813.312000000005,4.788233890214797,-6.2416285714285715,-6.2282,2.4342538975501116,6,1,2
Pizza,25292,Lucky Pizza Grill,QSR,West Auckland,1.04,34.98,1162,217,7590.66,331,189,425,11578.38,6611.22,14866.5,0.236099762544036,0.438484684517607,0.28,18,5.31,2256.75,2470.12,525.84,300.25,2581.04,0.23,0.35,0.2,0.45,5877.25,5.057874354561101,0.18674698795180722,0.28485370051635106,0.16265060240963855,0.3657487091222031,0.236099762544036,0.438484684517607,0.674584447061643,0.098,0.05600000000000001,2.3895,1208.48,42272.6304,11.330825688073395,1.583855421686747,1.5802631578947368,6.058779342723005,6,3,3
Pizza,25186,King Pizza Bistro,Cafe,North Shore,1.03,44.93,1146,250,11232.5,314,179,403,14108.02,8042.47,18106.79,0.21141081430018,0.359518893412314,0.33,9,2.66,1071.98,4819.53,1397.69,796.77,6697.11,0.28,0.35,0.2,0.45,13711.099999999999,11.964310645724257,0.2181500872600349,0.27399650959860383,0.156195462478185,0.3516579406631763,0.21141081430018,0.359518893412314,0.570929707712494,0.11549999999999999,0.066,1.197,1180.38,53034.4734,19.201314741035855,4.437111111111111,4.4265,16.57700495049505,6,0,1
Pizza,26114,King Pizza Eatery,Cafe,South Auckland,1.05,40.25,942,228,9177.0,250,143,321,10062.5,5755.75,12920.25,0.275714058354497,0.384198272461072,0.32,11,3.25,1043.25,3120.98,202.13,115.62,3350.77,0.32,0.35,0.2,0.45,6789.5,7.207537154989384,0.24203821656050956,0.2653927813163482,0.15180467091295116,0.34076433121019106,0.275714058354497,0.384198272461072,0.659912330815569,0.11199999999999999,0.064,1.4625000000000001,989.1,39811.275,13.62873362445415,0.8052988047808765,0.8029166666666667,10.40611801242236,6,0,2
Pizza,25876,Classic Pizza Diner,Full-service,West Auckland,1.04,40.51,1837,612,24792.12,429,245,551,17378.79,9924.95,22321.01,0.376616796280723,0.496469203196466,0.28,9,2.66,1465.66,3146.47,-2660.45,-1519.37,1367.19,0.5,0.35,0.2,0.45,333.84000000000015,0.1817310832879696,0.3331518780620577,0.23353293413173656,0.13336962438758848,0.29994556341861733,0.376616796280723,0.496469203196466,0.8730859994771889,0.098,0.05600000000000001,1.197,1910.48,77393.5448,5.132903752039152,-6.187093023255813,-6.17630081300813,2.47679347826087,6,1,3
Pizza,25390,Classic Pizza Diner,QSR,West Auckland,1.04,34.08,958,209,7122.72,262,150,337,8928.96,5112.0,11484.96,0.251370042897761,0.351589107490145,0.31,13,3.84,1294.08,2828.01,777.18,444.95,3265.92,0.28,0.35,0.2,0.45,7316.0599999999995,7.636805845511482,0.21816283924843424,0.27348643006263046,0.15657620041753653,0.3517745302713987,0.251370042897761,0.351589107490145,0.6029591503879059,0.1085,0.062,1.728,996.32,33954.5856,13.466714285714287,2.9550570342205322,2.946688741721854,9.662485207100591,6,3,3
Pizza,25244,Urban Pizza Cafe,Full-service,North Shore,1.03,35.17,761,221,7772.57,189,108,243,6647.13,3798.36,8546.31,0.38773919926025,0.496896873624064,0.28,9,2.66,646.38,896.67,-1094.36,-625.35,339.56,0.41,0.35,0.2,0.45,-483.47999999999996,-0.6353219448094611,0.29040735873850193,0.24835742444152428,0.1419185282522996,0.3193166885676741,0.38773919926025,0.496896873624064,0.884636072884314,0.098,0.05600000000000001,1.197,783.83,27567.301100000004,4.039054054054054,-5.75978947368421,-5.737155963302753,1.3916393442622952,6,1,1
Pizza,26149,Classic Pizza Bistro,Cafe,West Auckland,1.04,39.35,1881,575,22626.25,457,261,588,17982.95,10270.35,23137.8,0.249205620121211,0.392973104561679,0.32,13,3.84,2257.92,8096.15,680.14,388.44,6021.28,0.44,0.35,0.2,0.45,15186.009999999998,8.073370547581073,0.30568846358320045,0.24295587453482195,0.13875598086124405,0.31259968102073366,0.249205620121211,0.392973104561679,0.6421787246828901,0.11199999999999999,0.064,1.728,1956.24,76978.044,14.055815972222222,1.4850218340611354,1.4825954198473283,10.222886247877758,6,0,3
Pizza,25448,Urban Pizza Tavern,QSR,West Auckland,1.04,44.34,754,160,7094.4,208,119,267,9222.72,5276.46,11838.78,0.203992223143578,0.406685894890688,0.28,4,1.18,315.06,2762.01,1008.25,576.83,4294.04,0.27,0.35,0.2,0.45,8641.130000000001,11.460384615384617,0.21220159151193632,0.27586206896551724,0.15782493368700265,0.3541114058355438,0.203992223143578,0.406685894890688,0.610678118034266,0.098,0.05600000000000001,0.531,784.1600000000001,34769.6544,17.155341614906835,4.824162679425838,4.806916666666667,16.022537313432835,6,3,3
Pizza,25032,Urban Pizza House,Ghost Kitchen,South Auckland,1.05,41.06,949,45,1847.7,316,181,407,12974.96,7431.86,16711.42,0.282779273379128,0.280021977855358,0.32,12,3.54,1440.78,807.81,1520.65,871.0,5865.43,0.05,0.35,0.2,0.45,9064.89,9.55204425711275,0.04741833508956796,0.33298208640674387,0.19072708113804002,0.428872497365648,0.282779273379128,0.280021977855358,0.562801251234486,0.11199999999999999,0.064,1.593,996.45,40914.237,17.561086956521738,4.797003154574133,4.785714285714286,14.376053921568628,6,2,2
Pizza,25045,King Pizza Diner,QSR,South Auckland,1.05,46.66,1516,322,15024.52,418,239,537,19503.88,11151.74,25056.42,0.210184778869152,0.444766892120242,0.32,8,2.36,1267.32,5184.19,488.54,279.33,7378.36,0.27,0.35,0.2,0.45,13330.419999999998,8.79315303430079,0.212401055408971,0.2757255936675462,0.15765171503957784,0.354221635883905,0.210184778869152,0.444766892120242,0.654951670989394,0.11199999999999999,0.064,1.062,1591.8,74273.388,16.050123839009288,1.1659665871121718,1.163875,13.714423791821561,6,3,2
Pizza,26259,Classic Pizza House,Ghost Kitchen,South Auckland,1.05,45.51,551,36,1638.36,180,103,232,8191.8,4687.53,10558.32,0.264104922662955,0.221715733525343,0.28,10,2.95,684.4,842.41,1918.35,1097.72,4744.47,0.07,0.35,0.2,0.45,8602.95,15.61333938294011,0.06533575317604355,0.3266787658802178,0.1869328493647913,0.4210526315789474,0.264104922662955,0.221715733525343,0.48582065618829795,0.098,0.05600000000000001,1.3275000000000001,578.5500000000001,26329.8105,22.76783783783784,10.598618784530386,10.555,20.362532188841204,6,2,2
Pizza,25411,Top Pizza Cafe,QSR,CBD,0.99,33.7,921,190,6403.0,256,146,329,8627.2,4920.2,11087.3,0.213650381229818,0.382427730807103,0.32,14,4.13,1358.77,2586.31,724.01,412.91,3119.63,0.26,0.35,0.2,0.45,6842.86,7.429815418023887,0.20629750271444083,0.2779587404994571,0.15852334419109662,0.3572204125950054,0.213650381229818,0.382427730807103,0.596078112036921,0.11199999999999999,0.064,1.8585,911.79,30727.323,13.540890052356021,2.81715953307393,2.8089115646258507,9.453424242424243,6,3,0
Pizza,25156,Urban Pizza Corner,Cafe,CBD,0.99,31.97,796,219,7001.43,202,115,260,6457.94,3676.55,8312.2,0.26826592143625,0.427995915315114,0.31,10,2.95,767.0,2126.6,-40.44,-23.02,1757.73,0.38,0.35,0.2,0.45,3820.87,4.800087939698492,0.2751256281407035,0.2537688442211055,0.14447236180904524,0.32663316582914576,0.26826592143625,0.427995915315114,0.696261836751364,0.1085,0.062,1.3275000000000001,788.04,25193.638799999997,9.666363636363636,-0.19921182266009851,-0.19844827586206895,6.734597701149426,6,0,0
Pizza,25521,Urban Pizza Bistro,QSR,South Auckland,1.05,39.54,1492,278,10992.12,425,243,546,16804.5,9608.22,21588.84,0.207473446819931,0.400803267979063,0.33,5,1.48,808.08,4305.87,1037.23,593.05,7648.77,0.23,0.35,0.2,0.45,13584.920000000002,9.105174262734586,0.18632707774798926,0.28485254691689005,0.16286863270777477,0.3659517426273458,0.207473446819931,0.400803267979063,0.608276714798994,0.11549999999999999,0.066,0.666,1566.6000000000001,61943.36400000001,15.433225806451613,2.43481220657277,2.4305327868852458,13.983126142595978,6,3,2
Pizza,26007,Classic Pizza Tavern,Full-service,North Shore,1.03,34.82,2201,672,23399.04,535,306,688,18628.7,10654.92,23956.16,0.353792431158945,0.525969896628521,0.31,18,5.31,3653.28,2813.45,-3535.03,-2021.9,-772.85,0.44,0.35,0.2,0.45,-3516.3300000000004,-1.597605633802817,0.30531576556110857,0.24307133121308494,0.13902771467514766,0.31258518855065875,0.353792431158945,0.525969896628521,0.879762327787466,0.1085,0.062,2.3895,2267.03,78937.98460000001,4.180460624071322,-6.595205223880598,-6.58599348534202,-1.1216981132075472,6,1,1
Pizza,26061,Lucky Pizza Cafe,Full-service,North Shore,1.03,44.18,614,172,7598.96,155,88,199,6847.9,3887.84,8791.82,0.355922215222381,0.542598887695931,0.32,11,3.25,646.75,771.13,-1496.41,-849.58,245.43,0.39,0.35,0.2,0.45,-1329.43,-2.165195439739414,0.28013029315960913,0.252442996742671,0.14332247557003258,0.3241042345276873,0.355922215222381,0.542598887695931,0.898521102918312,0.11199999999999999,0.064,1.4625000000000001,632.4200000000001,27940.3156,4.457398843930636,-9.592371794871795,-9.545842696629213,1.22715,6,1,1
Pizza,25052,Top Pizza Corner,Cafe,North Shore,1.03,38.47,1560,350,13464.5,424,242,544,16311.28,9309.74,20927.68,0.262573087029159,0.402647344418801,0.28,18,5.31,2888.64,4507.64,893.52,509.98,4117.52,0.29,0.35,0.2,0.45,10028.66,6.428628205128205,0.22435897435897437,0.27179487179487183,0.15512820512820513,0.34871794871794876,0.262573087029159,0.402647344418801,0.66522043144796,0.098,0.05600000000000001,2.3895,1606.8,61813.596,12.842279202279203,2.1024,2.0986831275720164,7.55508256880734,6,0,1
Pizza,25134,Classic Pizza Diner,Full-service,CBD,0.99,36.51,789,229,8360.79,196,112,252,7155.96,4089.12,9200.52,0.388490514829755,0.496481690066867,0.29,13,3.84,967.68,961.72,-1252.09,-715.48,90.64,0.41,0.35,0.2,0.45,-915.2099999999999,-1.1599619771863117,0.2902408111533587,0.24841571609632446,0.14195183776932827,0.3193916349809886,0.388490514829755,0.496481690066867,0.884972204896622,0.10149999999999999,0.057999999999999996,1.728,781.11,28518.3261,4.181391304347827,-6.355786802030456,-6.331681415929204,0.3582608695652174,6,1,0
Pizza,25500,Classic Pizza House,Full-service,North Shore,1.03,40.3,655,206,8301.8,157,90,202,6327.1,3627.0,8140.6,0.389053661760408,0.484122679312713,0.32,17,5.02,1014.04,1052.86,-1222.25,-700.65,18.38,0.46,0.35,0.2,0.45,-851.6600000000001,-1.3002442748091605,0.3145038167938931,0.23969465648854962,0.13740458015267176,0.30839694656488553,0.389053661760408,0.484122679312713,0.873176341073121,0.11199999999999999,0.064,2.259,674.65,27188.395,5.086280193236714,-7.735759493670886,-7.69945054945055,0.09054187192118227,6,1,1
Pizza,25002,Top Pizza Bistro,Full-service,South Auckland,1.05,44.02,1092,317,13954.34,271,155,349,11929.42,6823.1,15362.98,0.38263408173807,0.492995391390286,0.32,13,3.84,1340.16,1735.51,-2333.75,-1334.8,570.54,0.41,0.35,0.2,0.45,-1362.5,-1.2477106227106227,0.2902930402930403,0.24816849816849818,0.14194139194139196,0.3195970695970696,0.38263408173807,0.492995391390286,0.875629473128356,0.11199999999999999,0.064,1.728,1146.6000000000001,50473.331999999995,5.457578616352201,-8.579963235294118,-8.556410256410256,1.6301142857142856,6,1,2
Pizza,25137,Classic Pizza Diner,Full-service,CBD,0.99,36.9,1554,474,17490.6,378,216,486,13948.2,7970.4,17933.4,0.396293201216031,0.549098631180823,0.31,9,2.66,1292.76,955.13,-3562.26,-2035.58,-313.45,0.44,0.35,0.2,0.45,-4956.16,-3.1892921492921493,0.305019305019305,0.24324324324324326,0.138996138996139,0.3127413127413128,0.396293201216031,0.549098631180823,0.945391832396854,0.1085,0.062,1.197,1538.46,56769.174,2.0108,-9.39910290237467,-9.380552995391705,-0.6436344969199178,6,1,0
Pizza,25569,King Pizza House,Cafe,West Auckland,1.04,40.68,1638,378,15377.04,441,252,567,17939.88,10251.36,23065.56,0.254423635620624,0.409830391569994,0.29,9,2.66,1508.22,5162.78,820.68,468.96,6235.95,0.3,0.35,0.2,0.45,12688.369999999999,7.746257631257631,0.23076923076923078,0.2692307692307693,0.15384615384615385,0.3461538461538462,0.254423635620624,0.409830391569994,0.664254027190618,0.10149999999999999,0.057999999999999996,1.197,1703.52,69299.1936,13.622110817941952,1.8567420814479636,1.853596837944664,10.978785211267605,6,0,3
Pizza,26190,Top Pizza Eatery,Cafe,North Shore,1.03,41.48,633,153,6346.44,168,96,216,6968.64,3982.08,8959.68,0.27351445902139,0.38731206075754,0.29,6,1.77,382.32,2152.54,342.67,195.81,2656.57,0.32,0.35,0.2,0.45,5347.59,8.448009478672986,0.24170616113744073,0.26540284360189575,0.15165876777251183,0.3412322274881517,0.27351445902139,0.38731206075754,0.66082651977893,0.10149999999999999,0.057999999999999996,0.7965,651.99,27044.5452,13.977532467532468,2.0276331360946744,2.018659793814433,12.242258064516129,6,0,1
Pizza,25059,Urban Pizza Eatery,Ghost Kitchen,North Shore,1.03,45.97,664,19,873.43,226,129,290,10389.22,5930.13,13331.3,0.298367746442091,0.202721908153035,0.28,4,1.18,342.2,435.76,2274.31,1298.17,6308.92,0.03,0.35,0.2,0.45,10317.16,15.53789156626506,0.0286144578313253,0.34036144578313254,0.19427710843373497,0.4367469879518072,0.298367746442091,0.202721908153035,0.501089654595126,0.098,0.05600000000000001,0.531,683.9200000000001,31439.8024,21.788,10.018986784140969,9.985923076923077,21.680137457044673,6,2,1
Pizza,26354,King Pizza Diner,QSR,CBD,0.99,33.25,1797,359,11936.75,503,288,647,16724.75,9576.0,21512.75,0.264598916620016,0.418979843868874,0.29,12,3.54,2290.38,3777.04,441.89,253.01,4516.71,0.25,0.35,0.2,0.45,8988.650000000001,5.002031163049528,0.19977740678909292,0.27991096271563715,0.16026711185308848,0.3600445186421814,0.264598916620016,0.418979843868874,0.68357876048889,0.10149999999999999,0.057999999999999996,1.593,1779.03,59152.7475,10.491777777777777,0.8767658730158729,0.8754671280276817,6.970231481481481,6,3,0
Pizza,25021,Top Pizza Corner,Ghost Kitchen,West Auckland,1.04,44.06,1311,108,4758.48,421,241,541,18549.26,10618.46,23836.46,0.277915946999565,0.264987401163671,0.3,13,3.84,2077.44,2175.09,2914.03,1668.12,8818.13,0.09,0.35,0.2,0.45,15575.369999999999,11.880526315789472,0.08237986270022883,0.32112890922959575,0.18382913806254766,0.41266209000762777,0.277915946999565,0.264987401163671,0.5429033481632359,0.105,0.06,1.728,1363.44,60073.166399999995,19.954954128440367,6.905284360189574,6.893057851239669,16.269612546125458,6,2,3
Pizza,25089,King Pizza House,Ghost Kitchen,North Shore,1.03,38.54,1361,112,4316.48,437,250,562,16841.98,9635.0,21659.48,0.256606098311022,0.271410880971234,0.32,10,2.95,1657.9,2037.31,2559.69,1464.36,8565.01,0.09,0.35,0.2,0.45,14626.369999999999,10.746781778104335,0.08229243203526818,0.32108743570903747,0.1836884643644379,0.4129316678912564,0.256606098311022,0.271410880971234,0.528016979282256,0.11199999999999999,0.064,1.3275000000000001,1401.83,54026.5282,18.029292035398228,5.844041095890411,5.83410358565737,15.21316163410302,6,2,1
Pizza,25818,Classic Pizza Grill,QSR,West Auckland,1.04,33.74,638,147,4959.78,172,98,221,5803.28,3306.52,7456.54,0.219004604425281,0.355166189209558,0.31,4,1.18,260.78,2112.02,672.19,382.99,2914.43,0.3,0.35,0.2,0.45,6081.629999999999,9.532335423197491,0.2304075235109718,0.26959247648902823,0.1536050156739812,0.34639498432601884,0.219004604425281,0.355166189209558,0.574170793634839,0.1085,0.062,0.531,663.52,22387.1648,14.270405405405405,3.8854913294797693,3.868585858585859,13.128063063063061,6,3,3
Pizza,25022,Lucky Pizza Diner,Full-service,West Auckland,1.04,46.04,1706,512,23572.48,418,239,537,19244.72,11003.56,24723.48,0.375633057544474,0.536289412644692,0.31,15,4.43,2378.91,2076.21,-4270.84,-2441.94,-201.33,0.43,0.35,0.2,0.45,-4837.9,-2.835814771395076,0.3001172332942556,0.24501758499413837,0.14009378663540448,0.31477139507620167,0.375633057544474,0.536289412644692,0.911922470189166,0.1085,0.062,1.9934999999999998,1774.24,81686.00959999999,4.04719298245614,-10.192935560859189,-10.17475,-0.37421933085501863,6,1,3
Pizza,25590,Lucky Pizza Bistro,Cafe,CBD,0.99,35.03,1115,237,8302.11,307,176,395,10754.21,6165.28,13836.85,0.213621605206281,0.41267359952908,0.32,8,2.36,932.2,3102.54,577.55,331.11,4238.7,0.27,0.35,0.2,0.45,8249.9,7.399013452914798,0.21255605381165923,0.27533632286995513,0.157847533632287,0.3542600896860987,0.213621605206281,0.41267359952908,0.626295204735361,0.11199999999999999,0.064,1.062,1103.85,38667.8655,13.035882352941176,1.8751623376623374,1.870677966101695,10.703787878787878,6,0,0
Pizza,25309,Lucky Pizza Kitchen,Cafe,CBD,0.99,32.37,950,230,7445.1,252,144,324,8157.24,4661.28,10487.88,0.239426184501499,0.350427772384137,0.28,7,2.07,670.68,3053.58,1061.63,606.65,3630.88,0.32,0.35,0.2,0.45,8352.74,8.792357894736842,0.24210526315789474,0.2652631578947368,0.15157894736842104,0.34105263157894733,0.239426184501499,0.350427772384137,0.589853956885636,0.098,0.05600000000000001,0.9315,940.5,30443.985,13.218961038961039,4.196166007905139,4.183793103448275,11.171938461538462,6,0,0
Pizza,25066,Lucky Pizza Tavern,Cafe,West Auckland,1.04,31.86,684,181,5766.66,176,101,226,5607.36,3217.86,7200.36,0.201453050412238,0.406799666606821,0.3,7,2.07,467.82,2259.07,514.46,295.23,2352.9,0.36,0.35,0.2,0.45,5421.66,7.92640350877193,0.26461988304093564,0.2573099415204678,0.1476608187134503,0.33040935672514615,0.201453050412238,0.406799666606821,0.608252717019059,0.105,0.06,0.9315,711.36,22663.929600000003,12.412472527472529,2.9065536723163845,2.8944117647058825,10.365198237885464,6,0,3
Pizza,26632,King Pizza Corner,Cafe,South Auckland,1.05,33.51,1650,504,16889.04,401,229,516,13437.51,7673.79,17291.16,0.265817190427333,0.389184284466319,0.28,5,1.48,763.68,5826.69,873.42,498.79,5201.74,0.44,0.35,0.2,0.45,12400.64,7.5155393939393935,0.3054545454545455,0.24303030303030304,0.1387878787878788,0.31272727272727274,0.265817190427333,0.389184284466319,0.6550014748936519,0.098,0.05600000000000001,0.666,1732.5,58056.075000000004,11.537999999999998,2.172686567164179,2.1686521739130438,10.061392649903288,6,0,2
Pizza,26566,Top Pizza Cafe,QSR,CBD,0.99,30.47,791,173,5271.31,216,124,278,6581.52,3778.28,8470.66,0.22002185055986,0.377670614188537,0.3,6,1.77,492.06,2120.69,673.34,386.55,2915.75,0.28,0.35,0.2,0.45,6096.33,7.707117572692794,0.2187104930467762,0.27307206068268014,0.15676359039190896,0.3514538558786346,0.22002185055986,0.377670614188537,0.597692464748397,0.105,0.06,0.7965,783.09,23860.752300000004,12.18787356321839,3.1029493087557607,3.0924,10.450716845878135,6,3,0
Pizza,25542,Lucky Pizza Cafe,QSR,CBD,0.99,33.2,1461,292,9694.4,409,234,526,13578.8,7768.8,17463.2,0.219637143891305,0.350006533670239,0.29,5,1.48,778.48,4172.05,1905.87,1090.4,6736.92,0.25,0.35,0.2,0.45,13905.24,9.517618069815194,0.1998631074606434,0.2799452429842574,0.16016427104722794,0.36002737850787137,0.219637143891305,0.350006533670239,0.569643677561544,0.10149999999999999,0.057999999999999996,0.666,1446.39,48020.147999999994,14.239078498293516,4.648463414634146,4.640000000000001,12.783529411764706,6,3,0
Pizza,26607,Classic Pizza Cafe,Ghost Kitchen,West Auckland,1.04,43.15,759,49,2114.35,248,142,320,10701.2,6127.3,13808.0,0.271425134467427,0.310912664898206,0.28,10,2.95,944.0,883.08,1473.15,843.5,4823.08,0.07,0.35,0.2,0.45,8022.8099999999995,10.570237154150197,0.06455862977602107,0.32674571805006586,0.18708827404479578,0.42160737812911725,0.271425134467427,0.310912664898206,0.582337799365633,0.098,0.05600000000000001,1.3275000000000001,789.36,34060.884000000005,17.6616,5.916265060240964,5.898601398601398,15.025171339563864,6,2,3
Pizza,25394,Lucky Pizza Eatery,Full-service,West Auckland,1.04,32.33,691,182,5884.06,178,102,229,5754.74,3297.66,7403.57,0.365765922877472,0.462057028990239,0.31,10,2.95,675.55,1013.1,-793.14,-454.49,599.17,0.36,0.35,0.2,0.45,364.64,0.527698986975398,0.2633863965267728,0.2575976845151954,0.1476121562952243,0.3314037626628075,0.365765922877472,0.462057028990239,0.8278229518677109,0.1085,0.062,1.3275000000000001,718.64,23233.6312,5.536065573770492,-4.430949720670391,-4.41252427184466,2.605086956521739,6,1,3
Pizza,26003,King Pizza Cafe,QSR,West Auckland,1.04,45.3,1799,348,15764.4,508,290,653,23012.4,13137.0,29580.9,0.249556164797395,0.367794939898886,0.29,10,2.95,1926.35,6032.23,2132.07,1217.13,9392.75,0.24,0.35,0.2,0.45,18774.18,10.435897720956087,0.19344080044469147,0.28237909949972206,0.1612006670372429,0.3629794330183435,0.249556164797395,0.367794939898886,0.617351104696281,0.10149999999999999,0.057999999999999996,1.3275000000000001,1870.96,84754.48800000001,17.28432664756447,4.188742632612967,4.1825773195876295,14.362003058103976,6,3,3
Pizza,26166,Classic Pizza Grill,QSR,West Auckland,1.04,39.37,807,156,6141.72,228,130,293,8976.36,5118.1,11535.41,0.216596500258893,0.412169995065779,0.32,6,1.77,518.61,2280.01,459.89,262.22,3763.72,0.24,0.35,0.2,0.45,6765.84,8.383940520446098,0.19330855018587362,0.2825278810408922,0.161090458488228,0.36307311028500616,0.216596500258893,0.412169995065779,0.628766495324672,0.11199999999999999,0.064,0.7965,839.28,33042.4536,14.52235668789809,2.0082532751091704,2.001679389312977,12.801768707482992,6,3,3
Pizza,25803,Classic Pizza Tavern,QSR,North Shore,1.03,41.53,983,203,8430.59,273,156,351,11337.69,6478.68,14577.03,0.252052213139832,0.397934240568429,0.31,3,0.89,312.39,2950.82,453.66,259.23,4789.77,0.26,0.35,0.2,0.45,8453.48,8.59967446592065,0.20651068158697866,0.2777212614445575,0.1586978636826043,0.35707019328585965,0.252052213139832,0.397934240568429,0.649986453708261,0.1085,0.062,0.4005,1012.49,42048.7097,14.464803921568627,1.6556934306569344,1.6511464968152867,13.607301136363638,6,3,1
Pizza,26358,Classic Pizza Cafe,Full-service,North Shore,1.03,31.46,1389,431,13559.26,335,192,431,10539.1,6040.32,13559.26,0.352690543734934,0.524665215029381,0.32,7,2.07,892.17,1662.97,-2079.95,-1192.09,770.8,0.45,0.35,0.2,0.45,-838.2699999999998,-0.603506119510439,0.3102951763858891,0.2411807055435565,0.1382289416846652,0.3102951763858891,0.352690543734934,0.524665215029381,0.877355758764315,0.11199999999999999,0.064,0.9315,1430.67,45008.87820000001,3.8494675925925925,-6.190327380952381,-6.176632124352331,1.7842592592592592,6,1,1
Pizza,25117,Classic Pizza Grill,Cafe,CBD,0.99,43.23,1519,441,19064.43,377,216,485,16297.71,9337.68,20966.55,0.263646086733788,0.417766972747631,0.3,16,4.72,2289.2,6073.68,302.92,173.56,4390.47,0.41,0.35,0.2,0.45,10940.630000000001,7.202521395655037,0.2903225806451613,0.24818959842001317,0.14219881500987494,0.31928900592495063,0.263646086733788,0.417766972747631,0.681413059481419,0.105,0.06,2.124,1503.81,65009.7063,13.741357466063349,0.8013756613756614,0.799815668202765,9.033888888888889,6,0,0
Pizza,26372,Urban Pizza House,QSR,South Auckland,1.05,31.92,1973,431,13757.52,540,308,694,17236.8,9831.36,22152.48,0.275863948911428,0.423654155386612,0.31,8,2.36,1637.84,4133.89,-164.06,-93.58,5018.58,0.28,0.35,0.2,0.45,8894.83,4.508276735935124,0.21844906234161177,0.2736948808920425,0.15610745058286873,0.3517486061834769,0.275863948911428,0.423654155386612,0.6995181042980401,0.1085,0.062,1.062,2071.65,66127.068,9.569189814814816,-0.3032532347504621,-0.30284789644012944,7.220978417266187,6,3,2
Pizza,26009,Classic Pizza Diner,QSR,North Shore,1.03,31.87,1652,330,10517.1,463,264,595,14755.81,8413.68,18962.65,0.217166916113347,0.448875435185619,0.29,5,1.48,880.6,3512.27,648.63,369.85,5452.12,0.25,0.35,0.2,0.45,9982.869999999999,6.042899515738498,0.19975786924939468,0.28026634382566584,0.15980629539951574,0.36016949152542377,0.217166916113347,0.448875435185619,0.666042351298966,0.10149999999999999,0.057999999999999996,0.666,1701.56,54228.7172,10.611087613293051,1.3979094827586207,1.3956603773584906,9.147852348993288,6,3,1
Pizza,25809,Classic Pizza Cafe,Full-service,West Auckland,1.04,42.7,999,285,12169.5,250,143,321,10675.0,6106.1,13706.7,0.383385897008702,0.492068280372769,0.28,4,1.18,378.78,1515.66,-1659.47,-949.22,1328.33,0.4,0.35,0.2,0.45,235.29999999999995,0.2355355355355355,0.28528528528528524,0.2502502502502502,0.14314314314314314,0.3213213213213213,0.383385897008702,0.492068280372769,0.875454177381471,0.098,0.05600000000000001,0.531,1038.96,44363.592000000004,5.29951048951049,-6.611434262948207,-6.591805555555556,4.125248447204969,6,1,3
Pizza,25754,Lucky Pizza Kitchen,QSR,South Auckland,1.05,46.67,1006,232,10827.44,271,155,348,12647.57,7233.85,16241.16,0.246417472716421,0.420369215472601,0.27,10,2.95,1026.6,3607.85,799.49,457.28,4385.17,0.3,0.35,0.2,0.45,9249.79,9.194622266401591,0.23061630218687873,0.26938369781312127,0.1540755467196819,0.34592445328031807,0.246417472716421,0.420369215472601,0.666786688189022,0.0945,0.054000000000000006,1.3275000000000001,1056.3,49297.52100000001,15.484334763948498,2.9393014705882354,2.931282051282051,12.564957020057307,6,3,2
Pizza,25769,Lucky Pizza Bistro,Full-service,West Auckland,1.04,35.07,1328,437,15325.59,312,178,401,10941.84,6242.46,14063.07,0.371737948677037,0.460590566694736,0.29,6,1.77,709.77,2569.66,-1338.5,-763.63,1648.21,0.49,0.35,0.2,0.45,2115.74,1.5931777108433733,0.32906626506024095,0.23493975903614459,0.13403614457831325,0.3019578313253012,0.371737948677037,0.460590566694736,0.832328515371773,0.10149999999999999,0.057999999999999996,0.7965,1381.1200000000001,48435.8784,5.866803652968036,-4.276357827476039,-4.26608938547486,4.100024875621891,6,1,3
Pizza,25407,King Pizza Kitchen,Full-service,South Auckland,1.05,33.45,638,207,6924.15,151,86,194,5050.95,2876.7,6489.3,0.371235732606147,0.526855571987107,0.27,15,4.43,859.42,705.63,-849.02,-483.55,-198.1,0.48,0.35,0.2,0.45,-825.0400000000001,-1.293166144200627,0.32445141065830724,0.23667711598746083,0.13479623824451412,0.3040752351097179,0.371235732606147,0.526855571987107,0.8980913045932539,0.0945,0.054000000000000006,1.9934999999999998,669.9,22408.155,3.3924519230769232,-5.585657894736842,-5.558045977011495,-1.015897435897436,6,1,2
Pizza,25163,King Pizza Grill,Full-service,CBD,0.99,32.14,1958,518,16648.52,504,288,648,16198.56,9256.32,20826.72,0.383340088708792,0.498660931340419,0.27,12,3.54,2293.92,1964.51,-2462.2,-1406.97,163.61,0.36,0.35,0.2,0.45,-1741.0499999999997,-0.8891981613891725,0.26455566905005107,0.2574055158324821,0.1470888661899898,0.33094994892747703,0.383340088708792,0.498660931340419,0.882001020049211,0.0945,0.054000000000000006,1.593,1938.42,62300.8188,3.785183044315992,-4.8756435643564355,-4.86840830449827,0.25209553158705705,6,1,0
Pizza,25570,Top Pizza Eatery,Ghost Kitchen,South Auckland,1.05,40.57,1674,138,5598.66,538,307,691,21826.66,12454.99,28033.87,0.250997439259663,0.303737456654198,0.28,7,2.07,1430.37,2492.89,3607.19,2058.38,11052.13,0.09,0.35,0.2,0.45,19210.59,11.475860215053764,0.08243727598566308,0.3213859020310634,0.1833930704898447,0.41278375149342894,0.250997439259663,0.303737456654198,0.5547348959138609,0.098,0.05600000000000001,0.9315,1757.7,71309.889,17.934460431654674,6.692374768089054,6.683051948051949,15.971286127167629,6,2,2
Pizza,25207,King Pizza Cafe,Cafe,South Auckland,1.05,42.25,1507,365,15421.25,400,228,514,16900.0,9633.0,21716.5,0.212588602863252,0.365123184677213,0.28,12,3.54,1819.56,6512.21,2404.67,1370.66,7351.06,0.32,0.35,0.2,0.45,17638.600000000002,11.70444591904446,0.24220305242203052,0.26542800265428,0.1512939615129396,0.3410749834107498,0.212588602863252,0.365123184677213,0.577711787540465,0.098,0.05600000000000001,1.593,1582.3500000000001,66854.2875,17.79292349726776,5.996683291770574,5.9854148471615725,14.27390291262136,6,0,2
Pizza,26542,Classic Pizza Kitchen,Full-service,South Auckland,1.05,35.4,758,216,7646.4,190,108,244,6726.0,3823.2,8637.6,0.379709643160459,0.538602243224159,0.32,16,4.72,1151.68,624.62,-1602.89,-911.11,-446.09,0.4,0.35,0.2,0.45,-2335.4700000000003,-3.081094986807388,0.2849604221635884,0.2506596306068602,0.1424802110817942,0.3218997361477573,0.379709643160459,0.538602243224159,0.918311886384618,0.11199999999999999,0.064,2.124,795.9,28174.859999999997,2.8784331797235025,-8.392094240837697,-8.358807339449541,-1.8207755102040815,6,1,2
Pizza,25613,Top Pizza Kitchen,QSR,West Auckland,1.04,35.79,601,127,4545.33,166,95,213,5941.14,3400.05,7623.27,0.273536871895194,0.379405077779666,0.29,3,0.89,189.57,1577.49,338.99,194.0,2456.15,0.27,0.35,0.2,0.45,4566.63,7.598386023294509,0.21131447587354407,0.2762063227953411,0.15806988352745424,0.3544093178036606,0.273536871895194,0.379405077779666,0.65294194967486,0.10149999999999999,0.057999999999999996,0.4005,625.0400000000001,22370.1816,12.324140625,2.029880239520958,2.0208333333333335,11.47733644859813,6,3,3
Pizza,25965,Urban Pizza Kitchen,Ghost Kitchen,CBD,0.99,37.35,1243,113,4220.55,396,226,508,14790.6,8441.1,18973.8,0.261534472100902,0.329363200906664,0.29,16,4.72,2397.76,1726.64,1761.59,1005.35,5364.47,0.1,0.35,0.2,0.45,9858.05,7.93085277554304,0.09090909090909091,0.3185840707964602,0.18181818181818182,0.40868865647626706,0.261534472100902,0.329363200906664,0.590897673007566,0.10149999999999999,0.057999999999999996,2.124,1230.57,45961.7895,15.145964912280702,4.437254408060453,4.4288546255506605,10.539233791748527,6,2,0
Pizza,25251,Top Pizza Tavern,QSR,West Auckland,1.04,39.53,850,196,7747.88,229,131,294,9052.37,5178.43,11621.82,0.210827452465892,0.443278017593548,0.28,16,4.72,1387.68,2679.95,596.5,341.23,2632.24,0.3,0.35,0.2,0.45,6249.92,7.35284705882353,0.23058823529411765,0.26941176470588235,0.15411764705882353,0.3458823529411765,0.210827452465892,0.443278017593548,0.65410547005944,0.098,0.05600000000000001,2.124,884.0,34944.520000000004,13.603807106598984,2.5934782608695652,2.585075757575758,8.922847457627118,6,3,3
Pizza,26019,Top Pizza House,Cafe,CBD,0.99,33.37,1573,473,15784.01,385,220,495,12847.45,7341.4,16518.15,0.205387951526791,0.375505004567094,0.32,4,1.18,584.1,6615.19,1273.27,727.58,6338.77,0.43,0.35,0.2,0.45,14954.81,9.507190082644629,0.3006993006993007,0.24475524475524477,0.13986013986013984,0.3146853146853147,0.205387951526791,0.375505004567094,0.580892956093885,0.11199999999999999,0.064,0.531,1557.27,51966.0999,13.956097046413502,3.298626943005181,3.292217194570136,12.779778225806453,6,0,0
Pizza,26305,Classic Pizza Eatery,Full-service,West Auckland,1.04,42.95,1726,560,24052.0,408,233,525,17523.6,10007.35,22548.75,0.360291346011218,0.463856639107689,0.29,8,2.36,1239.0,4229.59,-2000.28,-1142.32,2726.24,0.48,0.35,0.2,0.45,3813.2300000000005,2.2092873696407884,0.32444959443800697,0.23638470451911933,0.13499420625724218,0.30417149478563155,0.360291346011218,0.463856639107689,0.824147985118907,0.10149999999999999,0.057999999999999996,1.062,1795.04,77096.968,7.539376114081997,-4.8906601466992665,-4.881709401709402,5.18296577946768,6,1,3
Pizza,25173,Urban Pizza Kitchen,Full-service,South Auckland,1.05,46.48,1243,414,19242.72,290,166,373,13479.2,7715.68,17337.04,0.374779671861324,0.510911426413804,0.31,11,3.25,1212.25,2199.61,-2637.76,-1509.89,769.53,0.5,0.35,0.2,0.45,-1178.5100000000002,-0.9481174577634757,0.33306516492357197,0.23330651649235717,0.13354786806114238,0.30008045052292837,0.374779671861324,0.510911426413804,0.885691098275128,0.1085,0.062,1.4625000000000001,1305.15,60663.37200000001,5.300265060240964,-9.06446735395189,-9.041257485029941,2.057566844919786,6,1,2
Pizza,25419,Urban Pizza Grill,Cafe,North Shore,1.03,46.18,1408,402,18564.36,352,201,453,16255.36,9282.18,20919.54,0.241740224659443,0.350460662622936,0.28,3,0.89,403.17,7570.53,2077.42,1186.25,8127.8,0.4,0.35,0.2,0.45,18962.0,13.467329545454545,0.28551136363636365,0.25,0.14275568181818182,0.32173295454545453,0.241740224659443,0.350460662622936,0.592200887282379,0.098,0.05600000000000001,0.4005,1450.24,66972.08320000001,18.785434243176176,5.885042492917847,5.872524752475248,17.90264317180617,6,0,1
Pizza,25701,Lucky Pizza Eatery,Full-service,North Shore,1.03,39.54,1766,486,19216.44,448,256,576,17713.92,10122.24,22775.04,0.360499115020502,0.497611039830372,0.32,11,3.25,1872.0,2726.62,-3155.03,-1802.87,1359.55,0.38,0.35,0.2,0.45,-871.7300000000002,-0.4936183465458665,0.27519818799546997,0.2536806342015855,0.144960362400906,0.3261608154020385,0.360499115020502,0.497611039830372,0.858110154850874,0.11199999999999999,0.064,1.4625000000000001,1818.98,71922.4692,5.598809034907597,-7.0267928730512255,-7.015058365758755,2.3562391681109185,6,1,1
Pizza,25298,Classic Pizza Eatery,QSR,South Auckland,1.05,46.82,1915,395,18493.9,532,304,684,24908.24,14233.28,32024.88,0.212524151783437,0.379625272634439,0.33,17,5.02,3433.68,7542.75,1939.12,1108.07,9627.69,0.26,0.35,0.2,0.45,20217.629999999997,10.5575091383812,0.206266318537859,0.27780678851174934,0.1587467362924282,0.35718015665796343,0.212524151783437,0.379625272634439,0.592149424417876,0.11549999999999999,0.066,2.259,2010.75,94143.315,19.047348484848484,3.63812382739212,3.633016393442623,14.055021897810219,6,3,2
Pizza,25825,Urban Pizza Tavern,Full-service,North Shore,1.03,45.63,1933,562,25644.06,480,274,617,21902.4,12502.62,28153.71,0.388536868034862,0.507756361970678,0.29,11,3.25,2005.25,2659.46,-4080.27,-2329.15,914.48,0.41,0.35,0.2,0.45,-2835.48,-1.4668804966373512,0.2907397827211588,0.24831867563372995,0.14174857734092083,0.31919296430419036,0.388536868034862,0.507756361970678,0.89629323000554,0.10149999999999999,0.057999999999999996,1.4625000000000001,1990.99,90848.87370000001,4.723730017761989,-8.482889812889812,-8.469636363636363,1.4797411003236247,6,1,1
Pizza,26026,Top Pizza House,QSR,South Auckland,1.05,38.89,1752,361,14039.29,487,278,626,18939.43,10811.42,24345.14,0.208394578658044,0.364359660004266,0.29,15,4.43,2773.18,5998.23,2599.36,1483.82,7628.18,0.26,0.35,0.2,0.45,17709.59,10.108213470319635,0.2060502283105023,0.2779680365296804,0.158675799086758,0.3573059360730594,0.208394578658044,0.364359660004266,0.57275423866231,0.10149999999999999,0.057999999999999996,1.9934999999999998,1839.6000000000001,71542.04400000001,16.569696132596683,5.3265573770491805,5.3183512544802864,12.16615629984051,6,3,2
Pizza,25099,King Pizza Corner,Cafe,West Auckland,1.04,44.19,1161,281,12417.39,308,176,396,13610.52,7777.44,17499.24,0.228979936819524,0.368020160286687,0.32,18,5.31,2102.76,5004.21,1129.67,645.53,4949.43,0.32,0.35,0.2,0.45,11728.84,10.102360034453058,0.24203273040482343,0.26528854435831184,0.1515934539190353,0.3410852713178295,0.228979936819524,0.368020160286687,0.597000097106211,0.11199999999999999,0.064,2.3895,1207.44,53356.7736,17.745425531914893,3.6558899676375405,3.6470621468926554,12.467078085642319,6,0,3
Pizza,25827,King Pizza Cafe,Cafe,North Shore,1.03,37.15,1367,307,11405.05,371,212,477,13782.65,7875.8,17720.55,0.261949094720185,0.413957369280979,0.29,12,3.54,1688.58,3696.3,469.9,268.51,4054.54,0.29,0.35,0.2,0.45,8489.25,6.21013167520117,0.22457937088514993,0.27139722019019746,0.15508412582297001,0.3489392831016825,0.261949094720185,0.413957369280979,0.675906464001164,0.10149999999999999,0.057999999999999996,1.593,1408.01,52307.571500000005,12.000974025974026,1.2631720430107527,1.2606103286384975,8.482301255230125,6,0,1
Pizza,26031,Classic Pizza Grill,QSR,South Auckland,1.05,38.06,1219,259,9857.54,336,192,432,12788.16,7307.52,16441.92,0.262302445080131,0.415148430038244,0.32,16,4.72,2039.04,3179.54,32.6,18.63,3264.29,0.27,0.35,0.2,0.45,6495.0599999999995,5.328187038556194,0.21246923707957344,0.2756357670221493,0.15750615258408532,0.3543888433141919,0.262302445080131,0.415148430038244,0.677450875118375,0.11199999999999999,0.064,2.124,1279.95,48714.897000000004,12.229,0.09673590504451039,0.09652849740932642,7.53877598152425,6,3,2
Pizza,26462,Top Pizza Kitchen,Full-service,South Auckland,1.05,34.28,959,336,11518.08,218,125,280,7473.04,4285.0,9598.4,0.354684280639049,0.46363368681632,0.31,14,4.13,1156.4,2092.63,-958.93,-549.84,587.46,0.54,0.35,0.2,0.45,1171.3200000000002,1.2213972888425444,0.35036496350364965,0.22732012513034414,0.13034410844629823,0.29197080291970806,0.354684280639049,0.46363368681632,0.818317967455369,0.1085,0.062,1.8585,1006.95,34518.246,6.209584569732938,-4.378675799086758,-4.3638095238095245,2.090604982206406,6,1,2
Pizza,26156,Lucky Pizza Cafe,Cafe,South Auckland,1.05,36.42,1480,314,11435.88,408,233,525,14859.36,8485.86,19120.5,0.22169165449217,0.404737669951282,0.3,11,3.25,1706.25,4272.11,1093.21,624.31,5436.61,0.27,0.35,0.2,0.45,11426.239999999998,7.720432432432431,0.21216216216216216,0.2756756756756757,0.15743243243243243,0.3547297297297297,0.22169165449217,0.404737669951282,0.626429324443452,0.105,0.06,1.4625000000000001,1554.0,56596.68,13.562253968253968,2.6728850855745723,2.6679914529914526,10.335760456273764,6,0,2
Pizza,25185,Lucky Pizza Eatery,Cafe,South Auckland,1.05,44.86,1890,401,17988.86,521,298,670,23372.06,13368.28,30056.2,0.268234470058233,0.36376653232146,0.31,11,3.25,2177.5,6619.88,1355.56,775.35,8883.15,0.27,0.35,0.2,0.45,17633.940000000002,9.330126984126986,0.2121693121693122,0.2756613756613757,0.15767195767195769,0.35449735449735453,0.268234470058233,0.36376653232146,0.6320010023796929,0.1085,0.062,1.4625000000000001,1984.5,89024.67,16.467363184079602,2.5968582375478926,2.5931438127090303,13.238673621460507,6,0,2
Pizza,25306,Top Pizza Bistro,Cafe,North Shore,1.03,32.49,1874,443,14393.07,501,286,644,16277.49,9292.14,20923.56,0.211561268102378,0.428478834335692,0.3,10,2.95,1899.8,5180.93,976.0,557.16,5631.84,0.31,0.35,0.2,0.45,12345.93,6.588009605122732,0.23639274279615796,0.2673425827107791,0.1526147278548559,0.3436499466382071,0.211561268102378,0.428478834335692,0.64004010243807,0.105,0.06,1.3275000000000001,1930.22,62712.847799999996,11.668761261261261,1.9442231075697212,1.9413240418118465,8.731534883720931,6,0,1
Pizza,26683,Classic Pizza Kitchen,Ghost Kitchen,North Shore,1.03,31.6,1152,75,2370.0,377,215,485,11913.2,6794.0,15326.0,0.277710302080959,0.246876524039544,0.31,16,4.72,2289.2,1126.73,1970.6,1123.82,4996.98,0.07,0.35,0.2,0.45,9218.13,8.001848958333333,0.06510416666666667,0.3272569444444445,0.18663194444444445,0.4210069444444445,0.277710302080959,0.246876524039544,0.524586826120503,0.1085,0.062,2.124,1186.56,37495.295999999995,14.825394736842105,5.213227513227513,5.20287037037037,10.281851851851851,6,2,1
Pizza,26199,Urban Pizza House,Ghost Kitchen,CBD,0.99,41.76,1550,114,4760.64,503,287,646,21005.28,11985.12,26976.96,0.251157670479733,0.283551557466853,0.32,12,3.54,2286.84,2215.08,3051.87,1741.33,10265.29,0.08,0.35,0.2,0.45,17273.57,11.144238709677419,0.07354838709677419,0.32451612903225807,0.18516129032258066,0.4167741935483871,0.251157670479733,0.283551557466853,0.5347092279465859,0.11199999999999999,0.064,1.593,1534.5,64080.72,19.261565217391304,6.055297619047619,6.046284722222222,15.865981452859351,6,2,0
Pizza,26685,Top Pizza Grill,Cafe,South Auckland,1.05,32.52,1572,381,12390.12,417,238,536,13560.84,7739.76,17430.72,0.264908879436553,0.431599406059831,0.28,15,4.43,2374.48,3760.3,318.57,181.82,2915.6,0.32,0.35,0.2,0.45,7176.290000000001,4.565069974554708,0.24236641221374047,0.26526717557251905,0.15139949109414758,0.34096692111959287,0.264908879436553,0.431599406059831,0.696508285496384,0.098,0.05600000000000001,1.9934999999999998,1650.6000000000001,53677.512,9.843717277486911,0.7621291866028708,0.7607531380753138,5.429422718808193,6,0,2
Pizza,25878,Classic Pizza Cafe,Full-service,South Auckland,1.05,43.16,1772,469,20242.04,456,261,586,19680.96,11264.76,25291.76,0.37272185847396,0.544081088365056,0.3,7,2.07,1213.02,1684.08,-4266.89,-2442.23,891.18,0.36,0.35,0.2,0.45,-4133.860000000001,-2.332878103837472,0.2646726862302483,0.25733634311512416,0.14729119638826185,0.33069977426636565,0.37272185847396,0.544081088365056,0.916802946839016,0.105,0.06,0.9315,1860.6000000000001,80303.49600000001,3.5831489361702125,-9.336739606126915,-9.321488549618321,1.5181942078364565,6,1,2
Pizza,26040,Classic Pizza Eatery,Cafe,West Auckland,1.04,45.41,645,167,7583.47,167,96,215,7583.47,4359.36,9763.15,0.23747000830248,0.351939670136198,0.33,8,2.36,507.4,3113.7,611.15,351.32,3501.25,0.35,0.35,0.2,0.45,7577.42,11.747937984496124,0.2589147286821706,0.2589147286821706,0.14883720930232558,0.33333333333333337,0.23747000830248,0.351939670136198,0.589409678438678,0.11549999999999999,0.066,1.062,670.8000000000001,30461.028,18.53392857142857,3.637797619047619,3.6218556701030926,16.20949074074074,6,0,3
Pizza,26527,Lucky Pizza Grill,QSR,West Auckland,1.04,40.03,1788,334,13370.02,509,291,654,20375.27,11648.73,26179.62,0.265336340069771,0.355893923784606,0.3,4,1.18,771.72,5064.16,1604.95,917.57,9144.33,0.23,0.35,0.2,0.45,16731.01,9.357388143176733,0.18680089485458615,0.284675615212528,0.16275167785234898,0.3657718120805369,0.265336340069771,0.355893923784606,0.621230263854377,0.105,0.06,0.531,1859.52,74436.5856,15.11689552238806,3.1469607843137255,3.1423630136986302,13.960809160305343,6,3,3
Pizza,25476,King Pizza House,Cafe,North Shore,1.03,33.94,1230,312,10589.28,321,184,413,10894.74,6244.96,14017.22,0.235909214038402,0.432622270612046,0.3,14,4.13,1705.69,3510.01,342.84,196.52,2940.58,0.34,0.35,0.2,0.45,6989.950000000001,5.682886178861789,0.2536585365853659,0.26097560975609757,0.14959349593495935,0.3357723577235772,0.235909214038402,0.432622270612046,0.668531484650448,0.105,0.06,1.8585,1266.9,42998.585999999996,11.21408945686901,1.06472049689441,1.0622702702702704,7.102850241545894,6,0,1
Pizza,26447,Lucky Pizza Tavern,QSR,CBD,0.99,37.78,510,105,3966.9,142,81,182,5364.76,3060.18,6875.96,0.219402919951826,0.387422295310535,0.29,11,3.25,591.5,1559.69,553.51,315.73,2111.95,0.26,0.35,0.2,0.45,4540.879999999999,8.903686274509802,0.2058823529411765,0.2784313725490196,0.1588235294117647,0.3568627450980392,0.219402919951826,0.387422295310535,0.606825215262361,0.10149999999999999,0.057999999999999996,1.4625000000000001,504.9,19075.122,14.714056603773585,3.8706993006993007,3.850365853658537,11.54071038251366,6,3,0
Pizza,26204,Urban Pizza Grill,Full-service,South Auckland,1.05,38.05,1440,480,18264.0,336,192,432,12784.8,7305.6,16437.6,0.354036158137023,0.469472704455256,0.31,14,4.13,1784.16,3223.43,-1706.88,-975.36,1116.93,0.5,0.35,0.2,0.45,1658.12,1.1514722222222222,0.3333333333333333,0.2333333333333333,0.13333333333333333,0.3,0.354036158137023,0.469472704455256,0.8235088625922791,0.1085,0.062,1.8585,1512.0,57531.600000000006,6.701517671517671,-5.064925816023739,-5.053678756476684,2.579515011547344,6,1,2
Pizza,25357,Classic Pizza Tavern,Full-service,CBD,0.99,30.21,1163,314,9485.94,297,170,382,8972.37,5135.7,11540.22,0.397544511745218,0.521062245243229,0.28,12,3.54,1352.28,772.09,-1781.97,-1019.98,-412.98,0.37,0.35,0.2,0.45,-2442.84,-2.100464316423044,0.2699914015477214,0.2553740326741187,0.14617368873602749,0.3284608770421324,0.397544511745218,0.521062245243229,0.918606756988447,0.098,0.05600000000000001,1.593,1151.37,34782.8877,2.451079365079365,-5.979765100671141,-5.964795321637427,-1.0782767624020888,6,1,0
Pizza,26005,Top Pizza Cafe,Full-service,South Auckland,1.05,43.39,729,243,10543.77,170,97,219,7376.3,4208.83,9502.41,0.372089598258026,0.50658833917696,0.28,10,2.95,646.05,1279.19,-1170.46,-667.85,506.8,0.5,0.35,0.2,0.45,-52.31999999999999,-0.07176954732510288,0.3333333333333333,0.23319615912208505,0.13305898491083676,0.3004115226337448,0.372089598258026,0.50658833917696,0.878677937434986,0.098,0.05600000000000001,1.3275000000000001,765.45,33212.8755,5.242581967213115,-6.844795321637427,-6.814795918367347,2.3036363636363637,6,1,2
Pizza,26248,Lucky Pizza Bistro,QSR,North Shore,1.03,34.53,610,110,3798.3,175,100,225,6042.75,3453.0,7769.25,0.205075883027166,0.422484085522592,0.29,14,4.13,929.25,1414.64,498.16,284.67,1964.33,0.22,0.35,0.2,0.45,4161.8,6.822622950819673,0.18032786885245902,0.28688524590163933,0.1639344262295082,0.36885245901639346,0.205075883027166,0.422484085522592,0.6275599685497579,0.10149999999999999,0.057999999999999996,1.8585,628.3000000000001,21695.199,12.744504504504505,2.8304545454545456,2.8185148514851486,8.691725663716813,6,3,1
Pizza,26087,King Pizza Diner,QSR,West Auckland,1.04,36.97,562,97,3586.09,163,93,209,6026.11,3438.21,7726.73,0.211319308709353,0.364706583460793,0.33,15,4.43,925.87,1520.41,566.3,323.1,2350.06,0.21,0.35,0.2,0.45,4759.87,8.469519572953736,0.17259786476868327,0.2900355871886121,0.16548042704626334,0.37188612099644125,0.211319308709353,0.364706583460793,0.576025892170146,0.11549999999999999,0.066,1.9934999999999998,584.48,21608.2256,15.514387755102042,3.4530487804878045,3.4372340425531918,11.190761904761905,6,3,3
Pizza,25927,Urban Pizza Diner,Cafe,North Shore,1.03,36.69,1847,518,19005.42,465,266,598,17060.85,9759.54,21940.62,0.22458380041644,0.426185134565458,0.29,12,3.54,2116.92,6637.28,1010.53,578.07,5545.43,0.39,0.35,0.2,0.45,13771.31,7.456042230644288,0.28045479155387115,0.2517596101786681,0.14401732539252846,0.3237682728749323,0.22458380041644,0.426185134565458,0.6507689349818979,0.10149999999999999,0.057999999999999996,1.593,1902.41,69799.42289999999,12.788593448940269,2.168519313304721,2.165056179775281,9.25781302170284,6,0,1
Pizza,25646,Top Pizza Kitchen,Full-service,West Auckland,1.04,39.04,956,287,11204.48,234,134,301,9135.36,5231.36,11751.04,0.357817518303636,0.527648157556541,0.3,5,1.48,445.48,1283.3,-1694.3,-970.24,900.42,0.43,0.35,0.2,0.45,-480.82000000000005,-0.5029497907949791,0.30020920502092047,0.24476987447698742,0.14016736401673638,0.3148535564853556,0.357817518303636,0.527648157556541,0.8854656758601771,0.105,0.06,0.666,994.24,38815.12960000001,4.455902777777777,-7.209787234042553,-7.186962962962963,2.981523178807947,6,1,3
Pizza,25323,Lucky Pizza Cafe,QSR,CBD,0.99,40.18,1324,238,9562.84,380,217,489,15268.4,8719.06,19648.02,0.226196177601814,0.421025983220898,0.28,9,2.66,1300.74,3373.56,1111.2,634.55,5630.65,0.22,0.35,0.2,0.45,10749.96,8.119305135951661,0.17975830815709973,0.2870090634441088,0.1638972809667674,0.36933534743202423,0.226196177601814,0.421025983220898,0.647222160822712,0.098,0.05600000000000001,1.197,1310.76,52666.33679999999,14.11531380753138,2.9165354330708664,2.9107798165137613,11.49112244897959,6,3,0
Pizza,26172,Top Pizza Cafe,Cafe,South Auckland,1.05,36.39,1808,468,17030.52,469,268,603,17066.91,9752.52,21943.17,0.274704319536686,0.355725291324779,0.28,13,3.84,2315.52,6293.98,1528.69,873.54,5794.03,0.35,0.35,0.2,0.45,14490.239999999998,8.014513274336283,0.2588495575221239,0.25940265486725667,0.14823008849557523,0.33351769911504425,0.274704319536686,0.355725291324779,0.630429610861465,0.098,0.05600000000000001,1.728,1898.4,69082.776,13.42,3.252531914893617,3.247360594795539,9.592764900662251,6,0,2
Pizza,25201,Lucky Pizza Kitchen,QSR,West Auckland,1.04,41.26,893,195,8045.7,244,140,314,10067.44,5776.4,12955.64,0.2314166527614,0.404841993562877,0.33,18,5.31,1667.34,2926.55,339.69,194.9,3045.16,0.28,0.35,0.2,0.45,6506.3,7.2858902575587905,0.21836506159014557,0.27323628219484886,0.15677491601343785,0.3516237402015677,0.2314166527614,0.404841993562877,0.636258646324277,0.11549999999999999,0.066,2.3895,928.72,38318.9872,14.93137755102041,1.3864897959183673,1.3822695035460992,9.667174603174603,6,3,3
Pizza,25687,Classic Pizza Corner,Cafe,West Auckland,1.04,33.9,1465,403,13661.7,372,212,478,12610.8,7186.8,16204.2,0.278441960271448,0.387741360720247,0.29,6,1.77,846.06,4560.5,552.56,314.9,4563.17,0.38,0.35,0.2,0.45,9991.13,6.819883959044368,0.27508532423208193,0.2539249146757679,0.1447098976109215,0.32627986348122867,0.278441960271448,0.387741360720247,0.666183320991695,0.10149999999999999,0.057999999999999996,0.7965,1523.6000000000001,51650.04,11.288366336633663,1.4813941018766754,1.4784037558685446,9.526450939457202,6,0,3
Pizza,26378,King Pizza Cafe,Ghost Kitchen,West Auckland,1.04,42.33,1544,73,3090.09,515,294,662,21799.95,12445.02,28022.46,0.266469525475986,0.296299077291042,0.3,9,2.66,1760.92,1351.08,2991.64,1707.85,10491.38,0.05,0.35,0.2,0.45,16541.949999999997,10.713698186528495,0.04727979274611399,0.3335492227979275,0.19041450777202074,0.42875647668393785,0.266469525475986,0.296299077291042,0.562768602767028,0.105,0.06,1.197,1605.76,67971.8208,18.257837837837837,5.797751937984496,5.789322033898305,15.824102564102564,6,2,3
Pizza,25530,Classic Pizza Corner,QSR,North Shore,1.03,38.97,1767,364,14185.08,491,281,631,19134.27,10950.57,24590.07,0.201766975428909,0.403794487263076,0.31,5,1.48,933.88,5595.14,1615.67,924.65,8765.39,0.26,0.35,0.2,0.45,16900.85,9.564714204867006,0.20599886813808718,0.2778720996038484,0.15902659875495193,0.35710243350311266,0.201766975428909,0.403794487263076,0.605561462691985,0.1085,0.062,0.666,1820.01,70925.7897,15.329150684931507,3.2838821138211385,3.278900709219858,13.869287974683543,6,3,1
Pizza,26218,Lucky Pizza Bistro,Full-service,South Auckland,1.05,37.0,1193,322,11914.0,305,174,392,11285.0,6438.0,14504.0,0.36528065224411,0.468981651915237,0.32,17,5.02,1967.84,1974.6,-1740.85,-993.14,436.02,0.37,0.35,0.2,0.45,-323.37,-0.27105616093880974,0.269907795473596,0.25565800502933783,0.14585079631181894,0.32858340318524726,0.36528065224411,0.468981651915237,0.834262304159347,0.11199999999999999,0.064,2.259,1252.65,46348.05,6.113312693498452,-5.689052287581699,-5.675085714285714,1.1094656488549617,6,1,2
Pizza,25989,Classic Pizza Grill,QSR,CBD,0.99,43.26,1794,414,17909.64,483,276,621,20894.58,11939.76,26864.46,0.222421052791178,0.400567384716123,0.27,8,2.36,1465.56,6752.14,2235.96,1277.69,8662.65,0.3,0.35,0.2,0.45,18928.440000000002,10.550969899665553,0.23076923076923075,0.2692307692307692,0.15384615384615385,0.34615384615384615,0.222421052791178,0.400567384716123,0.622988437507301,0.0945,0.054000000000000006,1.062,1776.06,76832.3556,16.27021686746988,4.619752066115702,4.612599277978339,13.92709003215434,6,3,0
Pizza,25533,Urban Pizza Kitchen,Cafe,West Auckland,1.04,39.97,1712,415,16587.55,454,259,584,18146.38,10352.23,23342.48,0.268391657341272,0.386257217801176,0.28,12,3.54,2067.36,5728.53,1185.89,676.53,5993.99,0.32,0.35,0.2,0.45,13584.939999999999,7.935128504672896,0.24240654205607476,0.2651869158878505,0.15128504672897194,0.3411214953271028,0.268391657341272,0.386257217801176,0.654648875142448,0.098,0.05600000000000001,1.593,1780.48,71165.7856,13.770504807692307,2.6063516483516485,2.6020384615384615,10.246136752136751,6,0,3
Pizza,25897,Top Pizza Grill,QSR,CBD,0.99,40.49,734,137,5547.13,209,119,269,8462.41,4818.31,10891.81,0.250187468975782,0.406437873025425,0.32,5,1.48,398.12,1904.74,197.81,112.63,3341.85,0.23,0.35,0.2,0.45,5557.030000000001,7.570885558583107,0.1866485013623978,0.2847411444141689,0.16212534059945505,0.3664850136239781,0.250187468975782,0.406437873025425,0.6566253420012069,0.11199999999999999,0.064,0.666,726.66,29422.463400000004,13.802463768115942,0.941952380952381,0.9385833333333333,12.377222222222223,6,3,0
Pizza,26059,King Pizza Corner,QSR,CBD,0.99,41.01,1536,326,13369.26,424,242,544,17388.24,9924.42,22309.44,0.22324148543179,0.408812938630581,0.29,3,0.89,484.16,4919.16,1355.34,773.56,7724.5,0.27,0.35,0.2,0.45,14772.56,9.617552083333333,0.21223958333333334,0.2760416666666667,0.15755208333333334,0.35416666666666663,0.22324148543179,0.408812938630581,0.632054424062371,0.10149999999999999,0.057999999999999996,0.4005,1520.6399999999999,62361.4464,15.043302752293577,3.1890352941176467,3.1833744855967074,14.173394495412843,6,3,0
Pizza,25656,Classic Pizza Cafe,Full-service,CBD,0.99,33.55,1917,548,18385.4,479,274,616,16070.45,9192.7,20666.8,0.391183318814728,0.468937352532521,0.33,8,2.36,1453.76,2571.74,-3055.32,-1747.72,1437.1,0.4,0.35,0.2,0.45,-794.2000000000003,-0.41429316640584263,0.2858633281168492,0.2498695878977569,0.1429316640584246,0.3213354199269692,0.391183318814728,0.468937352532521,0.860120671347249,0.11549999999999999,0.066,1.062,1897.83,63672.196500000005,4.684408014571948,-6.3652500000000005,-6.355345454545454,2.3291734197730953,6,1,0
Pizza,25657,Top Pizza House,Ghost Kitchen,West Auckland,1.04,44.67,1309,74,3305.58,432,247,556,19297.44,11033.49,24836.52,0.264117752609309,0.244468622235581,0.29,8,2.36,1312.16,1624.41,3886.77,2222.3,10892.84,0.06,0.35,0.2,0.45,18626.32,14.22942704354469,0.05653170359052712,0.33002291825821234,0.18869365928189458,0.42475171886936597,0.264117752609309,0.244468622235581,0.50858637484489,0.10149999999999999,0.057999999999999996,1.062,1361.3600000000001,60811.9512,21.6588,8.976374133949191,8.960887096774194,19.556265709156193,6,2,3
Pizza,26185,Lucky Pizza Grill,Full-service,West Auckland,1.04,41.54,1614,418,17363.72,419,239,538,17405.26,9928.06,22348.52,0.374863436969463,0.524074592022225,0.32,13,3.84,2065.92,1754.81,-3810.67,-2173.63,192.67,0.35,0.35,0.2,0.45,-4036.8199999999997,-2.5011276332094172,0.2589838909541512,0.25960346964064435,0.14807930607187111,0.33333333333333337,0.374863436969463,0.524074592022225,0.898938028991688,0.11199999999999999,0.064,1.728,1678.56,69727.3824,4.188090692124105,-9.073023809523809,-9.056791666666667,0.35745825602968456,6,1,3
Pizza,25620,Urban Pizza Bistro,QSR,South Auckland,1.05,43.51,1521,332,14445.32,416,238,535,18100.16,10355.38,23277.85,0.265463373530656,0.44839600706473,0.3,16,4.72,2525.2,4133.39,-250.86,-143.52,4135.54,0.28,0.35,0.2,0.45,7874.55,5.1772189349112425,0.21827744904667984,0.27350427350427353,0.1564760026298488,0.3517422748191979,0.265463373530656,0.44839600706473,0.713859380595386,0.105,0.06,2.124,1597.05,69487.6455,12.412582582582584,-0.6015827338129497,-0.6005020920502092,7.715559701492538,6,3,2
Pizza,26025,Urban Pizza Grill,Full-service,West Auckland,1.04,37.75,1344,410,15477.5,327,187,420,12344.25,7059.25,15855.0,0.398564619501121,0.466798003553413,0.27,17,5.02,2108.4,2083.85,-1670.95,-955.56,26.28,0.44,0.35,0.2,0.45,-516.3800000000001,-0.3842113095238096,0.30505952380952384,0.24330357142857142,0.13913690476190477,0.3125,0.398564619501121,0.466798003553413,0.8653626230545339,0.0945,0.054000000000000006,2.259,1397.76,52765.44,5.070194647201946,-5.094359756097561,-5.082765957446808,0.0624228028503563,6,1,3
Pizza,25863,King Pizza Tavern,Full-service,CBD,0.99,33.33,970,296,9865.68,236,135,303,7865.88,4499.55,10098.99,0.37359734174097,0.482115125725977,0.31,7,2.07,627.21,1423.49,-1303.47,-745.63,829.95,0.44,0.35,0.2,0.45,204.34000000000003,0.21065979381443303,0.30515463917525776,0.24329896907216497,0.13917525773195877,0.31237113402061856,0.37359734174097,0.482115125725977,0.855712467466947,0.1085,0.062,0.9315,960.3,32006.799,4.792895622895623,-5.499873417721519,-5.482573529411765,2.7300986842105264,6,1,0
Pizza,26188,Classic Pizza Tavern,Full-service,South Auckland,1.05,33.24,1755,600,19944.0,404,231,520,13428.96,7678.44,17284.8,0.380446089350153,0.461335604358464,0.31,4,1.18,613.6,3155.51,-2038.27,-1165.45,2121.17,0.52,0.35,0.2,0.45,2072.96,1.1811737891737892,0.3418803418803419,0.2301994301994302,0.13162393162393163,0.2962962962962963,0.380446089350153,0.461335604358464,0.841781693708617,0.1085,0.062,0.531,1842.75,61253.01,5.250432612312812,-5.032765432098765,-5.023491379310345,4.071343570057581,6,1,2
Pizza,26271,Classic Pizza Bistro,QSR,South Auckland,1.05,39.47,1174,234,9235.98,329,188,423,12985.63,7420.36,16695.81,0.27053945383057,0.412952751899138,0.28,17,5.02,2123.46,2923.26,474.08,270.9,3160.89,0.25,0.35,0.2,0.45,6829.13,5.816976149914821,0.19931856899488926,0.28023850085178875,0.16013628620102213,0.3603066439522999,0.27053945383057,0.412952751899138,0.6834922057297079,0.098,0.05600000000000001,2.259,1232.7,48654.669,12.43940425531915,1.4366060606060607,1.4333333333333331,7.454929245283019,6,3,2
Pizza,25504,Top Pizza Tavern,QSR,West Auckland,1.04,32.61,1703,340,11087.4,477,273,613,15554.97,8902.53,19989.93,0.210267849005759,0.409942656871863,0.3,15,4.43,2715.59,4210.88,1241.12,710.33,4876.38,0.25,0.35,0.2,0.45,11038.71,6.481920140927774,0.19964768056371107,0.280093951849677,0.1603053435114504,0.3599530240751615,0.210267849005759,0.409942656871863,0.6202105058776219,0.105,0.06,1.9934999999999998,1771.1200000000001,57756.2232,12.348621700879766,2.5964853556485354,2.592445255474453,7.941986970684039,6,3,3
Pizza,25894,King Pizza Grill,Cafe,CBD,0.99,36.87,1251,288,10618.56,337,193,433,12425.19,7115.91,15964.71,0.230757518429309,0.411095651169308,0.29,17,5.02,2173.66,3803.0,846.74,484.93,3544.05,0.3,0.35,0.2,0.45,8678.720000000001,6.937426059152679,0.2302158273381295,0.2693844924060752,0.1542765787370104,0.346123101518785,0.230757518429309,0.411095651169308,0.641853169598617,0.10149999999999999,0.057999999999999996,2.259,1238.49,45663.126299999996,13.15916955017301,2.505147928994083,2.499639175257732,8.166013824884793,6,0,0
Pizza,26194,Classic Pizza Cafe,Full-service,North Shore,1.03,39.04,1801,631,24634.24,410,234,526,16006.4,9135.36,20535.04,0.392636619391851,0.51446183193475,0.28,17,5.02,2640.52,2288.56,-2994.77,-1709.21,-732.78,0.54,0.35,0.2,0.45,-3148.2,-1.7480288728484175,0.3503609106052193,0.2276513048306496,0.12992781787895613,0.29205996668517487,0.392636619391851,0.51446183193475,0.907098451326601,0.098,0.05600000000000001,2.259,1855.03,72420.37120000001,3.621139240506329,-7.28654501216545,-7.273234042553192,-1.3904743833017077,6,1,1
Pizza,26558,Top Pizza Kitchen,QSR,South Auckland,1.05,35.55,1184,244,8674.2,329,188,423,11695.95,6683.4,15037.65,0.232291806284338,0.425341091142036,0.32,8,2.36,998.28,2969.76,261.6,149.49,4150.12,0.26,0.35,0.2,0.45,7530.97,6.3606165540540545,0.20608108108108109,0.2778716216216216,0.15878378378378377,0.3572635135135135,0.232291806284338,0.425341091142036,0.657632897426374,0.11199999999999999,0.064,1.062,1243.2,44195.76000000001,12.121469387755102,0.7927272727272728,0.790952380952381,9.788018867924528,6,3,2
Pizza,25427,Lucky Pizza Bistro,QSR,North Shore,1.03,44.82,700,135,6050.7,198,113,254,8874.36,5064.66,11384.28,0.221595377549529,0.442231499240734,0.28,8,2.36,599.44,2034.08,498.5,284.5,3227.65,0.24,0.35,0.2,0.45,6044.73,8.635328571428571,0.19285714285714284,0.28285714285714286,0.16142857142857142,0.3628571428571429,0.221595377549529,0.442231499240734,0.663826876790263,0.098,0.05600000000000001,1.062,721.0,32315.22,14.956470588235293,2.5050251256281406,2.495614035087719,12.657450980392158,6,3,1
Pizza,26357,Classic Pizza House,QSR,CBD,0.99,38.57,1817,419,16160.83,489,280,629,18860.73,10799.6,24260.53,0.274983283169568,0.411861554463394,0.31,11,3.25,2044.25,5060.85,59.51,34.07,5553.06,0.3,0.35,0.2,0.45,10707.490000000002,5.892949917446341,0.23059988992845348,0.2691249312052834,0.15410016510731975,0.3461750137589433,0.274983283169568,0.411861554463394,0.686844837632962,0.1085,0.062,1.4625000000000001,1798.83,69380.8731,12.049642857142858,0.12144897959183673,0.12124555160142349,8.814380952380953,6,3,0
Pizza,25791,Classic Pizza Bistro,Ghost Kitchen,South Auckland,1.05,46.18,1554,45,2078.1,528,302,679,24383.04,13946.36,31356.22,0.260823890322354,0.285453697992489,0.31,5,1.48,1004.92,942.88,3504.39,2004.4,13222.1,0.03,0.35,0.2,0.45,19673.77,12.660083655083655,0.028957528957528955,0.33976833976833976,0.19433719433719435,0.43693693693693697,0.260823890322354,0.285453697992489,0.546277588314843,0.1085,0.062,0.666,1631.7,75351.906,20.497391304347826,6.6245557655954626,6.615181518151815,19.444264705882354,6,2,2
Pizza,25753,Urban Pizza Kitchen,QSR,West Auckland,1.04,38.52,799,179,6895.08,217,124,279,8358.84,4776.48,10747.08,0.2278426746279,0.37117026054766,0.32,10,2.95,823.05,2764.84,676.96,386.83,3486.39,0.29,0.35,0.2,0.45,7315.02,9.155219023779726,0.22403003754693365,0.2715894868585732,0.15519399249061325,0.3491864831038798,0.2278426746279,0.37117026054766,0.59901293517556,0.11199999999999999,0.064,1.3275000000000001,830.96,32008.579200000004,15.360222222222223,3.1053211009174313,3.09464,12.451392857142856,6,3,3
Pizza,25147,King Pizza Eatery,QSR,CBD,0.99,36.78,1208,264,9709.92,330,189,425,12137.4,6951.42,15631.5,0.233279583901167,0.399572163308039,0.27,12,3.54,1504.5,3564.98,1179.13,675.32,4234.58,0.28,0.35,0.2,0.45,9654.01,7.991730132450331,0.2185430463576159,0.2731788079470199,0.15645695364238413,0.3518211920529801,0.233279583901167,0.399572163308039,0.632851747209206,0.0945,0.054000000000000006,1.593,1195.92,43985.9376,13.452754716981133,3.562326283987916,3.5543157894736845,9.940328638497652,6,3,0
Pizza,26576,King Pizza Kitchen,Full-service,North Shore,1.03,39.31,713,250,9827.5,162,93,208,6368.22,3655.83,8176.48,0.365208660904318,0.481922784657218,0.31,17,5.02,1044.16,1502.32,-1000.65,-574.45,205.77,0.54,0.35,0.2,0.45,132.98999999999992,0.18652173913043468,0.3506311360448808,0.22720897615708274,0.13043478260869565,0.29172510518934075,0.365208660904318,0.481922784657218,0.847131445561536,0.1085,0.062,2.259,734.39,28868.8709,5.985338645418326,-6.138957055214724,-6.111170212765958,0.9845454545454546,6,1,1
Pizza,25231,Top Pizza House,Full-service,CBD,0.99,30.58,1608,459,14036.22,402,230,517,12293.16,7033.4,15809.86,0.37593185986625,0.479613355943002,0.32,3,0.89,460.13,2027.6,-2158.01,-1234.68,1823.68,0.4,0.35,0.2,0.45,458.5899999999997,0.28519278606965154,0.2854477611940298,0.25,0.14303482587064675,0.3215174129353234,0.37593185986625,0.479613355943002,0.855545215809252,0.11199999999999999,0.064,0.4005,1591.92,48680.9136,4.407826086956521,-5.354863523573202,-5.344935064935065,3.520617760617761,6,1,0
Pizza,26645,Urban Pizza Tavern,Cafe,North Shore,1.03,45.34,666,172,7798.48,173,99,222,7843.82,4488.66,10065.48,0.224250628240407,0.428476972575299,0.29,11,3.25,721.5,2708.2,449.23,257.08,2773.96,0.35,0.35,0.2,0.45,6188.469999999999,9.291996996996996,0.25825825825825827,0.25975975975975973,0.14864864864864866,0.3333333333333333,0.224250628240407,0.428476972575299,0.652727600815706,0.10149999999999999,0.057999999999999996,1.4625000000000001,685.98,31102.3332,15.654335260115605,2.5817816091954024,2.5707999999999998,12.439282511210763,6,0,1
Pizza,25757,Top Pizza Kitchen,Cafe,South Auckland,1.05,38.02,1872,386,14675.72,520,297,669,19770.4,11291.94,25435.38,0.210788026470691,0.409318629535846,0.33,12,3.54,2368.26,5575.21,986.41,563.39,7294.47,0.26,0.35,0.2,0.45,14419.48,7.702713675213675,0.20619658119658119,0.2777777777777778,0.15865384615384615,0.3573717948717949,0.210788026470691,0.409318629535846,0.620106656006537,0.11549999999999999,0.066,1.593,1965.6000000000001,74732.11200000001,14.406227390180879,1.8933013435700574,1.8905704697986576,10.887268656716419,6,0,2
Pizza,25314,Lucky Pizza Eatery,QSR,South Auckland,1.05,38.23,1116,186,7110.78,326,186,418,12462.98,7110.78,15980.14,0.21774673609063,0.420422325958498,0.32,3,0.89,372.02,2572.9,521.34,297.45,5410.09,0.2,0.35,0.2,0.45,8801.78,7.886899641577061,0.16666666666666669,0.29211469534050183,0.16666666666666669,0.3745519713261649,0.21774673609063,0.420422325958498,0.638169062049128,0.11199999999999999,0.064,0.4005,1171.8,44797.914,13.758823529411766,1.5943119266055046,1.5906417112299465,12.911909307875895,6,3,2
Pizza,26635,Urban Pizza Eatery,Ghost Kitchen,South Auckland,1.05,33.14,1066,60,1988.4,352,201,453,11665.28,6661.14,15012.42,0.266349605016876,0.246469770360272,0.31,14,4.13,1870.89,968.71,2066.86,1180.22,5442.87,0.06,0.35,0.2,0.45,9658.66,9.060656660412757,0.056285178236397754,0.33020637898686683,0.18855534709193247,0.42495309568480305,0.266349605016876,0.246469770360272,0.512819375377148,0.1085,0.062,1.8585,1119.3,37093.602,15.880491803278689,5.855127478753541,5.842673267326733,11.988700440528634,6,2,2
Pizza,26287,Lucky Pizza Diner,Full-service,North Shore,1.03,37.66,784,250,9415.0,187,107,240,7042.42,4029.62,9038.4,0.356693005922716,0.507279146322981,0.31,7,2.07,496.8,1280.7,-1225.18,-701.04,732.67,0.47,0.35,0.2,0.45,87.14999999999998,0.11116071428571425,0.3188775510204082,0.23852040816326534,0.13647959183673472,0.3061224489795919,0.356693005922716,0.507279146322981,0.863972152245697,0.1085,0.062,0.9315,807.52,30411.203199999996,5.102390438247012,-6.516914893617022,-6.491111111111111,3.0401244813278008,6,1,1
Pizza,25924,King Pizza Corner,Full-service,North Shore,1.03,37.23,1287,423,15748.29,302,173,389,11243.46,6440.79,14482.47,0.39681792834308,0.530299017811194,0.27,16,4.72,1836.08,1147.78,-2216.28,-1269.59,-780.55,0.49,0.35,0.2,0.45,-3118.6400000000003,-2.4231857031857036,0.3286713286713287,0.23465423465423463,0.1344211344211344,0.3022533022533022,0.39681792834308,0.530299017811194,0.9271169461542741,0.0945,0.054000000000000006,2.124,1325.6100000000001,49352.460300000006,2.707028301886792,-7.314455445544555,-7.296494252873563,-2.0014102564102565,6,1,1
Pizza,26086,Top Pizza House,QSR,South Auckland,1.05,42.92,1520,304,13047.68,426,243,547,18283.92,10429.56,23477.24,0.258586943577975,0.380055402358994,0.3,12,3.54,1936.38,4714.88,1121.86,639.93,6547.3,0.25,0.35,0.2,0.45,13023.970000000001,8.568401315789474,0.2,0.2802631578947368,0.15986842105263158,0.3598684210526316,0.258586943577975,0.380055402358994,0.638642345936969,0.105,0.06,1.593,1596.0,68500.31999999999,15.458622950819672,2.627306791569086,2.6226639344262295,11.947627737226277,6,3,2
Pizza,25966,Classic Pizza House,Cafe,CBD,0.99,35.69,1155,273,9743.37,309,176,397,11028.21,6281.44,14168.93,0.221838189810514,0.383769589895383,0.33,10,2.95,1171.15,3842.71,710.13,404.48,4416.97,0.31,0.35,0.2,0.45,9374.29,8.1162683982684,0.2363636363636364,0.2675324675324675,0.1523809523809524,0.34372294372294376,0.221838189810514,0.383769589895383,0.605607779705897,0.11549999999999999,0.066,1.3275000000000001,1143.45,40809.7305,14.024489051094891,2.290741935483871,2.2851977401129946,11.097914572864322,6,0,0
Pizza,26453,King Pizza Cafe,Full-service,South Auckland,1.05,34.03,1597,532,18103.96,373,213,479,12693.19,7248.39,16300.37,0.352824207977392,0.478757399367169,0.31,9,2.66,1274.14,3049.04,-1797.12,-1026.24,1471.14,0.5,0.35,0.2,0.45,1696.8200000000002,1.062504696305573,0.3331246086412022,0.23356293049467752,0.13337507827175954,0.2999373825923607,0.352824207977392,0.478757399367169,0.831581607344561,0.1085,0.062,1.197,1676.8500000000001,57063.205500000004,5.720525328330206,-4.805133689839572,-4.7955140186915886,3.0648750000000002,6,1,2
Pizza,25684,Lucky Pizza Cafe,Ghost Kitchen,South Auckland,1.05,32.73,579,16,523.68,197,113,253,6447.81,3698.49,8280.69,0.297161236905958,0.348697689175606,0.33,5,1.48,374.44,185.46,155.66,89.29,2558.09,0.03,0.35,0.2,0.45,2988.5,5.161485319516408,0.027633851468048358,0.3402417962003455,0.19516407599309155,0.43696027633851475,0.297161236905958,0.348697689175606,0.645858926081564,0.11549999999999999,0.066,0.666,607.95,19898.2035,10.909411764705883,0.7861616161616162,0.7832456140350877,10.071220472440945,6,2,2
Pizza,26091,King Pizza Grill,Full-service,CBD,0.99,35.31,1086,357,12605.67,255,146,328,9004.05,5155.26,11581.68,0.39497821269324,0.501995989563875,0.32,12,3.54,1161.12,1298.71,-1953.65,-1118.56,32.09,0.49,0.35,0.2,0.45,-1741.41,-1.6035082872928177,0.3287292817679558,0.2348066298342541,0.13443830570902393,0.3020257826887661,0.39497821269324,0.501995989563875,0.896974202257115,0.11199999999999999,0.064,1.593,1075.14,37963.193400000004,3.62768156424581,-7.6314453125,-7.609251700680272,0.09753799392097265,6,1,0
Pizza,26631,Lucky Pizza Corner,Full-service,West Auckland,1.04,38.6,1471,449,17331.4,358,204,460,13818.8,7874.4,17756.0,0.352456971432548,0.523055132175796,0.3,17,5.02,2309.2,2157.55,-2425.37,-1382.05,-98.79,0.44,0.35,0.2,0.45,-1748.6599999999996,-1.188755948334466,0.30523453433038755,0.24337185588035348,0.13868116927260365,0.31271244051665537,0.352456971432548,0.523055132175796,0.875512103608344,0.105,0.06,2.259,1529.8400000000001,59051.824,4.794555555555556,-6.755905292479109,-6.74170731707317,-0.214295010845987,6,1,3
Pizza,26063,Classic Pizza Diner,QSR,North Shore,1.03,43.18,1682,325,14033.5,475,271,611,20510.5,11701.78,26382.98,0.258607159834355,0.377645602985285,0.3,13,3.84,2346.24,5104.65,1307.49,745.96,7250.5,0.24,0.35,0.2,0.45,14408.599999999999,8.566349583828774,0.19322235434007135,0.28240190249702735,0.1611177170035672,0.36325802615933417,0.258607159834355,0.377645602985285,0.6362527628196399,0.105,0.06,1.728,1732.46,74807.6228,15.658435582822085,2.746827731092437,2.7425,11.847222222222221,6,3,1
Pizza,25217,Urban Pizza Kitchen,Cafe,West Auckland,1.04,32.22,708,179,5767.38,185,106,238,5960.7,3415.32,7668.36,0.246987310424447,0.444379509147257,0.28,14,4.13,982.94,1780.0,170.67,97.79,1383.77,0.34,0.35,0.2,0.45,3432.23,4.847782485875706,0.2528248587570622,0.2612994350282486,0.1497175141242938,0.3361581920903955,0.246987310424447,0.444379509147257,0.691366819571704,0.098,0.05600000000000001,1.8585,736.32,23724.2304,9.88888888888889,0.9175806451612902,0.9139252336448599,5.789832635983264,6,0,3
Pizza,25326,Top Pizza Cafe,QSR,South Auckland,1.05,42.59,1591,357,15204.63,432,247,555,18398.88,10519.73,23637.45,0.235044760350138,0.445425680442713,0.31,17,5.02,2786.1,4858.33,175.33,100.25,4766.76,0.29,0.35,0.2,0.45,9900.67,6.222922690131992,0.22438717787554996,0.2715273412947832,0.15524827152734128,0.3488372093023256,0.235044760350138,0.445425680442713,0.680470440792851,0.1085,0.062,2.259,1670.5500000000002,71148.72450000001,13.570754189944134,0.40491916859122407,0.40423387096774194,8.573309352517986,6,3,2
Pizza,26661,Classic Pizza Kitchen,Full-service,South Auckland,1.05,42.96,1800,600,25776.0,420,240,540,18043.2,10310.4,23198.4,0.365962668543216,0.532778966287151,0.28,14,4.13,2230.2,2610.04,-3225.07,-1842.9,118.83,0.5,0.35,0.2,0.45,-2339.1000000000004,-1.2995,0.3333333333333333,0.23333333333333334,0.13333333333333333,0.30000000000000004,0.365962668543216,0.532778966287151,0.8987416348303671,0.098,0.05600000000000001,1.8585,1890.0,81194.40000000001,4.342828618968386,-7.660498812351545,-7.64688796680498,0.21964879852125693,6,1,2
Pizza,26446,Urban Pizza Kitchen,Full-service,West Auckland,1.04,37.32,1324,364,13584.48,336,192,432,12539.52,7165.44,16122.24,0.366639859124552,0.52360003029462,0.28,14,4.13,1784.16,1491.03,-2134.73,-1219.84,-14.58,0.38,0.35,0.2,0.45,-1878.12,-1.4185196374622355,0.27492447129909364,0.2537764350453172,0.14501510574018125,0.32628398791540786,0.366639859124552,0.52360003029462,0.890239889419172,0.098,0.05600000000000001,1.8585,1376.96,51388.1472,4.085013698630137,-6.334510385756676,-6.32041450777202,-0.03367205542725173,6,1,3
Pizza,26273,Urban Pizza Diner,Cafe,North Shore,1.03,31.9,1628,457,14578.3,410,234,527,13079.0,7464.6,16811.3,0.217616390939802,0.397422544937581,0.31,7,2.07,1090.89,5612.08,980.42,559.55,5380.81,0.39,0.35,0.2,0.45,12532.86,7.6983169533169535,0.2807125307125307,0.25184275184275184,0.14373464373464376,0.3237100737100737,0.217616390939802,0.397422544937581,0.615038935877383,0.1085,0.062,0.9315,1676.8400000000001,53491.195999999996,12.253449781659388,2.385450121654501,2.3810638297872337,10.19092803030303,6,0,1
Pizza,26098,Classic Pizza Grill,Full-service,CBD,0.99,42.03,1375,439,18451.17,328,187,421,13785.84,7859.61,17694.63,0.373272623040248,0.517080233967863,0.33,13,3.84,1616.64,2023.12,-3037.75,-1731.89,323.53,0.47,0.35,0.2,0.45,-2422.9900000000007,-1.7621745454545459,0.31927272727272726,0.23854545454545456,0.13599999999999998,0.3061818181818182,0.373272623040248,0.517080233967863,0.890352857008111,0.11549999999999999,0.066,1.728,1361.25,57213.3375,4.598,-9.233282674772036,-9.212180851063831,0.7666587677725117,6,1,0
Pizza,25574,Lucky Pizza Kitchen,Cafe,South Auckland,1.05,42.64,974,194,8272.16,273,156,351,11640.72,6651.84,14966.64,0.220691327489913,0.351094515947625,0.27,11,3.25,1140.75,3542.26,1841.73,1052.42,5268.18,0.25,0.35,0.2,0.45,11704.59,12.017032854209445,0.19917864476386035,0.28028747433264883,0.16016427104722794,0.3603696098562628,0.220691327489913,0.351094515947625,0.571785843437538,0.0945,0.054000000000000006,1.4625000000000001,1022.7,43607.928,18.1654358974359,6.721642335766424,6.703312101910829,14.966420454545455,6,0,2
Pizza,26436,Lucky Pizza Diner,Cafe,West Auckland,1.04,39.72,629,133,5282.76,174,99,223,6911.28,3932.28,8857.56,0.254427242632955,0.35761677462142,0.32,18,5.31,1184.13,2049.48,469.66,267.22,2252.21,0.27,0.35,0.2,0.45,5038.57,8.010445151033386,0.21144674085850557,0.2766295707472178,0.1573926868044515,0.3545310015898251,0.254427242632955,0.35761677462142,0.6120440172543751,0.11199999999999999,0.064,2.3895,654.16,25983.235200000003,15.294626865671642,2.6837714285714287,2.6722,10.054508928571428,6,0,3
Pizza,26546,Top Pizza Tavern,QSR,North Shore,1.03,39.02,1525,254,9911.08,445,254,572,17363.9,9911.08,22319.44,0.245379131063819,0.369287444860674,0.29,8,2.36,1349.92,3819.07,1655.36,944.86,7250.51,0.2,0.35,0.2,0.45,13669.8,8.963803278688523,0.16655737704918033,0.2918032786885246,0.16655737704918033,0.3750819672131147,0.245379131063819,0.369287444860674,0.614666575924493,0.10149999999999999,0.057999999999999996,1.062,1570.75,61290.665,14.976745098039217,3.711569506726457,3.7053333333333334,12.653595113438046,6,3,1
Pizza,26426,Top Pizza House,QSR,South Auckland,1.05,37.63,1638,378,14224.14,441,252,567,16594.83,9482.76,21336.21,0.227269722595811,0.430248259799555,0.28,17,5.02,2846.34,4871.51,1036.88,592.5,4460.93,0.3,0.35,0.2,0.45,10961.82,6.692197802197802,0.23076923076923075,0.2692307692307693,0.15384615384615385,0.34615384615384615,0.227269722595811,0.430248259799555,0.657517982395366,0.098,0.05600000000000001,2.259,1719.9,64719.83700000001,12.85358839050132,2.3458823529411768,2.341897233201581,7.853750000000001,6,3,2
Pizza,26347,Classic Pizza Kitchen,QSR,North Shore,1.03,39.53,1330,274,10831.22,370,211,475,14626.1,8340.83,18776.75,0.23107464665547,0.390396465361118,0.3,12,3.54,1681.5,4099.93,1148.57,655.0,5426.04,0.26,0.35,0.2,0.45,11329.54,8.51845112781955,0.20601503759398496,0.2781954887218045,0.15864661654135337,0.35714285714285715,0.23107464665547,0.390396465361118,0.621471112016588,0.105,0.06,1.593,1369.9,54152.147000000004,14.908836363636365,3.095876010781671,3.089622641509434,11.399243697478992,6,3,1
Pizza,25551,Classic Pizza Tavern,Cafe,South Auckland,1.05,36.52,1788,492,17967.84,454,259,583,16580.08,9458.68,21291.16,0.23395031798631,0.372183835878968,0.3,3,0.89,518.87,7076.92,1556.3,887.85,7866.99,0.38,0.35,0.2,0.45,17388.059999999998,9.724865771812079,0.2751677852348994,0.25391498881431773,0.14485458612975394,0.3260626398210291,0.23395031798631,0.372183835878968,0.606134153865278,0.105,0.06,0.4005,1877.4,68562.648,14.354807302231238,3.4204395604395605,3.414807692307692,13.470873287671232,6,0,2
Pizza,26373,Lucky Pizza Kitchen,Cafe,CBD,0.99,30.09,1083,237,7131.33,296,169,381,8906.64,5085.21,11464.29,0.252854062430561,0.350219596992247,0.3,14,4.13,1573.53,2830.61,863.29,492.89,2976.95,0.28,0.35,0.2,0.45,7163.74,6.614718374884579,0.2188365650969529,0.27331486611265005,0.15604801477377656,0.3518005540166205,0.252854062430561,0.350219596992247,0.603073659422808,0.105,0.06,1.8585,1072.17,32261.5953,11.893319327731094,2.906700336700337,2.8993529411764705,7.79306282722513,6,0,0
Pizza,25271,Lucky Pizza House,Ghost Kitchen,South Auckland,1.05,38.09,1560,45,1714.05,530,303,682,20187.7,11541.27,25977.38,0.265133102447726,0.25546774903778,0.29,6,1.77,1207.14,821.71,3823.53,2185.91,11246.39,0.03,0.35,0.2,0.45,18077.54,11.588166666666668,0.02884615384615384,0.3397435897435897,0.1942307692307692,0.4371794871794871,0.265133102447726,0.25546774903778,0.520600851485506,0.10149999999999999,0.057999999999999996,0.7965,1638.0,62391.42000000001,17.863260869565217,7.200621468926554,7.190493421052631,16.46616398243045,6,2,2
Pizza,25095,Urban Pizza Cafe,Cafe,CBD,0.99,38.96,1150,244,9506.24,317,181,408,12350.32,7051.76,15895.68,0.219332030825317,0.447013895516284,0.3,18,5.31,2166.48,3171.8,415.64,237.32,3137.18,0.27,0.35,0.2,0.45,6961.9400000000005,6.053860869565217,0.21217391304347827,0.2756521739130435,0.15739130434782608,0.3547826086956522,0.219332030825317,0.447013895516284,0.666345926341601,0.105,0.06,2.3895,1138.5,44355.96,12.946122448979592,1.3070440251572326,1.3039560439560438,7.670366748166259,6,0,0
Pizza,25946,Urban Pizza Bistro,QSR,West Auckland,1.04,45.29,1315,295,13360.55,357,204,459,16168.53,9239.16,20788.11,0.275596019681543,0.386526605347171,0.29,16,4.72,2166.48,4514.23,774.11,442.35,4857.35,0.29,0.35,0.2,0.45,10588.04,8.05174144486692,0.22433460076045625,0.27148288973384027,0.15513307984790872,0.3490494296577947,0.275596019681543,0.386526605347171,0.662122625028714,0.10149999999999999,0.057999999999999996,2.124,1367.6000000000001,61938.60400000001,15.250777027027025,2.16231843575419,2.1578048780487804,10.559456521739131,6,3,3
Pizza,25649,Classic Pizza Kitchen,QSR,South Auckland,1.05,39.19,724,162,6348.78,197,112,253,7720.43,4389.28,9915.07,0.213539249114692,0.405171946389601,0.31,8,2.36,597.08,2420.72,550.38,312.91,3183.43,0.29,0.35,0.2,0.45,6467.44,8.93292817679558,0.22375690607734808,0.2720994475138122,0.15469613259668508,0.3494475138121547,0.213539249114692,0.405171946389601,0.618711195504293,0.1085,0.062,1.062,760.2,29792.237999999998,14.851042944785275,2.7796969696969698,2.769115044247788,12.533188976377952,6,3,2
Pizza,25934,Urban Pizza Grill,Cafe,North Shore,1.03,45.2,1890,390,17628.0,525,300,675,23730.0,13560.0,30510.0,0.203595286905766,0.379665742721409,0.33,11,3.25,2193.75,7346.27,2058.32,1176.18,10520.96,0.26,0.35,0.2,0.45,21101.73,11.164936507936508,0.20634920634920634,0.2777777777777778,0.15873015873015872,0.35714285714285715,0.203595286905766,0.379665742721409,0.583261029627175,0.11549999999999999,0.066,1.4625000000000001,1946.7,87990.84,18.78841432225064,3.913155893536122,3.907574750830565,15.563550295857986,6,0,1
Pizza,26476,Lucky Pizza Corner,Full-service,CBD,0.99,31.94,1747,590,18844.6,405,231,521,12935.7,7378.14,16640.74,0.351937074481975,0.474660008121282,0.33,12,3.54,1844.34,3267.71,-2025.69,-1155.4,1041.21,0.51,0.35,0.2,0.45,1127.83,0.645580995993131,0.33772180881511155,0.23182598740698337,0.13222667429879792,0.298225529479107,0.351937074481975,0.474660008121282,0.8265970826032569,0.11549999999999999,0.066,1.593,1729.53,55241.188200000004,5.52912013536379,-4.989384236453202,-4.980172413793104,1.994655172413793,6,1,0
Pizza,26599,Lucky Pizza Cafe,Full-service,CBD,0.99,35.67,2087,627,22365.09,511,292,657,18227.37,10415.64,23435.19,0.355992887588218,0.526625352073461,0.3,12,3.54,2325.78,2625.25,-3328.65,-1902.09,425.08,0.43,0.35,0.2,0.45,-2180.41,-1.0447580258744609,0.3004312410158122,0.24484906564446574,0.13991375179683757,0.31480594154288455,0.355992887588218,0.526625352073461,0.882618239661679,0.105,0.06,1.593,2066.13,73698.8571,4.180334394904459,-6.50126953125,-6.491774744027303,0.6460182370820668,6,1,0
Pizza,25317,King Pizza Cafe,Full-service,West Auckland,1.04,34.87,1919,528,18411.36,487,278,626,16981.69,9693.86,21828.62,0.37993001366267,0.527670207573101,0.3,6,1.77,1108.02,1701.21,-3525.4,-2012.45,908.94,0.38,0.35,0.2,0.45,-2927.7000000000003,-1.5256383533090152,0.27514330380406465,0.2537780093798853,0.14486711829077645,0.32621156852527355,0.37993001366267,0.527670207573101,0.907600221235771,0.105,0.06,0.7965,1995.76,69592.15120000001,3.215897920604915,-7.224180327868853,-7.213082437275986,1.449665071770335,6,1,3
Pizza,25062,Urban Pizza Diner,QSR,North Shore,1.03,35.16,1061,184,6469.44,307,175,395,10794.12,6153.0,13888.2,0.232083459757268,0.375091242347844,0.27,17,5.02,1982.9,2541.36,1325.79,755.74,3472.74,0.21,0.35,0.2,0.45,8095.63,7.630188501413761,0.17342130065975492,0.28934967012252594,0.1649387370405278,0.37229029217719134,0.232083459757268,0.375091242347844,0.607174702105112,0.0945,0.054000000000000006,2.259,1092.83,38423.9028,13.737081081081081,4.304512987012987,4.293977272727273,8.769545454545455,6,3,1
Pizza,26598,Urban Pizza House,QSR,West Auckland,1.04,43.02,1189,245,10539.9,330,189,425,14196.6,8130.78,18283.5,0.2078494913131,0.381716514099389,0.29,5,1.48,629.0,4325.93,1709.75,979.22,6875.17,0.26,0.35,0.2,0.45,13890.07,11.682144659377627,0.20605550883095036,0.27754415475189237,0.15895710681244743,0.35744322960470987,0.2078494913131,0.381716514099389,0.5895660054124889,0.10149999999999999,0.057999999999999996,0.666,1236.56,53196.811200000004,17.58508130081301,5.1654078549848945,5.153789473684211,16.138896713615022,6,3,3
Pizza,26642,Lucky Pizza Bistro,Full-service,North Shore,1.03,31.93,2228,722,23053.46,527,301,678,16827.11,9610.93,21648.54,0.380396651523188,0.472655458748341,0.27,10,2.95,2000.1,3387.66,-2070.61,-1182.65,1181.11,0.48,0.35,0.2,0.45,1315.5099999999995,0.5904443447037699,0.3240574506283662,0.23653500897666066,0.13509874326750448,0.30430879712746856,0.380396651523188,0.472655458748341,0.8530521102715289,0.0945,0.054000000000000006,1.3275000000000001,2294.84,73274.2412,4.685560165975104,-3.9216098484848487,-3.916059602649007,1.739484536082474,6,1,1
Pizza,26495,King Pizza Diner,QSR,South Auckland,1.05,43.36,816,152,6590.72,232,133,299,10059.52,5766.88,12964.64,0.244136251341552,0.372446543793194,0.29,6,1.77,529.23,2527.0,939.73,538.73,4441.64,0.23,0.35,0.2,0.45,8447.1,10.351838235294117,0.18627450980392157,0.28431372549019607,0.16299019607843138,0.36642156862745096,0.244136251341552,0.372446543793194,0.616582795134746,0.10149999999999999,0.057999999999999996,0.7965,856.8000000000001,37150.848000000005,16.516339869281047,4.033175965665236,4.020373134328358,14.805466666666668,6,3,2
Pizza,25335,Classic Pizza House,QSR,CBD,0.99,33.29,1294,283,9421.07,354,202,455,11784.66,6724.58,15146.95,0.24593517864123,0.392003784608096,0.33,18,5.31,2416.05,3411.0,377.83,215.6,3068.07,0.28,0.35,0.2,0.45,7072.5,5.465610510046368,0.21870170015455953,0.2735703245749614,0.15610510046367854,0.35162287480680066,0.24593517864123,0.392003784608096,0.637938963249326,0.11549999999999999,0.066,2.3895,1281.06,42646.48739999999,12.01056338028169,1.0643098591549296,1.0620689655172413,6.728223684210526,6,3,0
Pizza,26184,Urban Pizza House,Full-service,South Auckland,1.05,43.67,1837,628,27424.76,423,242,544,18472.41,10568.14,23756.48,0.397812514577527,0.54213472539559,0.29,15,4.43,2409.92,1646.93,-4247.68,-2430.11,-983.28,0.52,0.35,0.2,0.45,-6014.14,-3.2738922155688623,0.341861731083288,0.2302667392487752,0.1317365269461078,0.2961350027218291,0.397812514577527,0.54213472539559,0.939947239973117,0.10149999999999999,0.057999999999999996,1.9934999999999998,1928.8500000000001,84232.8795,2.6183306836248015,-10.01811320754717,-10.00045267489712,-1.804183486238532,6,1,2
Pizza,26484,King Pizza Diner,Full-service,West Auckland,1.04,37.47,1106,321,12027.87,275,157,353,10304.25,5882.79,13226.91,0.391800410626456,0.495386693300679,0.33,4,1.18,416.54,1356.9,-2237.95,-1277.67,1075.63,0.41,0.35,0.2,0.45,-1083.0899999999997,-0.979285714285714,0.29023508137432186,0.24864376130198912,0.1419529837251356,0.31916817359855326,0.391800410626456,0.495386693300679,0.8871871039271351,0.11549999999999999,0.066,0.531,1150.24,43099.49280000001,4.2139751552795035,-8.108514492753622,-8.086518987341773,3.0385028248587576,6,1,3
Pizza,26283,King Pizza Eatery,Cafe,CBD,0.99,33.83,1058,274,9269.42,274,157,353,9269.42,5311.31,11941.99,0.26670686012134,0.398674988886341,0.3,4,1.18,416.54,3101.72,320.89,183.87,3579.47,0.35,0.35,0.2,0.45,7185.949999999999,6.792013232514177,0.25897920604914937,0.25897920604914937,0.14839319470699433,0.333648393194707,0.26670686012134,0.398674988886341,0.665381849007681,0.105,0.06,0.531,1047.42,35434.2186,11.278981818181817,1.1668727272727273,1.16373417721519,10.111497175141242,6,0,0
Pizza,26673,King Pizza Kitchen,QSR,North Shore,1.03,31.05,1897,391,12140.55,527,301,678,16363.35,9346.05,21051.9,0.216746239922941,0.377016343316063,0.33,16,4.72,3200.16,4931.95,1247.5,712.52,5351.91,0.26,0.35,0.2,0.45,12243.88,6.454338429098576,0.20611491829204007,0.2778070637849236,0.15867158671586715,0.35740643120716925,0.216746239922941,0.377016343316063,0.593762583239004,0.11549999999999999,0.066,2.124,1953.91,60668.9055,12.581505102040817,2.362689393939394,2.359337748344371,7.882047128129602,6,3,1
Pizza,25948,King Pizza Eatery,Cafe,West Auckland,1.04,46.27,2074,514,23782.78,546,312,702,25263.42,14436.24,32481.54,0.214185018092394,0.367701809061691,0.29,6,1.77,1242.54,9943.89,3236.58,1849.47,12338.42,0.33,0.35,0.2,0.45,27368.36,13.195930568948892,0.24783027965284474,0.26325940212150434,0.15043394406943106,0.3384763741562199,0.214185018092394,0.367701809061691,0.5818868271540849,0.10149999999999999,0.057999999999999996,0.7965,2156.96,99802.5392,19.30852427184466,5.916965265082267,5.908849840255591,17.55109530583215,6,0,3
Pizza,26568,Top Pizza Grill,Ghost Kitchen,West Auckland,1.04,35.23,1119,63,2219.49,370,211,475,13035.1,7433.53,16734.25,0.283086201990955,0.206905944633763,0.33,5,1.48,703.0,1131.96,2346.42,1338.09,7831.6,0.06,0.35,0.2,0.45,12648.07,11.303011617515638,0.05630026809651475,0.3306523681858803,0.18856121537086687,0.4244861483467382,0.283086201990955,0.206905944633763,0.489992146624718,0.11549999999999999,0.066,0.666,1163.76,40999.2648,17.686875,6.324582210242588,6.311745283018867,16.45294117647059,6,2,3
Pizza,26691,Classic Pizza Bistro,Cafe,South Auckland,1.05,43.57,1042,258,11241.06,274,157,353,11938.18,6840.49,15380.21,0.276894396413118,0.436961538041942,0.3,17,5.02,1772.06,3216.56,-165.41,-94.78,2628.9,0.33,0.35,0.2,0.45,5585.27,5.360143953934742,0.24760076775431863,0.2629558541266795,0.1506717850287908,0.33877159309021115,0.276894396413118,0.436961538041942,0.71385593445506,0.105,0.06,2.259,1094.1000000000001,47669.937,12.419150579150578,-0.6014909090909091,-0.599873417721519,7.426271186440678,6,0,2
Pizza,25491,Classic Pizza Tavern,Ghost Kitchen,South Auckland,1.05,39.37,517,19,748.03,174,100,224,6850.38,3937.0,8818.88,0.292274127935525,0.231139320065267,0.28,9,2.66,595.84,356.5,1346.69,773.96,3607.12,0.04,0.35,0.2,0.45,6084.27,11.768413926499033,0.03675048355899419,0.3365570599613153,0.19342359767891681,0.43326885880077365,0.292274127935525,0.231139320065267,0.5234134480007919,0.098,0.05600000000000001,1.197,542.85,21372.004500000003,17.825,7.695371428571429,7.662970297029704,16.031644444444446,6,2,2
Pizza,26085,King Pizza Eatery,Full-service,West Auckland,1.04,42.38,1695,484,20511.92,424,242,545,17969.12,10255.96,23097.1,0.365433915355243,0.508302148850635,0.31,11,3.25,1771.25,2589.92,-3301.58,-1884.39,1145.08,0.4,0.35,0.2,0.45,-1450.9700000000003,-0.8560294985250739,0.2855457227138643,0.25014749262536873,0.14277286135693215,0.32153392330383485,0.365433915355243,0.508302148850635,0.873736064205878,0.1085,0.062,1.4625000000000001,1762.8,74707.46399999999,5.340041237113402,-7.7684235294117645,-7.754691358024692,2.0972161172161172,6,1,3
Pizza,26129,Urban Pizza Grill,QSR,West Auckland,1.04,36.23,859,182,6593.86,237,135,305,8586.51,4891.05,11050.15,0.209692815709859,0.39881618055515,0.33,6,1.77,539.85,2581.44,527.99,300.76,3786.18,0.27,0.35,0.2,0.45,7196.370000000001,8.377613504074507,0.2118742724097788,0.27590221187427244,0.15715948777648428,0.3550640279394645,0.209692815709859,0.39881618055515,0.608508996265009,0.11549999999999999,0.066,0.7965,893.36,32366.432800000002,14.106229508196721,2.2184453781512605,2.211470588235294,12.37313725490196,6,3,3
Pizza,26451,King Pizza Grill,Cafe,CBD,0.99,41.53,874,196,8139.88,237,136,305,9842.61,5648.08,12666.65,0.221420450042933,0.376416661264375,0.3,10,2.95,899.75,3273.56,1005.55,577.02,4194.31,0.29,0.35,0.2,0.45,9050.439999999999,10.355194508009152,0.2242562929061785,0.2711670480549199,0.15560640732265446,0.3489702517162471,0.221420450042933,0.376416661264375,0.597837111307308,0.105,0.06,1.3275000000000001,865.26,35934.2478,16.617055837563452,4.225,4.211824817518248,13.706895424836603,6,0,0
Pizza,25954,Lucky Pizza Cafe,QSR,CBD,0.99,30.41,880,170,5169.7,248,142,320,7541.68,4318.22,9731.2,0.205783533286303,0.407764682290144,0.32,5,1.48,473.6,1997.84,501.16,286.95,3287.04,0.24,0.35,0.2,0.45,6072.99,6.9011249999999995,0.19318181818181815,0.2818181818181818,0.16136363636363635,0.36363636363636365,0.205783533286303,0.407764682290144,0.613548215576447,0.11199999999999999,0.064,0.666,871.2,26493.192000000003,11.68327485380117,2.012690763052209,2.0066433566433566,10.24,6,3,0
Pizza,25310,Classic Pizza Eatery,Cafe,North Shore,1.03,37.34,859,188,7019.92,235,134,302,8774.9,5003.56,11276.68,0.249307421483099,0.3642220714828,0.29,17,5.02,1516.04,2712.99,846.52,482.7,2842.06,0.28,0.35,0.2,0.45,6884.2699999999995,8.01428405122235,0.2188591385331781,0.2735739231664726,0.15599534342258442,0.35157159487776485,0.249307421483099,0.3642220714828,0.613529492965899,0.10149999999999999,0.057999999999999996,2.259,884.77,33037.3118,14.354444444444443,3.5869491525423727,3.5755555555555554,9.37973597359736,6,0,1
Pizza,25810,Classic Pizza Grill,Full-service,CBD,0.99,30.33,1639,468,14194.44,410,234,527,12435.3,7097.22,15983.91,0.373194335575681,0.454851466068067,0.32,17,5.02,2645.54,2440.79,-1840.99,-1050.71,102.96,0.4,0.35,0.2,0.45,-347.9500000000001,-0.21229408175716907,0.2855399633923124,0.25015253203172666,0.1427699816961562,0.3215375228798048,0.373194335575681,0.454851466068067,0.828045801643748,0.11199999999999999,0.064,2.259,1622.61,49213.7613,5.204243070362473,-4.479294403892944,-4.471106382978723,0.19499999999999998,6,1,0
Pizza,25794,Lucky Pizza House,Cafe,West Auckland,1.04,36.95,817,237,8757.15,203,116,261,7500.85,4286.2,9643.95,0.256573899816722,0.387745711044408,0.32,18,5.31,1385.91,3114.75,267.63,152.93,2044.25,0.41,0.35,0.2,0.45,5579.5599999999995,6.8293268053855565,0.29008567931456547,0.2484700122399021,0.14198286413708688,0.31946144430844553,0.256573899816722,0.387745711044408,0.64431961086113,0.11199999999999999,0.064,2.3895,849.6800000000001,31395.676000000003,13.08718487394958,1.3119117647058822,1.307094017094017,7.802480916030534,6,0,3
Pizza,26657,Lucky Pizza Bistro,QSR,West Auckland,1.04,33.18,1575,335,11115.3,434,248,558,14400.12,8228.64,18514.44,0.264807686787099,0.357675140909851,0.29,13,3.84,2142.72,4196.22,1260.26,720.15,4846.8,0.27,0.35,0.2,0.45,11023.43,6.999003174603175,0.2126984126984127,0.27555555555555555,0.15746031746031744,0.35428571428571426,0.264807686787099,0.357675140909851,0.62248282769695,0.10149999999999999,0.057999999999999996,1.728,1638.0,54348.840000000004,12.488750000000001,2.897149425287356,2.892168674698795,8.670483005366727,6,3,3
Pizza,25708,Lucky Pizza Tavern,Cafe,North Shore,1.03,38.2,1716,490,18718.0,429,245,552,16387.8,9359.0,21086.4,0.273293681070209,0.407523798383772,0.3,7,2.07,1142.64,5974.46,314.36,179.53,5587.77,0.4,0.35,0.2,0.45,12056.119999999999,7.025710955710955,0.2855477855477855,0.24999999999999994,0.14277389277389274,0.32167832167832167,0.273293681070209,0.407523798383772,0.680817479453981,0.105,0.06,0.9315,1767.48,67517.73600000002,12.167942973523422,0.7310697674418605,0.7297967479674797,10.104466546112116,6,0,1
Pizza,25385,Urban Pizza Diner,Cafe,South Auckland,1.05,40.49,722,162,6559.38,196,112,252,7936.04,4534.88,10203.48,0.212264661733061,0.436031637550332,0.32,6,1.77,446.04,2306.96,251.6,143.77,3142.56,0.29,0.35,0.2,0.45,5844.889999999999,8.095415512465372,0.22437673130193908,0.27146814404432135,0.1551246537396122,0.3490304709141274,0.212264661733061,0.436031637550332,0.6482962992833929,0.11199999999999999,0.064,0.7965,758.1,30695.469,14.153128834355828,1.2771573604060913,1.2723008849557522,12.421185770750988,6,0,2
Pizza,25867,Classic Pizza House,QSR,North Shore,1.03,43.94,770,168,7381.92,211,120,271,9271.34,5272.8,11907.74,0.235598984565586,0.423567920038477,0.31,16,4.72,1279.12,2516.0,285.86,162.58,2779.43,0.28,0.35,0.2,0.45,5743.87,7.4595714285714285,0.21818181818181817,0.274025974025974,0.15584415584415584,0.3519480519480519,0.235598984565586,0.423567920038477,0.659166904604063,0.1085,0.062,2.124,793.1,34848.814000000006,14.887573964497042,1.3483962264150944,1.3436363636363637,10.218492647058824,6,3,1
Pizza,25423,Classic Pizza Corner,Cafe,South Auckland,1.05,35.31,1929,580,20479.8,472,270,607,16666.32,9533.7,21433.17,0.256918875612319,0.368768269196153,0.31,9,2.66,1614.62,7665.85,1071.86,613.14,6408.09,0.43,0.35,0.2,0.45,15758.94,8.169486780715397,0.3006739243131156,0.24468636599274238,0.13996889580093316,0.31467081389320894,0.256918875612319,0.368768269196153,0.625687144808472,0.1085,0.062,1.197,2025.45,71518.63949999999,13.194234079173839,2.266088794926004,2.2625092250922507,10.539621710526315,6,0,2
Pizza,26524,Lucky Pizza Bistro,Cafe,South Auckland,1.05,45.79,1801,436,19964.44,478,273,614,21887.62,12500.67,28115.06,0.200578124113381,0.390207906975411,0.31,11,3.25,1995.5,8169.73,2171.56,1240.24,9509.58,0.32,0.35,0.2,0.45,21091.11,11.710777345918935,0.24208772903942255,0.2654081066074403,0.1515824541921155,0.3409217101610217,0.200578124113381,0.390207906975411,0.590786031088792,0.1085,0.062,1.4625000000000001,1891.0500000000002,86591.1795,18.695034324942792,4.533528183716075,4.526423357664234,15.462731707317072,6,0,2
Pizza,26529,Classic Pizza Cafe,Full-service,South Auckland,1.05,44.3,1393,488,21618.4,317,181,407,14043.1,8018.3,18030.1,0.384137317724526,0.500554657983594,0.3,16,4.72,1921.04,2492.77,-2593.65,-1480.92,157.98,0.54,0.35,0.2,0.45,-1423.8200000000002,-1.0221249102656138,0.3503230437903805,0.22756640344580042,0.1299353912419239,0.29217516152189515,0.384137317724526,0.500554657983594,0.88469197570812,0.105,0.06,2.124,1462.65,64795.395000000004,5.097689161554192,-8.156132075471698,-8.136923076923077,0.3872058823529412,6,1,2
Pizza,25707,King Pizza Diner,Cafe,South Auckland,1.05,37.73,1202,318,11998.14,309,177,398,11658.57,6678.21,15016.54,0.217949770689011,0.365999466041103,0.29,11,3.25,1293.5,4991.84,1469.57,841.79,4954.14,0.36,0.35,0.2,0.45,12257.34,10.197454242928453,0.26455906821963393,0.25707154742096505,0.14725457570715475,0.3311148086522463,0.217949770689011,0.365999466041103,0.583949236730114,0.10149999999999999,0.057999999999999996,1.4625000000000001,1262.1000000000001,47619.033,15.648401253918495,4.740548387096774,4.729157303370786,12.41639097744361,6,0,2
Pizza,25304,Classic Pizza Bistro,Full-service,West Auckland,1.04,41.88,2154,708,29651.04,506,289,651,21191.28,12103.32,27263.88,0.372427905304357,0.459272995102219,0.31,16,4.72,3072.72,4990.24,-3002.82,-1715.05,1515.77,0.49,0.35,0.2,0.45,1788.1399999999996,0.8301485608170843,0.3286908077994429,0.23491179201485607,0.1341689879294336,0.3022284122562674,0.372427905304357,0.459272995102219,0.831700900406576,0.1085,0.062,2.124,2240.16,93817.9008,7.038420310296192,-5.922721893491125,-5.913965517241379,2.3248006134969326,6,1,3
Pizza,26450,Top Pizza Bistro,QSR,North Shore,1.03,40.75,1759,293,11939.75,513,293,660,20904.75,11939.75,26895.0,0.209840250760317,0.408375806361437,0.33,13,3.84,2534.4,4558.4,1082.53,618.29,7733.68,0.2,0.35,0.2,0.45,13992.9,7.955031267765776,0.1665719158612848,0.2916429789653212,0.1665719158612848,0.3752131893121092,0.209840250760317,0.408375806361437,0.618216057121754,0.11549999999999999,0.066,1.728,1811.77,73829.6275,15.504761904761903,2.1060894941634243,2.1030272108843535,11.699969742813918,6,3,1
Pizza,26427,Lucky Pizza Tavern,Cafe,CBD,0.99,31.35,1591,486,15236.1,387,221,497,12132.45,6928.35,15580.95,0.267180955633521,0.405959353060462,0.27,17,5.02,2494.94,4980.07,689.85,393.94,2597.84,0.44,0.35,0.2,0.45,8661.7,5.4441860465116285,0.30546825895663104,0.24324324324324323,0.13890634820867379,0.3123821495914519,0.267180955633521,0.405959353060462,0.673140308693983,0.0945,0.054000000000000006,2.259,1575.09,49379.071500000005,10.226016427104723,1.7779639175257733,1.7745045045045045,5.216546184738956,6,0,0
Pizza,26651,Urban Pizza Grill,QSR,North Shore,1.03,43.8,1694,380,16644.0,460,263,591,20148.0,11519.4,25885.8,0.22018214546144,0.447627211268991,0.29,9,2.66,1572.06,5528.98,850.06,486.01,7026.96,0.29,0.35,0.2,0.45,13892.009999999998,8.200714285714286,0.22432113341204252,0.2715466351829988,0.1552538370720189,0.34887839433293977,0.22018214546144,0.447627211268991,0.6678093567304311,0.10149999999999999,0.057999999999999996,1.197,1744.82,76423.116,14.511758530183727,1.8439479392624727,1.8409469696969696,11.869864864864866,6,3,1
Pizza,26557,Lucky Pizza Tavern,Full-service,South Auckland,1.05,43.14,969,305,13157.7,232,133,299,10008.48,5737.62,12898.86,0.383657122286968,0.455078476667404,0.29,5,1.48,442.52,2121.87,-1288.45,-738.64,1637.61,0.46,0.35,0.2,0.45,1732.3899999999999,1.78781217750258,0.31475748194014447,0.23942208462332298,0.1372549019607843,0.30856553147574817,0.383657122286968,0.455078476667404,0.838735598954372,0.10149999999999999,0.057999999999999996,0.666,1017.45,43892.793000000005,6.934215686274509,-5.529828326180258,-5.512238805970149,5.458699999999999,6,1,2
Pizza,25553,King Pizza Eatery,Cafe,CBD,0.99,38.19,1435,438,16727.22,349,199,449,13328.31,7599.81,17147.31,0.22399247141555,0.391132962983102,0.31,7,2.07,929.43,6437.88,997.95,569.03,5670.13,0.44,0.35,0.2,0.45,13674.99,9.52960975609756,0.305226480836237,0.243205574912892,0.13867595818815334,0.31289198606271784,0.22399247141555,0.391132962983102,0.6151254343986521,0.1085,0.062,0.9315,1420.65,54254.623499999994,14.66487471526196,2.8512857142857144,2.84515,12.600288888888889,6,0,0
Thai,25001,Lotus Grill,QSR,South Auckland,1.05,33.75,580,71,2396.25,254,153,102,8572.5,5163.75,3442.5,0.275752293970436,0.379911925341003,0.28,6,1.77,180.54,825.11,551.52,332.21,1004.84,0.14,0.5,0.3,0.2,2713.6800000000003,4.678758620689655,0.12241379310344827,0.4379310344827586,0.2637931034482759,0.17586206896551723,0.275752293970436,0.379911925341003,0.655664219311439,0.14,0.084,0.35400000000000004,609.0,20553.75,11.459861111111111,2.1628235294117646,2.157207792207792,9.755728155339806,7,3,2
Thai,25608,Red Corner,Full-service,West Auckland,1.04,43.86,1689,369,16184.34,660,396,264,28947.6,17368.56,11579.04,0.381053506885655,0.492331564100459,0.31,13,3.84,1013.76,2049.18,-5308.56,-3185.13,452.32,0.28,0.5,0.3,0.2,-5992.1900000000005,-3.547773830669035,0.21847246891651864,0.39076376554174064,0.2344582593250444,0.15630550621669625,0.381053506885655,0.492331564100459,0.873385070986114,0.155,0.093,0.768,1756.5600000000002,77042.7216,5.538324324324324,-8.031104387291983,-8.022997481108312,1.7068679245283018,7,1,3
Thai,25285,Sakura Corner,QSR,South Auckland,1.05,39.77,748,55,2187.35,346,208,139,13760.42,8272.16,5528.03,0.26003233987838,0.441909208055586,0.33,10,2.95,410.05,651.96,-439.53,-264.23,1237.63,0.08,0.5,0.3,0.2,1185.8300000000002,1.5853342245989306,0.07352941176470588,0.4625668449197861,0.27807486631016043,0.1858288770053476,0.26003233987838,0.441909208055586,0.7019415479339659,0.165,0.099,0.5900000000000001,785.4,31235.358,11.642142857142858,-1.266657060518732,-1.2642583732057417,8.840214285714287,7,3,2
Thai,26659,Lotus Grill,QSR,North Shore,1.03,34.64,1424,152,5265.28,636,382,254,22031.04,13232.48,8798.56,0.224418778009713,0.382366169150919,0.28,3,0.89,226.06,2070.39,2494.25,1498.12,3233.67,0.12,0.5,0.3,0.2,9296.43,6.528391853932584,0.10674157303370786,0.4466292134831461,0.2682584269662921,0.17837078651685392,0.224418778009713,0.382366169150919,0.6067849471606319,0.14,0.084,0.17800000000000002,1466.72,50807.1808,13.531960784313725,3.9156200941915227,3.91154046997389,12.681058823529412,7,3,1
Thai,26582,Lotus Eatery,QSR,CBD,0.99,32.56,1565,167,5437.52,699,419,280,22759.44,13642.64,9116.8,0.218178118113428,0.431010805140249,0.3,14,4.13,1156.4,1907.54,1156.43,693.2,2041.87,0.12,0.5,0.3,0.2,5799.04,3.7054568690095846,0.10670926517571887,0.4466453674121406,0.26773162939297124,0.17891373801916932,0.218178118113428,0.431010805140249,0.6491889232536769,0.15,0.09,0.8260000000000001,1549.35,50446.835999999996,11.354404761904762,1.6520428571428571,1.6504761904761907,7.26644128113879,7,3,0
Thai,25127,Golden Cafe,QSR,South Auckland,1.05,37.01,534,61,2257.61,236,142,95,8734.36,5255.42,3515.95,0.209436130970716,0.421511780680157,0.27,17,5.02,476.9,833.18,865.16,520.56,820.67,0.13,0.5,0.3,0.2,3039.5699999999997,5.692078651685392,0.11423220973782772,0.4419475655430712,0.26591760299625467,0.17790262172284643,0.209436130970716,0.421511780680157,0.6309479116508729,0.135,0.081,1.004,560.7,20751.507,13.438387096774193,3.650464135021097,3.64027972027972,8.548645833333333,7,3,2
Thai,25896,Golden Eatery,Full-service,North Shore,1.03,35.01,1493,308,10783.08,592,356,237,20725.92,12463.56,8297.37,0.389836396742612,0.512049130955711,0.32,10,2.95,699.15,1057.98,-4598.78,-2765.48,114.94,0.26,0.5,0.3,0.2,-6191.34,-4.146912257200268,0.20629604822505024,0.3965170797052913,0.23844608171466844,0.15874079035498997,0.389836396742612,0.512049130955711,0.9018855276983231,0.16,0.096,0.5900000000000001,1537.79,53838.0279,3.423883495145631,-7.755109612141652,-7.7464425770308125,0.4829411764705882,7,1,1
Thai,25493,Golden House,Cafe,West Auckland,1.04,40.37,1328,152,6136.24,588,353,235,23737.56,14250.61,9486.95,0.221122461147606,0.439319629827514,0.33,7,2.07,486.45,2083.61,226.88,136.21,2734.92,0.13,0.5,0.3,0.2,5181.620000000001,3.901822289156627,0.1144578313253012,0.4427710843373494,0.2658132530120482,0.1769578313253012,0.221122461147606,0.439319629827514,0.66044209097512,0.165,0.099,0.414,1381.1200000000001,55755.8144,13.618366013071896,0.38519524617996603,0.38477401129943506,11.58864406779661,7,0,3
Thai,26342,Lotus Eatery,Cafe,West Auckland,1.04,39.73,791,71,2820.83,360,216,144,14302.8,8581.68,5721.12,0.206660068742931,0.405520725762472,0.29,18,5.31,764.64,1093.97,1399.09,839.45,1454.12,0.1,0.5,0.3,0.2,4786.63,6.051365360303413,0.0897597977243995,0.45512010113780027,0.2730720606826802,0.18204804045512013,0.206660068742931,0.405520725762472,0.612180794505403,0.145,0.087,1.062,822.64,32683.487199999996,15.194027777777778,3.8755955678670357,3.8684331797235023,10.028413793103448,7,0,3
Thai,25696,Dragon Eatery,Cafe,South Auckland,1.05,42.49,715,59,2506.91,328,197,131,13936.72,8370.53,5566.19,0.200809258650988,0.419556430145167,0.31,10,2.95,386.45,951.71,970.47,582.88,1726.67,0.09,0.5,0.3,0.2,4231.73,5.9185034965034955,0.08251748251748253,0.4587412587412588,0.27552447552447557,0.18321678321678322,0.200809258650988,0.419556430145167,0.6203656887961551,0.155,0.093,0.5900000000000001,750.75,31899.367499999997,15.861833333333333,2.9497568389057753,2.9438383838383837,13.080833333333334,7,0,2
Thai,25900,Golden Kitchen,Full-service,CBD,0.99,42.08,1095,204,8584.32,446,267,178,18767.68,11235.36,7490.24,0.392105521680787,0.485890758875758,0.33,16,4.72,840.16,1047.32,-3903.61,-2336.91,73.68,0.23,0.5,0.3,0.2,-5119.5199999999995,-4.6753607305936065,0.1863013698630137,0.40730593607305937,0.2438356164383562,0.16255707762557078,0.392105521680787,0.485890758875758,0.877996280556545,0.165,0.099,0.944,1084.05,45616.824,5.108878048780488,-8.732908277404922,-8.71981343283582,0.4116201117318436,7,1,0
Thai,25012,Golden Grill,Cafe,West Auckland,1.04,36.18,1017,132,4775.76,442,266,177,15991.56,9623.88,6403.86,0.247586196903139,0.374162012757733,0.31,14,4.13,731.01,1806.44,1091.45,656.85,1691.26,0.15,0.5,0.3,0.2,5246.0,5.1583087512291055,0.1297935103244838,0.4346116027531957,0.2615535889872173,0.17404129793510326,0.247586196903139,0.374162012757733,0.621748209660872,0.155,0.093,0.8260000000000001,1057.68,38266.8624,13.582255639097745,2.463769751693002,2.460112359550562,9.501460674157304,7,0,3
Thai,26468,Sakura Kitchen,QSR,South Auckland,1.05,39.72,831,75,2979.0,378,227,151,15014.16,9016.44,5997.72,0.218265655562282,0.394720010622405,0.32,3,0.89,134.39,1152.92,1006.16,604.23,2186.81,0.1,0.5,0.3,0.2,4950.12,5.95682310469314,0.09025270758122744,0.4548736462093863,0.2731648616125151,0.18170878459687126,0.218265655562282,0.394720010622405,0.6129856661846871,0.16,0.096,0.17800000000000002,872.5500000000001,34657.686,15.170000000000002,2.6547757255936673,2.6501315789473683,14.386907894736842,7,3,2
Thai,26470,Golden Tavern,Cafe,South Auckland,1.05,46.77,1623,147,6875.19,738,443,295,34516.26,20719.11,13797.15,0.262257992625237,0.434052260057069,0.28,6,1.77,522.15,2087.92,817.68,490.83,3667.9,0.1,0.5,0.3,0.2,7064.33,4.352637091805299,0.09057301293900183,0.45471349353049906,0.2729513247073321,0.18176216882316695,0.262257992625237,0.434052260057069,0.696310252682306,0.14,0.084,0.35400000000000004,1704.15,79703.09550000001,14.107567567567568,1.1064682002706359,1.1054729729729729,12.391554054054055,7,0,2
Thai,26227,Lotus Eatery,Cafe,South Auckland,1.05,40.07,1191,127,5088.89,532,319,213,21317.24,12782.33,8534.91,0.261373641751707,0.353416023193859,0.3,16,4.72,1005.36,1960.29,1816.45,1089.19,2282.38,0.12,0.5,0.3,0.2,7148.31,6.0019395465994965,0.10663308144416458,0.4466834592779178,0.2678421494542402,0.1788413098236776,0.261373641751707,0.353416023193859,0.614789664945566,0.15,0.09,0.944,1250.55,50109.538499999995,15.314765625,3.4079737335834897,3.4037187500000003,10.665327102803738,7,0,2
Thai,25096,Lotus Eatery,QSR,CBD,0.99,32.0,849,104,3328.0,372,224,149,11904.0,7168.0,4768.0,0.20281207928434,0.438259883923456,0.27,17,5.02,747.98,1194.51,1058.6,637.44,963.39,0.14,0.5,0.3,0.2,3853.9399999999996,4.539387514723203,0.12249705535924617,0.4381625441696113,0.26383981154299174,0.17550058892815076,0.20281207928434,0.438259883923456,0.641071963207796,0.135,0.081,1.004,840.51,26896.32,11.376285714285714,2.8380697050938335,2.833066666666667,6.4226,7,3,0
Thai,25987,Red House,QSR,West Auckland,1.04,43.24,1668,178,7696.72,745,447,298,32213.8,19328.28,12885.52,0.274228022359312,0.413060047267936,0.32,6,1.77,527.46,2406.86,-234.78,-140.87,3502.0,0.12,0.5,0.3,0.2,5533.21,3.3172721822541966,0.10671462829736213,0.446642685851319,0.26798561151079137,0.1786570743405276,0.274228022359312,0.413060047267936,0.687288069627248,0.16,0.096,0.35400000000000004,1734.72,75009.2928,13.446145251396649,-0.31471849865951745,-0.3144419642857143,11.7123745819398,7,3,3
Thai,26028,Golden Eatery,Cafe,North Shore,1.03,43.28,1299,128,5539.84,586,351,234,25362.08,15191.28,10127.52,0.273229770790786,0.404283563466743,0.27,18,5.31,1242.54,1786.52,1331.17,797.34,2023.45,0.11,0.5,0.3,0.2,5938.4800000000005,4.571578137028484,0.09853733641262509,0.4511162432640493,0.2702078521939954,0.18013856812933027,0.273229770790786,0.404283563466743,0.677513334257529,0.135,0.081,1.062,1337.97,57907.3416,13.848992248062016,2.267751277683135,2.2651704545454545,8.610425531914894,7,0,1
Thai,26353,Dragon Bistro,QSR,CBD,0.99,31.56,1493,171,5396.76,661,397,264,20861.16,12529.32,8331.84,0.239739823397249,0.391634819563478,0.28,7,2.07,546.48,1989.38,1848.83,1110.42,2524.85,0.13,0.5,0.3,0.2,7473.48,5.005679839249832,0.1145344943067649,0.4427327528466175,0.26590756865371734,0.1768251841929002,0.239739823397249,0.391634819563478,0.631374642960727,0.14,0.084,0.414,1478.07,46647.8892,11.566162790697675,2.7927945619335346,2.79,9.527735849056603,7,3,0
Thai,26152,Lotus Bistro,Cafe,West Auckland,1.04,34.57,1037,127,4390.39,455,273,182,15729.35,9437.61,6291.74,0.220947811417282,0.352360815787688,0.28,4,1.18,214.76,1873.34,2307.36,1384.42,2469.87,0.14,0.5,0.3,0.2,8034.99,7.7483027965284474,0.12246865959498553,0.4387656702025072,0.26325940212150434,0.17550626808100286,0.220947811417282,0.352360815787688,0.57330862720497,0.14,0.084,0.236,1078.48,37283.05360000001,14.63546875,5.0600000000000005,5.052627737226278,13.49655737704918,7,0,3
Thai,25142,Dragon Grill,Cafe,South Auckland,1.05,44.04,1062,96,4227.84,483,290,193,21271.32,12771.6,8499.72,0.225175304058939,0.418327891989611,0.31,17,5.02,968.86,1507.21,989.05,593.84,2061.26,0.1,0.5,0.3,0.2,5151.360000000001,4.850621468926554,0.0903954802259887,0.4548022598870056,0.27306967984934083,0.18173258003766476,0.225175304058939,0.418327891989611,0.64350319604855,0.155,0.093,1.004,1115.1000000000001,49109.00400000001,15.538247422680413,2.0434917355371898,2.0406872852233677,10.625051546391754,7,0,2
Thai,25386,Lotus Eatery,Ghost Kitchen,South Auckland,1.05,43.93,1351,111,4876.23,620,372,248,27236.6,16341.96,10894.64,0.284841953276191,0.206779944582377,0.31,5,1.48,367.04,2478.97,5403.15,3241.89,5171.56,0.09,0.5,0.3,0.2,16295.57,12.061857883049592,0.08216136195410807,0.45891931902294597,0.2753515914137676,0.1835677276091784,0.284841953276191,0.206779944582377,0.491621897858568,0.155,0.093,0.296,1418.55,62316.90149999999,22.133660714285714,8.700724637681159,8.691394101876675,20.769317269076307,7,2,2
Thai,25751,Lotus Eatery,QSR,CBD,0.99,40.45,1566,142,5743.9,712,427,285,28800.4,17272.15,11528.25,0.220950177423656,0.388419489259832,0.3,10,2.95,840.75,2243.74,2610.19,1565.38,3662.53,0.1,0.5,0.3,0.2,10081.84,6.437956577266922,0.09067688378033205,0.45466155810983394,0.272669220945083,0.18199233716475094,0.220950177423656,0.388419489259832,0.609369666683488,0.15,0.09,0.5900000000000001,1550.34,62711.253000000004,15.69048951048951,3.6608555399719496,3.657429906542056,12.806048951048952,7,3,0
Thai,25589,Sakura Diner,Ghost Kitchen,South Auckland,1.05,38.03,555,26,988.78,264,159,106,10039.92,6046.77,4031.18,0.276379965303931,0.220443526480813,0.28,18,5.31,562.86,497.53,2240.67,1349.5,1465.54,0.05,0.5,0.3,0.2,5553.24,10.005837837837838,0.04684684684684684,0.47567567567567565,0.2864864864864865,0.19099099099099098,0.276379965303931,0.220443526480813,0.496823491784744,0.14,0.084,1.062,582.75,22161.982500000002,18.427037037037035,8.455358490566038,8.434375,13.696635514018691,7,2,2
Thai,26439,Sakura Kitchen,Full-service,CBD,0.99,36.1,782,151,5451.1,316,189,126,11407.6,6822.9,4548.6,0.379704358952586,0.4604658766184,0.33,17,5.02,632.52,871.25,-1941.23,-1161.05,94.48,0.24,0.5,0.3,0.2,-2136.5499999999997,-2.732161125319693,0.19309462915601025,0.40409207161125327,0.24168797953964197,0.16112531969309465,0.379704358952586,0.4604658766184,0.8401702355709859,0.165,0.099,1.004,774.18,27947.897999999997,5.7319078947368425,-6.1237539432176655,-6.1107894736842105,0.7439370078740157,7,1,0
Thai,26118,Golden House,Ghost Kitchen,CBD,0.99,36.93,1620,147,5428.71,736,442,295,27180.48,16323.06,10894.35,0.291367352742236,0.311181534768548,0.32,4,1.18,348.1,2157.65,2105.16,1264.24,3981.87,0.1,0.5,0.3,0.2,9508.919999999998,5.869703703703703,0.09074074074074075,0.454320987654321,0.27283950617283953,0.18209876543209877,0.291367352742236,0.311181534768548,0.6025488875107841,0.16,0.096,0.236,1603.8,59228.333999999995,14.578716216216216,2.856390773405699,2.8538148984198646,13.452263513513513,7,2,0
Thai,26077,Lotus Kitchen,QSR,CBD,0.99,32.96,1060,78,2570.88,491,295,196,16183.36,9723.2,6460.16,0.235267941784114,0.422363195079379,0.32,5,1.48,290.08,880.19,362.0,217.5,1921.68,0.08,0.5,0.3,0.2,3381.37,3.1899716981132076,0.07358490566037736,0.4632075471698113,0.2783018867924528,0.18490566037735845,0.235267941784114,0.422363195079379,0.657631136863493,0.16,0.096,0.296,1049.4,34588.224,11.141645569620254,0.7357723577235772,0.7347972972972973,9.754720812182741,7,3,0
Thai,25796,Lotus Corner,Cafe,West Auckland,1.04,45.01,1228,141,6346.41,544,326,217,24485.44,14673.26,9767.17,0.220988511480391,0.352993193850853,0.31,14,4.13,896.21,2703.69,2840.76,1702.37,3264.78,0.13,0.5,0.3,0.2,10511.6,8.559934853420195,0.11482084690553745,0.44299674267100975,0.26547231270358307,0.1767100977198697,0.220988511480391,0.352993193850853,0.5739817053312439,0.155,0.093,0.8260000000000001,1277.1200000000001,57483.171200000004,19.040070422535212,5.212403669724771,5.206024464831804,14.976055045871561,7,0,3
Thai,25029,Golden House,QSR,CBD,0.99,40.81,833,61,2489.41,386,232,154,15752.66,9467.92,6284.74,0.206587430424988,0.364191686338745,0.32,8,2.36,363.44,1068.51,1720.52,1034.09,2334.1,0.08,0.5,0.3,0.2,6157.219999999999,7.391620648259303,0.07322929171668668,0.4633853541416567,0.27851140456182477,0.18487394957983194,0.206587430424988,0.364191686338745,0.570779116763733,0.16,0.096,0.472,824.67,33654.782699999996,17.234032258064516,4.44578811369509,4.438154506437768,15.058709677419355,7,3,0
Thai,25758,Sakura Diner,Ghost Kitchen,North Shore,1.03,40.82,1476,70,2857.4,703,422,281,28696.46,17226.04,11470.42,0.288680646009743,0.222105606086552,0.32,4,1.18,331.58,1397.88,4855.84,2914.88,5279.91,0.05,0.5,0.3,0.2,14448.51,9.788963414634146,0.04742547425474255,0.47628726287262874,0.2859078590785908,0.19037940379403795,0.288680646009743,0.222105606086552,0.510786252096295,0.16,0.096,0.236,1520.28,62057.829600000005,19.688450704225353,6.8975,6.89096926713948,18.723085106382978,7,2,1
Thai,26122,Dragon Kitchen,QSR,CBD,0.99,44.53,1266,115,5120.95,576,345,230,25649.28,15362.85,10241.9,0.279058709423989,0.415310594765469,0.28,18,5.31,1221.3,1565.12,657.41,393.76,1908.94,0.1,0.5,0.3,0.2,4525.23,3.574431279620853,0.09083728278041073,0.4549763033175355,0.2725118483412322,0.18167456556082145,0.279058709423989,0.415310594765469,0.6943693041894581,0.14,0.084,1.062,1253.34,55811.230200000005,13.492413793103447,1.1393587521663777,1.1380346820809248,8.263809523809524,7,3,0
Thai,25800,Sakura Diner,QSR,CBD,0.99,31.14,453,37,1152.18,208,125,83,6477.12,3892.5,2584.62,0.267548405658454,0.414790036412887,0.31,5,1.48,122.84,366.0,49.62,29.82,698.19,0.09,0.5,0.3,0.2,1143.63,2.5245695364238414,0.0816777041942605,0.4591611479028698,0.27593818984547464,0.18322295805739516,0.267548405658454,0.414790036412887,0.682338442071341,0.155,0.093,0.296,448.46999999999997,13965.355799999998,9.631578947368421,0.23741626794258372,0.23666666666666666,8.311785714285715,7,3,0
Thai,25073,Dragon Bistro,Full-service,CBD,0.99,40.23,649,103,4143.69,273,164,109,10982.79,6597.72,4385.07,0.385292206250597,0.516773813543841,0.31,13,3.84,418.56,405.81,-2329.08,-1399.15,10.89,0.19,0.5,0.3,0.2,-3311.53,-5.10251155624037,0.15870570107858242,0.4206471494607088,0.2526964560862866,0.16795069337442217,0.385292206250597,0.516773813543841,0.902066019794438,0.155,0.093,0.768,642.51,25848.1773,3.902019230769231,-8.50029197080292,-8.47969696969697,0.099,7,1,0
Thai,26044,Sakura Bistro,Cafe,North Shore,1.03,44.34,1678,138,6118.92,770,462,308,34141.8,20485.08,13656.72,0.267806369066238,0.421381369489245,0.28,4,1.18,363.44,1901.84,1051.99,631.19,3881.24,0.09,0.5,0.3,0.2,7466.26,4.449499404052443,0.08224076281287246,0.4588796185935638,0.27532777115613827,0.18355184743742547,0.267806369066238,0.421381369489245,0.689187738555483,0.14,0.084,0.236,1728.3400000000001,76634.5956,13.68230215827338,1.3644487678339818,1.3632613390928727,12.560647249190938,7,0,1
Thai,26408,Lotus Bistro,Ghost Kitchen,South Auckland,1.05,38.88,511,24,933.12,244,146,97,9486.72,5676.48,3771.36,0.285626432765275,0.265033819479868,0.3,7,2.07,200.79,419.29,1416.74,847.72,1493.83,0.05,0.5,0.3,0.2,4177.58,8.175303326810177,0.046966731898238745,0.4774951076320939,0.2857142857142857,0.18982387475538162,0.285626432765275,0.265033819479868,0.5506602522451429,0.15,0.09,0.414,536.5500000000001,20861.064000000002,16.7716,5.782612244897959,5.766802721088435,15.243163265306121,7,2,2
Thai,26006,Lotus House,Cafe,South Auckland,1.05,39.79,1547,153,6087.87,697,418,279,27733.63,16632.22,11101.41,0.257934817820787,0.431698935572058,0.32,13,3.84,1071.36,1889.47,-267.18,-160.23,2374.14,0.11,0.5,0.3,0.2,3836.2,2.4797672915319975,0.0989010989010989,0.45054945054945056,0.27020038784744665,0.18034906270200388,0.257934817820787,0.431698935572058,0.6896337533928449,0.16,0.096,0.768,1624.3500000000001,64632.88650000001,12.269285714285715,-0.3827793696275072,-0.3824105011933174,8.479071428571428,7,0,2
Thai,26493,Sakura Tavern,Ghost Kitchen,North Shore,1.03,42.72,487,23,982.56,232,139,93,9911.04,5938.08,3972.96,0.279154130327515,0.263758043944836,0.32,15,4.43,411.99,449.12,1358.68,814.04,1404.0,0.05,0.5,0.3,0.2,4025.84,8.266611909650925,0.04722792607802875,0.4763860369609857,0.28542094455852157,0.19096509240246407,0.279154130327515,0.263758043944836,0.5429121742723511,0.16,0.096,0.886,501.61,21428.7792,18.713333333333335,5.8312446351931335,5.814571428571428,14.936170212765957,7,2,1
Thai,26655,Golden Diner,QSR,CBD,0.99,35.42,994,90,3187.8,452,271,181,16009.84,9598.82,6411.02,0.273310075625777,0.433302526897751,0.31,17,5.02,908.62,935.26,-265.97,-159.46,972.29,0.1,0.5,0.3,0.2,1482.12,1.491066398390342,0.09054325955734407,0.454728370221328,0.272635814889336,0.18209255533199198,0.273310075625777,0.433302526897751,0.706612602523528,0.155,0.093,1.004,984.06,34855.405199999994,10.277582417582417,-0.5871302428256071,-0.58625,5.342252747252747,7,3,0
Thai,25039,Lotus Grill,QSR,South Auckland,1.05,42.7,1079,115,4910.5,482,289,193,20581.4,12340.3,8241.1,0.269678716342896,0.384321287600324,0.3,7,2.07,399.51,1699.03,946.74,567.65,2451.91,0.12,0.5,0.3,0.2,5665.33,5.250537534754402,0.10658016682113068,0.4467099165894347,0.267840593141798,0.17886932344763673,0.269678716342896,0.384321287600324,0.65400000394322,0.15,0.09,0.414,1132.95,48376.965,14.646810344827585,1.9601242236024845,1.957413793103448,12.638711340206186,7,3,2
Thai,25768,Sakura Eatery,Cafe,CBD,0.99,36.71,842,69,2532.99,386,232,155,14170.06,8516.72,5690.05,0.215933950506151,0.444786934065633,0.28,4,1.18,182.9,859.39,839.99,504.86,1747.62,0.09,0.5,0.3,0.2,3951.86,4.693420427553444,0.0819477434679335,0.4584323040380048,0.2755344418052257,0.18408551068883613,0.215933950506151,0.444786934065633,0.660720884571784,0.14,0.084,0.236,833.58,30600.721799999996,12.277,2.170516795865633,2.1667811158798282,11.202692307692306,7,0,0
Thai,25041,Red Corner,QSR,CBD,0.99,31.52,863,99,3120.48,382,229,153,12040.64,7218.08,4822.56,0.223921236507595,0.38521895618178,0.31,13,3.84,587.52,1219.67,973.6,583.65,1297.42,0.13,0.5,0.3,0.2,4074.34,4.721135573580534,0.11471610660486675,0.4426419466975666,0.2653534183082271,0.17728852838933953,0.223921236507595,0.38521895618178,0.6091401926893749,0.155,0.093,0.768,854.37,26929.7424,12.1967,2.542036553524804,2.5376086956521737,8.424805194805195,7,3,0
Thai,26255,Lotus Cafe,QSR,CBD,0.99,31.26,1502,124,3876.24,689,413,276,21538.14,12910.38,8627.76,0.203652285616845,0.429619633592665,0.33,8,2.36,651.36,1421.53,791.05,474.17,2512.68,0.09,0.5,0.3,0.2,5199.43,3.461671105193076,0.08255659121171771,0.45872170439414117,0.27496671105193077,0.1837549933422104,0.203652285616845,0.429619633592665,0.63327191920951,0.165,0.099,0.472,1486.98,46482.99479999999,11.37224,1.1464492753623188,1.1453381642512077,9.071046931407942,7,3,0
Thai,26538,Lotus Kitchen,QSR,CBD,0.99,33.85,543,70,2369.5,236,142,95,7988.6,4806.7,3215.75,0.242535118777305,0.426368783880025,0.3,6,1.77,168.15,784.53,248.41,149.47,896.57,0.15,0.5,0.3,0.2,2078.98,3.8286924493554326,0.1289134438305709,0.4346224677716391,0.26151012891344383,0.17495395948434622,0.242535118777305,0.426368783880025,0.66890390265733,0.15,0.09,0.35400000000000004,537.57,18196.7445,11.049718309859154,1.0481434599156119,1.0452447552447552,9.339270833333334,7,3,0
Thai,26052,Golden Grill,Full-service,CBD,0.99,35.37,982,202,7144.74,390,234,156,13794.3,8276.58,5517.72,0.355087154521607,0.521680672629736,0.27,18,5.31,828.36,880.46,-2024.56,-1214.74,-148.4,0.26,0.5,0.3,0.2,-2507.2400000000002,-2.553197556008147,0.2057026476578411,0.39714867617107935,0.23828920570264764,0.15885947046843177,0.355087154521607,0.521680672629736,0.876767827151343,0.135,0.081,1.062,972.18,34386.0066,4.337241379310345,-5.177902813299233,-5.169106382978724,-0.9452229299363057,7,1,0
Thai,25651,Sakura House,Full-service,South Auckland,1.05,37.9,1714,385,14591.5,664,399,266,25165.6,15122.1,10081.4,0.378311446553562,0.536643758160062,0.3,16,4.72,1255.52,1240.93,-5409.48,-3250.57,-398.15,0.29,0.5,0.3,0.2,-7817.269999999999,-4.560834305717619,0.22462077012835474,0.38739789964994165,0.23278879813302217,0.15519253208868145,0.378311446553562,0.536643758160062,0.914955204713624,0.15,0.09,0.944,1799.7,68208.63,3.2148445595854924,-8.134556390977442,-8.126425000000001,-1.491198501872659,7,1,2
Thai,25908,Lotus Bistro,Ghost Kitchen,North Shore,1.03,38.79,1502,71,2754.09,716,429,286,27773.64,16640.91,11093.94,0.294298620906193,0.278156667167786,0.27,6,1.77,506.22,1177.5,4375.59,2621.69,4236.94,0.05,0.5,0.3,0.2,12411.720000000001,8.263462050599202,0.04727030625832224,0.4766977363515313,0.28561917443408785,0.1904127829560586,0.294298620906193,0.278156667167786,0.572455288073979,0.135,0.081,0.35400000000000004,1547.06,60010.45740000001,16.354166666666668,6.102635983263599,6.096953488372093,14.762857142857142,7,2,1
Thai,26300,Sakura Bistro,Cafe,West Auckland,1.04,42.78,672,72,3080.16,300,180,120,12834.0,7700.4,5133.6,0.210961750838906,0.360864102188498,0.29,10,2.95,354.0,1318.84,1773.33,1064.0,1844.07,0.12,0.5,0.3,0.2,6000.24,8.928928571428571,0.10714285714285715,0.4464285714285715,0.2678571428571429,0.1785714285714286,0.210961750838906,0.360864102188498,0.5718258530274041,0.145,0.087,0.5900000000000001,698.88,29898.086399999997,18.066301369863012,5.891461794019933,5.878453038674033,15.240247933884296,7,0,3
Thai,25412,Red Diner,Full-service,CBD,0.99,31.91,1132,188,5999.08,472,283,189,15061.52,9030.53,6030.99,0.360180454456713,0.494264544453472,0.32,14,4.13,780.57,873.2,-2627.41,-1575.33,97.27,0.2,0.5,0.3,0.2,-3232.27,-2.8553621908127207,0.16607773851590107,0.41696113074204955,0.25000000000000006,0.1669611307420495,0.360180454456713,0.494264544453472,0.854444998910185,0.16,0.096,0.8260000000000001,1120.68,35760.898799999995,4.62010582010582,-5.554778012684989,-5.546936619718309,0.5119473684210526,7,1,0
Thai,25291,Lotus Diner,QSR,South Auckland,1.05,36.1,521,55,1985.5,233,140,93,8411.3,5054.0,3357.3,0.233243496064097,0.365065242908895,0.31,10,2.95,274.35,797.56,771.24,463.41,1074.25,0.12,0.5,0.3,0.2,3106.46,5.962495201535509,0.10556621880998081,0.4472168905950096,0.2687140115163148,0.17850287907869483,0.233243496064097,0.365065242908895,0.598308738972992,0.155,0.093,0.5900000000000001,547.0500000000001,19748.505,14.242142857142856,3.295897435897436,3.2865957446808514,11.428191489361701,7,3,2
Thai,25912,Dragon Eatery,QSR,South Auckland,1.05,33.69,535,48,1617.12,244,146,97,8220.36,4918.74,3267.93,0.214890444949269,0.445244940463454,0.31,13,3.84,372.48,549.6,245.5,146.9,738.17,0.1,0.5,0.3,0.2,1680.17,3.1405046728971966,0.0897196261682243,0.45607476635514027,0.27289719626168224,0.18130841121495328,0.214890444949269,0.445244940463454,0.660135385412723,0.155,0.093,0.768,561.75,18925.3575,11.216326530612246,1.0020408163265306,0.9993197278911565,7.53234693877551,7,3,2
Thai,26060,Dragon Grill,Full-service,West Auckland,1.04,34.19,617,111,3795.09,253,152,101,8650.07,5196.88,3453.19,0.372022026230115,0.478175587556325,0.32,17,5.02,507.02,568.51,-1472.22,-884.5,10.28,0.22,0.5,0.3,0.2,-1777.93,-2.8815721231766616,0.17990275526742303,0.4100486223662885,0.24635332252836306,0.16369529983792544,0.372022026230115,0.478175587556325,0.85019761378644,0.16,0.096,1.004,641.6800000000001,21939.0392,5.075982142857143,-5.7961417322834645,-5.781045751633987,0.1007843137254902,7,1,3
Thai,25901,Red Corner,Ghost Kitchen,North Shore,1.03,42.86,899,66,2828.76,416,250,167,17829.76,10715.0,7157.62,0.273968830623198,0.243197440577205,0.29,5,1.48,247.16,1365.82,3438.18,2066.21,3208.78,0.08,0.5,0.3,0.2,10078.99,11.211334816462736,0.07341490545050056,0.46273637374860954,0.27808676307007785,0.185761957730812,0.273968830623198,0.243197440577205,0.517166271200403,0.145,0.087,0.296,925.97,39687.0742,20.385373134328358,8.245035971223022,8.231912350597609,19.099880952380953,7,2,1
Thai,25093,Lotus House,Cafe,CBD,0.99,31.34,1447,119,3729.46,664,398,266,20809.76,12473.32,8336.44,0.254196326769888,0.394487718609162,0.31,3,0.89,236.74,1310.22,859.78,515.35,2691.98,0.09,0.5,0.3,0.2,5377.33,3.7161921216309604,0.08223911541119558,0.4588804422944022,0.2750518313752592,0.18382861091914307,0.254196326769888,0.394487718609162,0.64868404537905,0.155,0.093,0.17800000000000002,1432.53,44895.49019999999,10.9185,1.2929022556390977,1.2916040100250628,10.082322097378277,7,0,0
Thai,25782,Lotus House,Full-service,South Auckland,1.05,43.51,1123,163,7092.13,480,288,192,20884.8,12530.88,8353.92,0.358453105599619,0.468209247034974,0.27,14,4.13,792.96,1229.33,-2018.77,-1211.26,655.09,0.17,0.5,0.3,0.2,-1345.6100000000001,-1.1982279608192343,0.14514692787177205,0.427426536064114,0.2564559216384684,0.1709706144256456,0.358453105599619,0.468209247034974,0.8266623526345931,0.135,0.081,0.8260000000000001,1179.15,51304.8165,7.495914634146341,-4.197027027027027,-4.19121107266436,3.3942487046632124,7,1,2
Thai,26187,Sakura Corner,Cafe,CBD,0.99,30.55,1005,99,3024.45,453,272,181,13839.15,8309.6,5529.55,0.273210553117096,0.424410239839926,0.32,10,2.95,533.95,914.53,-243.86,-146.42,1138.07,0.11,0.5,0.3,0.2,1662.32,1.654049751243781,0.09850746268656717,0.45074626865671646,0.2706467661691543,0.1800995024875622,0.273210553117096,0.424410239839926,0.697620792957022,0.16,0.096,0.5900000000000001,994.95,30395.722499999996,9.145299999999999,-0.537136563876652,-0.5363369963369963,6.2531318681318675,7,0,0
Thai,25918,Sakura Corner,Cafe,CBD,0.99,32.66,1288,148,4833.68,570,342,228,18616.2,11169.72,7446.48,0.232183169946074,0.359768124553375,0.27,18,5.31,1210.68,1972.38,2569.94,1541.97,1827.85,0.13,0.5,0.3,0.2,7912.139999999999,6.142965838509316,0.11490683229813665,0.44254658385093165,0.265527950310559,0.17701863354037264,0.232183169946074,0.359768124553375,0.5919512944994489,0.135,0.081,1.062,1275.12,41645.419200000004,13.237449664429532,4.500770577933451,4.495539358600583,7.981877729257642,7,0,0
Thai,26310,Red Grill,QSR,West Auckland,1.04,37.74,675,55,2075.7,310,186,124,11699.4,7019.64,4679.76,0.252736609466374,0.430498163960874,0.28,5,1.48,183.52,657.51,430.13,258.08,1298.87,0.09,0.5,0.3,0.2,2644.5899999999997,3.9179111111111107,0.08148148148148147,0.45925925925925926,0.27555555555555555,0.1837037037037037,0.252736609466374,0.430498163960874,0.6832347734272479,0.14,0.084,0.296,702.0,26493.48,11.741249999999999,1.3830546623794213,1.3801069518716578,10.39096,7,3,3
Thai,26432,Dragon Corner,QSR,West Auckland,1.04,40.99,767,100,4099.0,334,200,133,13690.66,8198.0,5451.67,0.233901023175567,0.430628993362188,0.31,3,0.89,118.37,1375.09,348.7,208.8,1710.5,0.15,0.5,0.3,0.2,3643.09,4.749791395045633,0.1303780964797914,0.43546284224250326,0.2607561929595828,0.17340286831812254,0.233901023175567,0.430628993362188,0.664530016537755,0.155,0.093,0.17800000000000002,797.6800000000001,32696.903200000004,13.614752475247524,1.0408955223880596,1.0388059701492538,12.764925373134329,7,3,3
Thai,26325,Red Tavern,Ghost Kitchen,North Shore,1.03,41.86,594,28,1172.08,283,170,113,11846.38,7116.2,4730.18,0.270292205282021,0.250429149204865,0.3,13,3.84,433.92,561.75,2123.8,1275.78,1833.15,0.05,0.5,0.3,0.2,5794.48,9.755016835016834,0.04713804713804713,0.47643097643097637,0.28619528619528617,0.19023569023569026,0.270292205282021,0.250429149204865,0.5207213544868861,0.15,0.09,0.768,611.82,25610.785200000002,19.370689655172413,7.478169014084508,7.460701754385965,16.080263157894738,7,2,1
Thai,25342,Red Eatery,QSR,South Auckland,1.05,40.95,1693,167,6838.65,763,458,305,31244.85,18755.1,12489.75,0.276096988841891,0.361911601130851,0.31,4,1.18,359.9,2475.53,1624.46,975.1,4161.28,0.11,0.5,0.3,0.2,9236.369999999999,5.455623154164205,0.09864146485528646,0.4506792675723567,0.2705256940342587,0.18015357353809802,0.276096988841891,0.361911601130851,0.638008589972742,0.155,0.093,0.236,1777.65,72794.76750000002,14.73529761904762,2.126256544502618,2.124400871459695,13.598954248366013,7,3,2
Thai,26394,Red House,Cafe,West Auckland,1.04,42.65,742,73,3113.45,334,201,134,14245.1,8572.65,5715.1,0.206470160987228,0.375823995005339,0.31,6,1.77,237.18,1300.51,1534.28,923.32,2150.05,0.11,0.5,0.3,0.2,5908.16,7.962479784366576,0.09838274932614556,0.45013477088948795,0.27088948787061995,0.18059299191374667,0.206470160987228,0.375823995005339,0.582294155992567,0.155,0.093,0.35400000000000004,771.6800000000001,32912.151999999995,17.574459459459458,4.579940298507463,4.570891089108911,15.926296296296298,7,0,3
Thai,25426,Golden Tavern,Full-service,South Auckland,1.05,33.36,1187,229,7639.44,479,287,192,15979.44,9574.32,6405.12,0.38310458236374,0.474600998777896,0.27,3,0.89,170.88,1087.05,-2040.66,-1222.69,740.53,0.24,0.5,0.3,0.2,-1435.7700000000002,-1.2095787700084248,0.19292333614153326,0.4035383319292334,0.2417860151642797,0.16175231676495366,0.38310458236374,0.474600998777896,0.8577055811416361,0.135,0.081,0.17800000000000002,1246.3500000000001,41578.236000000004,4.726304347826087,-4.251375,-4.245451388888889,3.836943005181347,7,1,2
Thai,25116,Lotus House,QSR,CBD,0.99,38.65,961,87,3362.55,437,262,175,16890.05,10126.3,6763.75,0.24779021307826,0.351301836851053,0.29,4,1.18,206.5,1348.07,1873.24,1123.09,2505.14,0.1,0.5,0.3,0.2,6849.539999999999,7.127513007284078,0.09053069719042665,0.45473465140478675,0.2726326742976067,0.18210197710718004,0.24779021307826,0.351301836851053,0.599092049929313,0.145,0.087,0.236,951.39,36771.22349999999,15.318977272727272,4.276803652968036,4.270304182509506,14.233749999999999,7,3,0
Thai,26600,Golden Cafe,QSR,South Auckland,1.05,39.99,1260,114,4558.86,573,344,229,22914.27,13756.56,9157.71,0.215532008763403,0.354517742316239,0.28,16,4.72,1080.88,1960.08,3436.0,2062.8,2856.48,0.1,0.5,0.3,0.2,10315.36,8.186793650793652,0.09047619047619047,0.45476190476190476,0.273015873015873,0.1817460317460317,0.215532008763403,0.354517742316239,0.5700497510796421,0.14,0.084,0.944,1323.0,52906.770000000004,17.044173913043476,5.986062717770035,5.9791304347826095,12.419478260869566,7,3,2
Thai,26478,Sakura House,Ghost Kitchen,CBD,0.99,39.09,1005,91,3557.19,457,274,183,17864.13,10710.66,7153.47,0.291196894482709,0.243826452852227,0.31,13,3.84,702.72,1654.01,2768.52,1659.9,2623.48,0.1,0.5,0.3,0.2,8705.91,8.662597014925373,0.09054726368159205,0.45472636815920403,0.272636815920398,0.182089552238806,0.291196894482709,0.243826452852227,0.5350233473349361,0.155,0.093,0.768,994.95,38892.595499999996,17.978369565217392,6.044803493449781,6.0360000000000005,14.25804347826087,7,2,0
Thai,26522,Red Eatery,QSR,CBD,0.99,31.74,916,67,2126.58,424,255,170,13457.76,8093.7,5395.8,0.230271822419018,0.397118114680052,0.3,18,5.31,902.7,792.39,977.17,587.68,1107.83,0.08,0.5,0.3,0.2,3465.0699999999997,3.78282751091703,0.07314410480349345,0.462882096069869,0.27838427947598254,0.18558951965065504,0.230271822419018,0.397118114680052,0.62738993709907,0.15,0.09,1.062,906.84,28783.101599999998,11.652794117647058,2.2992235294117647,2.295625,6.478538011695906,7,3,0
Thai,26239,Red Tavern,Ghost Kitchen,North Shore,1.03,36.32,708,52,1888.64,328,197,131,11912.96,7155.04,4757.92,0.287703667557798,0.282979661610443,0.32,12,3.54,463.74,810.82,1302.29,782.17,1578.91,0.08,0.5,0.3,0.2,4474.1900000000005,6.319477401129944,0.07344632768361584,0.4632768361581921,0.2782485875706215,0.18502824858757064,0.287703667557798,0.282979661610443,0.570683329168241,0.16,0.096,0.7080000000000001,729.24,26485.996799999997,15.298490566037737,3.9583282674772033,3.950353535353535,11.961439393939395,7,2,1
Thai,25606,Sakura Cafe,Full-service,CBD,0.99,34.87,1181,299,10426.13,441,265,176,15377.67,9240.55,6137.12,0.394711547996849,0.517918030405417,0.31,15,4.43,779.68,910.94,-3423.52,-2057.22,-243.48,0.34,0.5,0.3,0.2,-4813.279999999999,-4.075596951735816,0.25317527519051647,0.37341236240474174,0.22438611346316678,0.14902624894157493,0.394711547996849,0.517918030405417,0.912629578402266,0.155,0.093,0.886,1169.19,40769.6553,3.0364666666666666,-7.74552036199095,-7.733909774436089,-1.375593220338983,7,1,0
Thai,26174,Golden Grill,Ghost Kitchen,CBD,0.99,38.21,1168,44,1681.24,562,337,225,21474.02,12876.77,8597.25,0.268919454631396,0.332449844502844,0.29,5,1.48,333.0,670.19,2332.74,1398.81,3094.13,0.04,0.5,0.3,0.2,7495.87,6.417696917808219,0.03767123287671233,0.48116438356164387,0.288527397260274,0.19263698630136986,0.268919454631396,0.332449844502844,0.60136929913424,0.145,0.087,0.296,1156.32,44182.987199999996,14.893111111111113,4.143410301953819,4.138491124260355,13.690840707964602,7,2,0
Thai,26647,Dragon Grill,Full-service,South Auckland,1.05,38.63,1685,257,9927.91,714,428,286,27581.82,16533.64,11048.18,0.392217968113255,0.525533310719766,0.28,10,2.95,843.7,816.56,-5454.34,-3269.55,65.0,0.18,0.5,0.3,0.2,-7842.330000000001,-4.6542017804154305,0.15252225519287835,0.42373887240356084,0.2540059347181009,0.16973293768545997,0.392217968113255,0.525533310719766,0.9177512788330209,0.14,0.084,0.5900000000000001,1769.25,68346.1275,3.1649612403100775,-7.628447552447553,-7.621328671328672,0.2264808362369338,7,1,2
Thai,25313,Lotus Diner,Full-service,CBD,0.99,36.98,1561,387,14311.26,587,352,235,21707.26,13016.96,8690.3,0.350269815477077,0.54885011499282,0.33,5,1.48,347.8,1443.72,-4973.57,-2982.44,528.88,0.33,0.5,0.3,0.2,-5983.409999999999,-3.8330621396540674,0.24791800128122998,0.376040999359385,0.22549647661755284,0.15054452274183214,0.350269815477077,0.54885011499282,0.8991199304698969,0.165,0.099,0.296,1545.3899999999999,57148.5222,3.7209278350515467,-8.45845238095238,-8.448838526912182,2.2410169491525425,7,1,0
Thai,26081,Lotus Grill,Cafe,North Shore,1.03,30.92,865,71,2195.32,397,238,159,12275.24,7358.96,4916.28,0.261253972500563,0.383562794397585,0.3,17,5.02,798.18,779.74,677.39,406.09,948.0,0.09,0.5,0.3,0.2,2811.2200000000003,3.2499653179190755,0.08208092485549134,0.45895953757225433,0.27514450867052026,0.1838150289017341,0.261253972500563,0.383562794397585,0.6448167668981479,0.15,0.09,1.004,890.95,27548.174,10.829722222222223,1.7019849246231156,1.6991213389121338,5.925,7,0,1
Thai,25921,Red Bistro,Full-service,CBD,0.99,33.68,1135,219,7375.92,458,275,183,15425.44,9262.0,6163.44,0.358628504048102,0.451201858278364,0.31,10,2.95,539.85,1402.68,-1848.44,-1109.87,632.25,0.24,0.5,0.3,0.2,-923.3799999999999,-0.8135506607929515,0.19295154185022026,0.40352422907488983,0.24229074889867838,0.16123348017621142,0.358628504048102,0.451201858278364,0.809830362326466,0.155,0.093,0.5900000000000001,1123.65,37844.532,6.3758181818181825,-4.027102396514161,-4.0212681159420285,3.436141304347826,7,1,0
Thai,25842,Lotus Tavern,Full-service,West Auckland,1.04,38.56,1900,438,16889.28,731,439,292,28187.36,16927.84,11259.52,0.389111204701476,0.543804642232135,0.3,7,2.07,604.44,1133.0,-6565.28,-3942.76,150.9,0.3,0.5,0.3,0.2,-9224.140000000001,-4.85481052631579,0.23052631578947366,0.38473684210526315,0.23105263157894737,0.15368421052631578,0.389111204701476,0.543804642232135,0.932915846933611,0.15,0.09,0.414,1976.0,76194.56,2.580865603644647,-8.968961748633879,-8.960818181818182,0.5150170648464164,7,1,3
Thai,25236,Golden Grill,Cafe,CBD,0.99,39.5,1086,116,4582.0,485,291,194,19157.5,11494.5,7663.0,0.23497275615111,0.369798991899006,0.3,6,1.77,343.38,1810.94,1824.34,1094.6,2685.25,0.12,0.5,0.3,0.2,7415.129999999999,6.827928176795579,0.10681399631675875,0.44659300184162065,0.26795580110497236,0.17863720073664824,0.23497275615111,0.369798991899006,0.604771748050116,0.15,0.09,0.35400000000000004,1075.14,42468.03,15.478119658119658,3.7537860082304526,3.748630136986301,13.77051282051282,7,0,0
Thai,26423,Lotus House,Cafe,CBD,0.99,36.86,1349,133,4902.38,608,365,243,22410.88,13453.9,8956.98,0.256028139591217,0.353140121372417,0.28,12,3.54,860.22,1916.01,2483.84,1491.12,2640.45,0.11,0.5,0.3,0.2,8531.42,6.324255003706449,0.09859154929577466,0.4507042253521127,0.27057079318013344,0.18013343217197925,0.256028139591217,0.353140121372417,0.609168260963634,0.14,0.084,0.7080000000000001,1335.51,49226.8986,14.298582089552239,4.078555008210181,4.0740983606557375,10.821516393442622,7,0,0
Thai,25198,Dragon Cafe,Full-service,North Shore,1.03,40.46,1850,370,14970.2,740,444,296,29940.4,17964.24,11976.16,0.386763494659681,0.459050244092941,0.29,7,2.07,612.72,2308.2,-4066.32,-2439.79,1233.84,0.25,0.5,0.3,0.2,-2964.0699999999997,-1.6021999999999998,0.19999999999999998,0.39999999999999997,0.23999999999999996,0.15999999999999998,0.386763494659681,0.459050244092941,0.845813738752622,0.145,0.087,0.414,1905.5,77096.53000000001,6.221563342318059,-5.487611336032389,-5.482674157303371,4.154343434343434,7,1,1
Thai,26639,Golden Bistro,QSR,CBD,0.99,37.71,1618,147,5543.37,736,441,294,27754.56,16630.11,11086.74,0.267845281902701,0.380784003227018,0.28,15,4.43,1302.42,1947.78,1980.86,1186.9,2593.14,0.1,0.5,0.3,0.2,7708.68,4.764326328800989,0.09085290482076638,0.45488257107540175,0.2725587144622991,0.18170580964153277,0.267845281902701,0.380784003227018,0.6486292851297191,0.14,0.084,0.886,1601.82,60404.6322,13.160675675675675,2.687734056987788,2.685294117647059,8.790305084745762,7,3,0
Thai,25685,Sakura Corner,Ghost Kitchen,South Auckland,1.05,31.57,1355,111,3504.27,622,373,249,19636.54,11775.61,7860.93,0.268727282772306,0.329294815403409,0.27,16,4.72,1175.28,1408.64,2591.59,1554.12,1984.64,0.09,0.5,0.3,0.2,7538.990000000001,5.563830258302583,0.08191881918819188,0.4590405904059041,0.2752767527675277,0.1837638376383764,0.268727282772306,0.329294815403409,0.598022098175715,0.135,0.081,0.944,1422.75,44916.2175,12.577142857142858,4.1598555377207065,4.1554010695187165,7.938560000000001,7,2,2
Thai,25808,Golden Tavern,Cafe,North Shore,1.03,34.21,1169,134,4584.14,518,310,207,17720.78,10605.1,7081.47,0.225179227944464,0.410976771847345,0.29,11,3.25,672.75,1667.91,1308.57,783.12,1903.8,0.13,0.5,0.3,0.2,5663.4,4.844653550042771,0.11462788708297691,0.4431137724550898,0.2651839178785287,0.17707442258340464,0.225179227944464,0.410976771847345,0.6361559997918089,0.145,0.087,0.65,1204.07,41191.2347,12.35488888888889,2.521329479768786,2.5180707395498394,9.152884615384615,7,0,1
Thai,25214,Lotus Tavern,Full-service,North Shore,1.03,37.89,1320,304,11518.56,508,305,203,19248.12,11556.45,7691.67,0.380722508241888,0.533049141638912,0.31,4,1.18,239.54,993.23,-4307.18,-2586.01,423.7,0.3,0.5,0.3,0.2,-5476.260000000001,-4.148681818181819,0.2303030303030303,0.38484848484848483,0.23106060606060605,0.15378787878787878,0.380722508241888,0.533049141638912,0.9137716498808001,0.155,0.093,0.236,1359.6000000000001,51515.244000000006,3.2564918032786885,-8.46204322200393,-8.451013071895426,2.076960784313725,7,1,1
Thai,25135,Sakura Cafe,Cafe,West Auckland,1.04,36.18,1261,114,4124.52,574,344,229,20767.32,12445.92,8285.22,0.269087496716529,0.398620193707757,0.32,17,5.02,1149.58,1370.55,255.28,152.99,1603.53,0.1,0.5,0.3,0.2,3382.35,2.682275971451229,0.09040444091990484,0.4551942902458366,0.2727993655828707,0.18160190325138775,0.269087496716529,0.398620193707757,0.667707690424286,0.16,0.096,1.004,1311.44,47447.89920000001,11.917826086956522,0.44396521739130435,0.4434492753623189,6.971869565217391,7,0,3
Thai,25203,Golden Kitchen,Cafe,North Shore,1.03,44.67,452,37,1652.79,208,124,83,9291.36,5539.08,3707.61,0.208990756869316,0.391666815057397,0.3,7,2.07,171.81,660.03,923.03,550.27,1308.8,0.09,0.5,0.3,0.2,3442.13,7.61533185840708,0.081858407079646,0.4601769911504424,0.27433628318584063,0.18362831858407078,0.208990756869316,0.391666815057397,0.600657571926713,0.15,0.09,0.414,465.56,20796.565200000005,17.36921052631579,4.416411483253588,4.40216,15.58095238095238,7,0,1
Thai,25338,Dragon Bistro,Full-service,North Shore,1.03,46.08,1209,293,13501.44,458,275,183,21104.64,12672.0,8432.64,0.361146417004056,0.466962073650211,0.32,3,0.89,162.87,2320.78,-3125.78,-1876.83,1286.63,0.32,0.5,0.3,0.2,-1395.1999999999998,-1.1540115798180313,0.24234904880066171,0.3788254755996691,0.22746071133167906,0.15136476426799006,0.361146417004056,0.466962073650211,0.828108490654267,0.16,0.096,0.17800000000000002,1245.27,57382.041600000004,7.893809523809525,-6.809978213507626,-6.800108695652174,6.992554347826087,7,1,1
Thai,26038,Red Kitchen,Cafe,CBD,0.99,42.85,1675,205,8784.25,735,441,294,31494.75,18896.85,12597.9,0.234117302410305,0.386677667917684,0.29,13,3.84,1128.96,3331.03,2809.49,1685.69,3648.23,0.14,0.5,0.3,0.2,11474.44,6.850411940298508,0.12238805970149254,0.4388059701492537,0.2632835820895522,0.1755223880597015,0.234117302410305,0.386677667917684,0.620794970327989,0.145,0.087,0.768,1658.25,71056.0125,16.170048543689322,3.8172418478260868,3.8137782805429867,12.366881355932204,7,0,0
Thai,25341,Golden Diner,Cafe,West Auckland,1.04,46.74,1656,136,6356.64,760,456,304,35522.4,21313.44,14208.96,0.248992300499231,0.362152523640543,0.32,6,1.77,538.08,2471.81,2445.9,1467.54,4987.15,0.09,0.5,0.3,0.2,11372.4,6.867391304347826,0.0821256038647343,0.45893719806763283,0.2753623188405797,0.18357487922705312,0.248992300499231,0.362152523640543,0.611144824139774,0.16,0.096,0.35400000000000004,1722.24,80497.4976,18.042408759124086,3.214060446780552,3.2112472647702406,16.351311475409833,7,0,3
Thai,26402,Golden Bistro,QSR,West Auckland,1.04,33.08,1596,131,4333.48,732,440,293,24214.56,14555.2,9692.44,0.204263630658388,0.401772221014835,0.32,14,4.13,1210.09,1707.24,1791.01,1076.56,2608.38,0.09,0.5,0.3,0.2,7183.19,4.500745614035088,0.08208020050125311,0.45864661654135336,0.2756892230576441,0.18358395989974935,0.204263630658388,0.401772221014835,0.606035851673223,0.16,0.096,0.8260000000000001,1659.8400000000001,54907.50720000001,12.933636363636364,2.4433969986357433,2.441179138321995,8.872040816326532,7,3,3
Thai,25209,Lotus Cafe,QSR,West Auckland,1.04,40.15,756,62,2489.3,347,208,139,13932.05,8351.2,5580.85,0.244963588509709,0.359863575082272,0.31,13,3.84,533.76,983.7,1186.63,711.3,1671.64,0.09,0.5,0.3,0.2,4553.27,6.022843915343916,0.082010582010582,0.45899470899470896,0.2751322751322751,0.18386243386243387,0.244963588509709,0.359863575082272,0.6048271635919811,0.155,0.093,0.768,786.24,31567.536000000004,15.614285714285716,3.4098563218390807,3.4033492822966505,11.940285714285714,7,3,3
Thai,25951,Sakura Grill,Cafe,CBD,0.99,32.74,1350,165,5402.1,592,356,237,19382.08,11655.44,7759.38,0.279972081128508,0.352566042984836,0.32,17,5.02,1189.74,1985.07,919.91,553.19,1661.54,0.14,0.5,0.3,0.2,5119.71,3.792377777777778,0.12222222222222223,0.4385185185185186,0.2637037037037037,0.17555555555555555,0.279972081128508,0.352566042984836,0.6325381241133441,0.16,0.096,1.004,1336.5,43757.01,11.958253012048193,1.551281618887015,1.5495518207282915,6.98126050420168,7,0,0
Thai,25588,Sakura Bistro,Full-service,CBD,0.99,31.28,1317,319,9978.32,499,299,200,15608.72,9352.72,6256.0,0.37516425056383,0.50182822458446,0.32,15,4.43,886.0,1227.41,-3074.8,-1842.42,-116.46,0.32,0.5,0.3,0.2,-3806.2700000000004,-2.8901063022019744,0.2422171602126044,0.3788914198936978,0.22703113135914957,0.15186028853454822,0.37516425056383,0.50182822458446,0.87699247514829,0.16,0.096,0.886,1303.83,40783.8024,3.8356562500000004,-6.1496,-6.1414,-0.5794029850746268,7,1,0
Thai,25723,Lotus Diner,Full-service,West Auckland,1.04,35.54,1278,247,8778.38,516,309,206,18338.64,10981.86,7321.24,0.380787803209387,0.522619983111508,0.28,15,4.43,912.58,847.92,-3363.45,-2014.16,-205.41,0.24,0.5,0.3,0.2,-4735.099999999999,-3.70508607198748,0.19327073552425666,0.403755868544601,0.2417840375586855,0.161189358372457,0.380787803209387,0.522619983111508,0.903407786320895,0.14,0.084,0.886,1329.1200000000001,47236.92479999999,3.419032258064516,-6.505705996131527,-6.497290322580645,-0.9923188405797101,7,1,3
Thai,25293,Dragon House,QSR,North Shore,1.03,34.17,1171,116,3963.72,528,316,211,18041.76,10797.72,7209.87,0.249835725575686,0.395018262113444,0.29,9,2.66,561.26,1407.7,1175.35,703.43,1999.3,0.11,0.5,0.3,0.2,5285.78,4.513902647309991,0.09906063193851408,0.45089666951323654,0.26985482493595214,0.18018787361229718,0.249835725575686,0.395018262113444,0.6448539876891299,0.145,0.087,0.532,1206.13,41213.462100000004,12.031623931623932,2.2218336483931944,2.2190220820189275,9.43066037735849,7,3,1
Thai,26575,Red Cafe,QSR,North Shore,1.03,40.54,713,87,3526.98,313,188,125,12689.02,7621.52,5067.5,0.227850398011506,0.357296079862863,0.28,11,3.25,406.25,1463.18,1711.16,1027.79,1696.02,0.14,0.5,0.3,0.2,5898.15,8.272300140252455,0.12201963534361851,0.43899018232819076,0.26367461430575034,0.1753155680224404,0.227850398011506,0.357296079862863,0.585146477874369,0.14,0.084,0.65,734.39,29772.1706,16.627045454545456,5.449554140127389,5.438042328042328,13.460476190476191,7,3,1
Thai,25915,Dragon Corner,QSR,West Auckland,1.04,35.71,661,54,1928.34,304,182,121,10855.84,6499.22,4320.91,0.259329587239772,0.445680566015653,0.29,17,5.02,607.42,568.84,54.17,32.43,667.2,0.09,0.5,0.3,0.2,1322.6399999999999,2.000968229954614,0.08169440242057488,0.4599092284417549,0.27534039334341903,0.18305597579425112,0.259329587239772,0.445680566015653,0.7050101532554249,0.145,0.087,1.004,687.44,24548.4824,10.342545454545455,0.1776065573770492,0.17721311475409837,5.468852459016394,7,3,3
Thai,25565,Red Bistro,Full-service,CBD,0.99,40.18,629,113,4540.34,258,155,103,10366.44,6227.9,4138.54,0.384402006084565,0.475210898020305,0.3,13,3.84,395.52,637.41,-1654.62,-994.05,185.48,0.22,0.5,0.3,0.2,-1825.7799999999997,-2.9026709062003175,0.17965023847376788,0.41017488076311603,0.24642289348171698,0.16375198728139903,0.384402006084565,0.475210898020305,0.8596129041048699,0.15,0.09,0.768,622.71,25020.487800000003,5.591315789473684,-6.388494208494208,-6.372115384615384,1.7834615384615384,7,1,0
Thai,25594,Golden Grill,QSR,South Auckland,1.05,31.8,801,79,2512.2,361,217,144,11479.8,6900.6,4579.2,0.243598114158958,0.448296406795271,0.32,12,3.54,509.76,774.02,-136.55,-82.08,901.12,0.11,0.5,0.3,0.2,1456.51,1.8183645443196006,0.09862671660424469,0.45068664169787764,0.27091136079900124,0.1797752808988764,0.243598114158958,0.448296406795271,0.691894520954229,0.16,0.096,0.7080000000000001,841.0500000000001,26745.39,9.67525,-0.37720994475138125,-0.3765137614678899,6.214620689655172,7,3,2
Thai,25311,Dragon Cafe,Cafe,West Auckland,1.04,42.59,1247,133,5664.47,557,334,223,23722.63,14225.06,9497.57,0.235793831255287,0.442919370369054,0.33,5,1.48,330.04,1819.92,-206.7,-123.95,2721.4,0.12,0.5,0.3,0.2,4210.67,3.3766399358460304,0.10665597433841219,0.4466720128307939,0.26784282277465915,0.1788291900561347,0.235793831255287,0.442919370369054,0.678713201624341,0.165,0.099,0.296,1296.88,55234.11920000001,13.581492537313434,-0.3704301075268817,-0.37,12.149107142857144,7,0,3
Thai,26413,Dragon Cafe,Full-service,North Shore,1.03,35.9,1185,229,8221.1,478,287,191,17160.2,10303.3,6856.9,0.390984164085239,0.477837195829488,0.33,5,1.48,282.68,1078.43,-3411.81,-2048.52,616.8,0.24,0.5,0.3,0.2,-3765.0999999999995,-3.1772995780590714,0.1932489451476793,0.4033755274261603,0.24219409282700416,0.16118143459915607,0.390984164085239,0.477837195829488,0.868821359914727,0.165,0.099,0.296,1220.55,43817.74500000001,4.688826086956522,-7.122776617954071,-7.112916666666667,3.2125,7,1,1
Thai,26485,Red Grill,Ghost Kitchen,CBD,0.99,31.58,1534,100,3158.0,717,430,287,22642.86,13579.4,9063.46,0.250799026736058,0.21826532818377,0.33,7,2.07,594.09,1676.69,4549.76,2728.59,4218.02,0.07,0.5,0.3,0.2,13173.060000000001,8.587392438070404,0.0651890482398957,0.46740547588005216,0.28031290743155146,0.18709256844850064,0.250799026736058,0.21826532818377,0.469064354919828,0.165,0.099,0.414,1518.66,47959.2828,16.600891089108913,6.336713091922006,6.330835266821346,14.64590277777778,7,2,0
Thai,25870,Lotus House,Cafe,CBD,0.99,33.31,694,74,2464.94,310,186,124,10326.1,6195.66,4130.44,0.266672136988491,0.393121137120761,0.3,12,3.54,438.96,838.59,415.18,249.11,966.24,0.12,0.5,0.3,0.2,2469.12,3.557809798270893,0.10662824207492796,0.44668587896253603,0.2680115273775216,0.1786743515850144,0.266672136988491,0.393121137120761,0.659793274109252,0.15,0.09,0.7080000000000001,687.06,22885.9686,11.1812,1.3349839228295821,1.3321390374331552,7.72992,7,0,0
Thai,25101,Sakura Corner,Cafe,South Auckland,1.05,35.34,516,63,2226.42,226,136,91,7986.84,4806.24,3215.94,0.251578906457871,0.360658101085573,0.31,11,3.25,295.75,863.32,621.08,373.75,951.27,0.14,0.5,0.3,0.2,2809.42,5.444612403100775,0.12209302325581396,0.43798449612403106,0.26356589147286824,0.17635658914728683,0.251578906457871,0.360658101085573,0.612237007543444,0.155,0.093,0.65,541.8000000000001,19147.212,13.489375,2.736035242290749,2.728102189781022,10.339891304347827,7,0,2
Thai,26327,Golden Corner,Cafe,West Auckland,1.04,38.9,1433,118,4590.2,658,394,263,25596.2,15326.6,10230.7,0.204770706277341,0.396094513707794,0.3,18,5.31,1396.53,1832.11,2537.47,1519.4,2686.9,0.09,0.5,0.3,0.2,8575.88,5.984563852058618,0.08234473133286811,0.45917655268667135,0.2749476622470342,0.1835310537334264,0.204770706277341,0.396094513707794,0.600865219985135,0.15,0.09,1.062,1490.3200000000002,57973.448,15.395882352941175,3.8504855842185126,3.846582278481013,10.177651515151515,7,0,3
Thai,25978,Lotus Kitchen,QSR,South Auckland,1.05,38.31,792,84,3218.04,354,212,142,13561.74,8121.72,5440.02,0.211391042992473,0.430094910576008,0.3,10,2.95,418.9,1153.71,793.55,475.23,1531.42,0.12,0.5,0.3,0.2,3953.91,4.992310606060606,0.10606060606060606,0.44696969696969696,0.2676767676767677,0.1792929292929293,0.211391042992473,0.430094910576008,0.641485953568481,0.15,0.09,0.5900000000000001,831.6,31858.596,13.573058823529411,2.2353521126760563,2.2311267605633804,10.70923076923077,7,3,2
Thai,26290,Dragon Corner,Cafe,South Auckland,1.05,43.61,1194,98,4273.78,548,329,219,23898.28,14347.69,9550.59,0.274733711369336,0.351069266162813,0.32,4,1.18,258.42,1599.24,1295.22,777.6,3315.38,0.09,0.5,0.3,0.2,6987.4400000000005,5.85212730318258,0.08207705192629816,0.45896147403685095,0.27554438860971525,0.1834170854271357,0.274733711369336,0.351069266162813,0.625802977532149,0.16,0.096,0.236,1253.7,54673.856999999996,16.153939393939392,2.3592349726775956,2.3563636363636364,15.069909090909091,7,0,2
Thai,26396,Lotus House,Full-service,CBD,0.99,30.74,1746,433,13310.42,656,394,263,20165.44,12111.56,8084.62,0.38678893026663,0.52787255498115,0.32,11,3.25,854.75,1135.89,-4732.05,-2842.12,-164.82,0.33,0.5,0.3,0.2,-6603.099999999999,-3.78184421534937,0.2479954180985109,0.3757159221076746,0.22565864833906069,0.15063001145475372,0.38678893026663,0.52787255498115,0.9146614852477801,0.16,0.096,0.65,1728.54,53135.3196,2.6172580645161294,-7.202511415525114,-7.195240506329114,-0.6243181818181818,7,1,0
Thai,26071,Golden Corner,Full-service,North Shore,1.03,40.31,1451,335,13503.85,558,335,223,22492.98,13503.85,8989.13,0.385566011711489,0.471848599566147,0.31,17,5.02,1119.46,1925.45,-3765.65,-2260.74,162.26,0.3,0.5,0.3,0.2,-3938.6799999999994,-2.714458993797381,0.2308752584424535,0.38456237077877325,0.2308752584424535,0.15368711233631976,0.385566011711489,0.471848599566147,0.857414611277636,0.155,0.093,1.004,1494.53,60244.5043,5.730505952380953,-6.736404293381038,-6.728392857142857,0.724375,7,1,1
Thai,25848,Dragon Diner,QSR,West Auckland,1.04,43.98,704,58,2550.84,323,194,129,14205.54,8532.12,5673.42,0.260760234650224,0.382037406414747,0.31,15,4.43,571.47,911.17,670.53,402.74,1455.09,0.09,0.5,0.3,0.2,3439.5299999999997,4.885696022727273,0.08238636363636365,0.45880681818181823,0.2755681818181819,0.18323863636363638,0.260760234650224,0.382037406414747,0.642797641064971,0.155,0.093,0.886,732.1600000000001,32200.3968,15.443559322033897,2.069537037037037,2.0653333333333332,11.193,7,3,3
Thai,25151,Sakura House,Full-service,CBD,0.99,43.54,754,178,7750.12,288,173,115,12539.52,7532.42,5007.1,0.382122564758174,0.49737748731859,0.31,12,3.54,407.1,933.89,-2376.24,-1427.39,196.26,0.31,0.5,0.3,0.2,-2673.4799999999996,-3.5457294429708215,0.2360742705570292,0.3819628647214855,0.22944297082228118,0.15251989389920428,0.382122564758174,0.49737748731859,0.879500052076764,0.155,0.093,0.7080000000000001,746.46,32500.868399999996,5.217262569832402,-8.22228373702422,-8.203390804597701,1.6918965517241378,7,1,0
Thai,25970,Red Grill,Cafe,West Auckland,1.04,44.75,1487,182,8144.5,652,392,261,29177.0,17542.0,11679.75,0.254748364854604,0.358959943195805,0.29,13,3.84,1002.24,3146.15,2809.5,1689.15,3509.55,0.14,0.5,0.3,0.2,11154.349999999999,7.501244115669132,0.12239408204438466,0.43846671149966376,0.2636180228648285,0.17552118359112306,0.254748364854604,0.358959943195805,0.613708308050409,0.145,0.087,0.768,1546.48,69204.98,17.19207650273224,4.302450229709035,4.298091603053435,13.395229007633588,7,0,3
Thai,26281,Dragon Grill,QSR,South Auckland,1.05,41.14,1111,127,5224.78,492,295,197,20240.88,12136.3,8104.58,0.278928129058331,0.411105664283968,0.28,16,4.72,929.84,1619.51,606.54,363.68,1582.31,0.13,0.5,0.3,0.2,4172.04,3.7552115211521153,0.1143114311431143,0.44284428442844287,0.2655265526552655,0.1773177317731773,0.278928129058331,0.411105664283968,0.690033793342299,0.14,0.084,0.944,1166.55,47991.867000000006,12.652421875,1.2303042596348883,1.2286486486486488,7.991464646464646,7,3,2
Thai,25302,Lotus Diner,QSR,West Auckland,1.04,38.7,643,47,1818.9,298,179,119,11532.6,6927.3,4605.3,0.260166933685541,0.37240848634392,0.33,11,3.25,386.75,668.31,431.6,259.25,1305.35,0.08,0.5,0.3,0.2,2664.5099999999998,4.143872472783825,0.07309486780715398,0.46345256609642305,0.2783825816485226,0.1850699844479005,0.260166933685541,0.37240848634392,0.632575420029461,0.165,0.099,0.65,668.72,25879.464,13.923124999999999,1.4434782608695653,1.4402777777777778,10.877916666666666,7,3,3
Thai,26314,Red Corner,QSR,West Auckland,1.04,35.07,1689,194,6803.58,748,448,299,26232.36,15711.36,10485.93,0.266547035556287,0.411295226425864,0.27,15,4.43,1324.57,2191.83,1368.22,819.47,2053.55,0.13,0.5,0.3,0.2,6433.070000000001,3.808804026050918,0.11486086441681467,0.4428656009473061,0.26524570751924215,0.17702782711663706,0.266547035556287,0.411295226425864,0.677842261982151,0.135,0.081,0.886,1756.5600000000002,61602.5592,11.240153846153845,1.826728971962617,1.8251002227171493,6.8451666666666675,7,3,3
Thai,26260,Sakura Corner,Cafe,South Auckland,1.05,34.44,1205,119,4098.36,543,326,217,18700.92,11227.44,7473.48,0.269214967098087,0.356105331284925,0.31,18,5.31,1152.27,1535.57,1209.57,726.19,1647.89,0.11,0.5,0.3,0.2,5119.22,4.248315352697095,0.0987551867219917,0.45062240663900416,0.27053941908713697,0.18008298755186722,0.269214967098087,0.356105331284925,0.625320298383012,0.155,0.093,1.062,1265.25,43575.21,12.796416666666666,2.223474264705882,2.220764525993884,7.5591284403669725,7,0,2
Thai,25922,Sakura Grill,QSR,West Auckland,1.04,45.65,809,93,4245.45,358,215,143,16342.7,9814.75,6527.95,0.246918834149838,0.365987624414265,0.31,17,5.02,717.86,1643.39,1259.92,756.65,1809.07,0.13,0.5,0.3,0.2,5469.030000000001,6.7602348578491975,0.11495673671199011,0.442521631644005,0.2657601977750309,0.17676143386897405,0.246918834149838,0.365987624414265,0.6129064585641031,0.155,0.093,1.004,841.36,38408.084,17.482872340425534,3.5095264623955433,3.503009259259259,12.56298611111111,7,3,3
Thai,25647,Sakura Kitchen,Full-service,West Auckland,1.04,36.37,1227,245,8910.65,491,295,196,17857.67,10729.15,7128.52,0.395507183438167,0.525198788824491,0.28,6,1.77,346.92,706.56,-3584.14,-2153.4,218.33,0.25,0.5,0.3,0.2,-4812.65,-3.922290138549307,0.19967400162999183,0.400162999185004,0.24042379788101056,0.15973920130399347,0.395507183438167,0.525198788824491,0.920705972262658,0.14,0.084,0.35400000000000004,1276.0800000000002,46411.02960000001,2.8721951219512194,-7.284837398373983,-7.275,1.108274111675127,7,1,3
Thai,26412,Lotus Bistro,Ghost Kitchen,North Shore,1.03,45.81,487,31,1420.11,228,137,91,10444.68,6275.97,4168.71,0.256343027215917,0.218021783290897,0.3,17,5.02,456.82,746.46,2356.69,1416.08,1734.4,0.07,0.5,0.3,0.2,6253.629999999999,12.84112936344969,0.06365503080082134,0.4681724845995893,0.2813141683778234,0.1868583162217659,0.256343027215917,0.218021783290897,0.474364810506814,0.15,0.09,1.004,501.61,22978.754100000002,23.326875,10.29122270742358,10.261449275362319,18.85217391304348,7,2,1
Thai,26275,Dragon Bistro,Ghost Kitchen,North Shore,1.03,44.2,956,62,2740.4,447,268,179,19757.4,11845.6,7911.8,0.288360495201778,0.223345705796964,0.3,17,5.02,898.58,1338.12,3720.2,2230.45,2964.7,0.07,0.5,0.3,0.2,10253.47,10.725387029288703,0.06485355648535564,0.4675732217573222,0.28033472803347276,0.18723849372384935,0.288360495201778,0.223345705796964,0.511706200998742,0.15,0.09,1.004,984.6800000000001,43522.85600000001,21.24,8.304017857142856,8.291635687732342,16.470555555555556,7,2,1
Thai,26454,Dragon Corner,QSR,South Auckland,1.05,44.72,758,62,2772.64,348,209,139,15562.56,9346.48,6216.08,0.240116411745548,0.410383798158728,0.32,5,1.48,205.72,969.04,459.09,275.72,1966.8,0.09,0.5,0.3,0.2,3670.6499999999996,4.84254617414248,0.08179419525065962,0.45910290237467016,0.2757255936675461,0.183377308707124,0.240116411745548,0.410383798158728,0.650500209904276,0.16,0.096,0.296,795.9,35592.648,15.3815873015873,1.3154441260744985,1.312952380952381,14.048571428571428,7,3,2
Thai,25699,Golden Corner,Cafe,North Shore,1.03,36.98,1084,124,4585.52,480,288,192,17750.4,10650.24,7100.16,0.27414901977405,0.380040635610931,0.28,5,1.48,284.16,1585.72,1168.16,700.9,2171.15,0.13,0.5,0.3,0.2,5625.93,5.189972324723247,0.1143911439114391,0.4428044280442804,0.2656826568265682,0.17712177121771214,0.27414901977405,0.380040635610931,0.654189655384981,0.14,0.084,0.296,1116.52,41288.909600000006,12.68576,2.428607068607069,2.425259515570934,11.249481865284974,7,0,1
Thai,26388,Lotus Grill,Full-service,West Auckland,1.04,33.91,1284,186,6307.26,549,329,220,18616.59,11156.39,7460.2,0.36204373948276,0.524470240133815,0.28,15,4.43,974.6,715.79,-3099.92,-1857.69,-127.97,0.17,0.5,0.3,0.2,-4369.79,-3.4032632398753893,0.14485981308411217,0.427570093457944,0.2562305295950156,0.17133956386292837,0.36204373948276,0.524470240133815,0.8865139796165751,0.14,0.084,0.886,1335.3600000000001,45282.05759999999,3.827754010695187,-5.636218181818182,-5.629363636363636,-0.5790497737556561,7,1,3
